tree
version=v4
num_class=1
num_tree_per_iteration=1
label_index=0
max_feature_idx=16
objective=binary sigmoid:1
feature_names=name_token_set name_token_sort name_ratio name_exact name_jaccard name_ngram_jaccard name_len_diff addr_token_set addr_token_sort addr_ratio addr_jaccard num_overlap has_matching_digits addr_missing addr_len_diff composite_score is_s2
feature_infos=[0:1] [0:1] [0:1] [0:1] [0:1] [0:1] [0:0.97222220897674561] [0:1] [0:1] [0:1] [0:1] [0:1] [0:1] [0:1] [0:1] [0:1] [0:1]
tree_sizes=3390 3447 3433 3431 3453 3457 3461 3462 3469 3462 3464 3461 3484 3498 3468 3476 3498 3486 3488 3484 3485 3483 3486 3502 3472 3490 3482 3483 3516 3492 3493 3507 3502 3501 3523 3513 3505 3516 3522 3512 3507 3506 3498 3494 3504 3508 3515 3513 3519 3500 3489 3521 3508 3519 3523 3527 3494 3543 3513 3539 3507 3522 3530 3547 3520 3525 3536 3532 3518 3512 3531 3534 3528 3545 3539 3549 3530 3537 3525 3517 3515 3524 3539 3536 3534 3491 3513 3535 3506 3552 3536 3501 3521 3517 3492 3489 3498 3520 3527 3469 3485 3504 3506 3564 3514 3525 3518 3494 3486 3520 3534 3511 3544 3532 3502 3491 3499 3492 3528 3496 3493 3525 3518 3498 3487 3518 3480 3534 3514 3494 3480 3506 3491 3519 3515 3502 3454 3524 3507 3503 3507 3518 3510 3507 3471 3498 3530 3492 3464 3507 3520 3510 3547 3505 3525 3494 3490 3437 3489 3535 3464 3478 3458 3479 3528 3519 3505 3522 3523 3521 3514 3502 3469 3480 3542 3478 3492 3498 3530 3495

Tree=0
num_leaves=31
num_cat=0
split_feature=15 10 10 1 10 2 1 5 15 16 11 1 1 10 11 1 0 4 11 2 10 2 15 14 10 1 4 4 16 11
split_gain=655605 67699.9 26755.8 4979.89 3821.71 3889.82 3049.79 7387.11 2100.58 2058.45 1908.33 1399.39 1290.85 1169.34 871.266 995.995 789.363 645.697 475.305 409.75 390.155 389.278 383.915 371.547 973.224 291.803 230.33 219.802 214.091 206.372
threshold=0.79251840710639965 0.53589746356010448 0.061553031206130988 0.8521554470062257 0.36939570307731634 0.66312056779861461 0.19433516263961795 0.14962686598300937 0.72835320234298717 1.0000000180025095e-35 0.087121214717626586 0.16784037649631503 0.78830561041831981 0.77097901701927196 0.47222222387790685 0.89009663462638866 0.94804319739341747 0.10555555671453477 0.13392857462167743 0.7320508360862733 0.61324787139892589 0.26158231496810919 0.82427215576171886 0.5534847378730775 0.21807064861059192 0.92907443642616283 0.87301588058471691 0.6904762089252473 1.0000000180025095e-35 0.11805555596947671
decision_type=2 2 2 2 2 2 2 2 2 2 2 2 2 2 2 2 2 2 2 2 2 2 2 2 2 2 2 2 2 2
left_child=1 4 3 16 8 10 20 13 23 12 17 -12 -10 18 15 22 -2 -6 -8 28 -3 -15 29 -1 -25 27 -24 -5 -7 -4
right_child=2 6 14 25 5 19 7 -9 9 -11 11 -13 -14 21 -16 -17 -18 -19 -20 -21 -22 -23 26 24 -26 -27 -28 -29 -30 -31
leaf_value=-2.2971051913246905 -2.1963321050975448 -1.6670361730264398 -1.6357803215801985 -1.8598358103617547 -1.4005800394472345 -1.6048616638022692 -1.4396061732173004 -1.4574952992651378 -2.0642608355612038 -2.2556209407375283 -2.0168920712573186 -2.2558152502399573 -1.5784456905928346 -1.5729194461758458 -1.4050141321537883 -1.4213735235094198 -1.959152775053286 -2.0169052027191969 -2.1531605340369917 -1.4396061732173004 -1.4556350804995084 -1.9175528114772848 -1.5594442398216823 -2.2832850261717623 -2.1320379660431463 -1.6492596820115726 -1.4107453970543866 -1.6540011084641471 -2.0645589181105475 -1.9549807044749354
leaf_weight=64911.597714945674 264.70556482672691 65.151436999440193 33.333293348550797 103.29755879938602 24.86628033220768 12.923335656523705 6.1497252434492102 269.8748990893364 88.235188275575638 229.32236306369305 196.52382843196392 777.98480652272701 58.021320775151253 33.422419801354408 4889.3880743533373 850.26635974645615 135.91784052550793 19.340440258383751 209.62541699409485 47.147893533110619 392.33464524149895 56.327918171882629 436.09573356807232 3045.0943864881992 299.01924915611744 217.46854484081268 78.69865782558918 48.930422589182854 13.012462109327316 21.212095767259598
leaf_count=728309 2970 731 374 1159 279 145 69 3028 990 2573 2205 8729 651 375 54859 9540 1525 217 2352 529 4402 632 4893 34166 3355 2440 883 549 146 238
internal_value=-2.2094 -2.28284 -1.47538 -1.92047 -2.29236 -2.14387 -1.63991 -1.76248 -2.29473 -2.10605 -2.18431 -2.20763 -1.87153 -2.03189 -1.42103 -1.47621 -2.11587 -1.67022 -2.13282 -1.5801 -1.48574 -1.78921 -1.5581 -2.29577 -2.26976 -1.70872 -1.53671 -1.79367 -1.8355 -1.75991
internal_weight=77835.3 70756 7079.31 770.32 69723.1 1091.8 1032.89 575.4 68631.3 375.579 1018.72 974.509 146.257 305.525 6308.99 1419.61 400.623 44.2067 215.775 73.0837 457.486 89.7503 569.34 68255.7 3344.11 369.697 514.794 152.228 25.9358 54.5454
internal_count=873313 793883 79430 8643 782294 12250 11589 6456 770044 4214 11430 10934 1641 3428 70787 15928 4495 496 2421 820 5133 1007 6388 765830 37521 4148 5776 1708 291 612
is_linear=0
shrinkage=1


Tree=1
num_leaves=31
num_cat=0
split_feature=7 2 1 7 7 10 11 11 1 7 0 7 0 1 4 6 2 2 11 10 0 8 6 2 10 1 11 7 11 4
split_gain=334243 12632.3 7010.56 12397.1 11217 6854.19 2281.57 1874.83 846.513 834.803 2549.19 749.934 1368.5 734.964 867.506 843.667 580.456 479.42 461.832 388.502 373.763 1119.07 444.758 497.85 291.609 255.454 179.363 204.409 173.493 152.008
threshold=0.78969484567642223 0.51191151142120372 0.8521554470062257 0.57750242948532116 1.0000000180025095e-35 0.60434782505035411 0.095454547554254546 0.63333335518836986 0.23132664710283282 0.70814895629882824 0.77015754580497753 1.0000000180025095e-35 0.92403846979141246 0.23132664710283282 0.15476191043853763 0.54616478085517894 0.74239632487297069 0.21132376790046695 0.30384616553783422 0.10762548446655275 0.77015754580497753 0.73980519175529491 0.47114317119121557 0.70396453142166149 0.36939570307731634 0.73546314239501964 0.23611111193895343 0.63842603564262401 0.087121214717626586 0.64583334326744091
decision_type=2 2 2 2 2 2 2 2 2 2 2 2 2 2 2 2 2 2 2 2 2 2 2 2 2 2 2 2 2 2
left_child=2 5 9 4 -4 6 24 17 -9 11 16 12 25 -7 15 -15 28 -8 -6 -20 21 22 23 -3 -2 -1 27 -5 -11 -14
right_child=1 20 3 26 18 13 7 8 -10 10 -12 -13 29 14 -16 -17 -18 -19 19 -21 -22 -23 -24 -25 -26 -27 -28 -29 -30 -31
leaf_value=-0.070617935227893294 0.77396825048746776 0.030054499125765157 0.30992847876422469 0.12936719160825222 -0.086276743498325634 0.38990089565471608 0.052326820290751766 0.31992794862024876 0.053789164192525302 0.10366915321183549 0.32211889134606375 -0.086921607195949768 0.086903780015133297 0.052234089648208616 0.41402970632406477 0.38641683014847689 0.45248037642927202 -0.063378639942567955 -0.02129415003532615 0.51752770797491243 0.40153581922663495 0.38870383019570015 0.56382320846304512 0.37859306832007267 0.40511094089866351 0.045943333733368362 0.41429865354184187 0.35783952090477678 -0.067019759117925015 0.2388792514781973
leaf_weight=1092.9101330041885 17.524819813668728 110.53564078360796 538.65633772313595 31.302237570285797 3334.4551875889301 730.13979239761829 416.20653537660837 191.35432178527117 127.42234922200441 39.272796615958214 124.33501394838095 58113.508187666535 68.818991497159004 156.82549800723791 130.71899901330471 69.897510871291161 14.186588428914545 510.0446192920208 20.369942985475063 14.776668831706045 10115.087503559887 764.98043346405029 15.485120229423044 34.388730756938457 63.133892595767975 135.22091528773308 370.95327351242304 125.71214692294598 1288.3011976033449 108.57504725456238
leaf_count=12814 199 1136 4145 284 40141 4853 4415 1863 1370 425 917 699384 653 1486 860 577 122 5811 245 171 64454 5208 147 266 431 1499 2420 839 15170 1008
internal_value=-0.00231141 0.360841 -0.0769929 0.0201054 -0.0290481 0.195035 0.0729179 0.0462049 0.213546 -0.0840561 -0.0244189 -0.0855251 -0.0277829 0.343887 0.249894 0.155261 -0.056531 -0.0113869 -0.0832361 0.205242 0.397084 0.348419 0.156302 0.112758 0.485253 -0.0577842 0.383962 0.312291 -0.0619704 0.179921
internal_weight=78875.1 13453.7 65421.4 4436.23 3908.26 2413.27 1325.69 1245.03 318.777 60985.1 1466.1 59519 1405.53 1087.58 357.442 226.723 1341.76 926.251 3369.6 35.1466 11040.5 925.39 160.409 144.924 80.6587 1228.13 527.968 157.014 1327.57 177.394
internal_count=873313 93076 780237 48245 44702 21865 14089 13459 3233 731992 16634 715358 15974 7776 2923 2063 15717 10226 40557 416 71211 6757 1549 1402 630 14313 3543 1123 15595 1661
is_linear=0
shrinkage=0.08


Tree=2
num_leaves=31
num_cat=0
split_feature=7 15 5 7 1 1 11 11 6 11 15 16 16 1 11 0 15 8 11 2 5 1 11 5 11 4 6 4 1 16
split_gain=240963 22868.2 8471.83 4532.57 1964.29 1007.27 977.62 1199.52 865.698 725.803 593.14 643.146 582.405 423.884 373.624 346.126 311.852 274.579 236.406 213.844 353.888 200.86 160.577 297.581 541.865 202.495 154.169 126.28 122.502 112.342
threshold=0.77826943993568432 0.75880110263824474 0.20722186565399173 0.90206736326217662 0.79805827140808117 0.22401433438062671 0.63333335518836986 0.11805555596947671 0.21807064861059192 0.30384616553783422 0.70402085781097423 1.0000000180025095e-35 1.0000000180025095e-35 0.21132376790046695 0.41428571939468389 0.94804319739341747 0.72835320234298717 0.22969662398099902 0.10555555671453477 0.24068965017795566 0.069971442222595229 0.89009663462638866 0.47222222387790685 0.37965516746044164 0.10555555671453477 0.2264957278966904 0.61602565646171581 0.19090909510850909 0.80217391252517711 1.0000000180025095e-35
decision_type=2 2 2 2 2 2 2 2 2 2 2 2 2 2 2 2 2 2 2 2 2 2 2 2 2 2 2 2 2 2
left_child=1 10 3 5 9 8 7 -5 12 15 -1 14 -2 -9 28 29 26 21 -10 -8 -21 -6 23 24 -4 -26 -7 -16 -12 -3
right_child=2 4 22 6 17 16 19 13 18 -11 11 -13 -14 -15 27 -17 -18 -19 -20 20 -22 -23 -24 -25 25 -27 -28 -29 -30 -31
leaf_value=-0.085960452914641106 0.37233844831472118 0.060525960666654222 0.29324741155788958 0.32433498764913693 0.15829835585668764 -0.07107593630032033 0.29081974313946191 0.13968338685000478 0.35129692183789846 0.32616934432271349 -0.0088827295087782181 -0.062330125716258407 0.12115907444221172 -0.02000206229440607 0.10219674433593907 0.13672907001235604 0.27898168860600708 0.29084530736217362 -0.030685961255162084 0.12375391812735476 0.29901272696274961 0.24562181054725352 0.2968812421845754 0.28370590136020229 -0.0052825459950036355 0.24314423123514611 0.077853676111555248 0.42321562259019763 0.17692625703944956 -0.043128326949820946
leaf_weight=58836.103231661022 83.015448428690434 94.564637653529644 148.96817982941866 167.68877574056387 246.63477785140276 563.3255178257823 796.66119990497828 253.34120630472898 10.869878612458704 61.117330454289913 58.799168862402439 259.97469384223223 204.90154954046011 183.41086526215076 10.306302331387995 142.75146146863699 17.951289050281048 575.50412855297327 225.17324412614107 147.98190481960773 146.97011351585388 532.69893978536129 10841.466648742557 2730.7963261604309 81.286788873374462 28.313167631626129 48.299387186765671 32.805513456463814 36.996866822242737 228.89702005684376
leaf_count=760024 652 999 867 908 1951 6583 4516 2060 62 396 662 3167 1888 1894 105 1145 127 3099 2264 1239 857 3303 55609 14367 706 184 519 245 312 2603
internal_value=-0.00302472 -0.0765783 0.266476 0.140871 0.197948 0.018529 0.224079 0.142456 0.100474 0.0669496 -0.0853013 0.0119239 0.193582 0.0726246 0.150895 0.0329676 -0.0496692 0.248935 -0.0130955 0.269275 0.211083 0.217987 0.292355 0.275939 0.193911 0.058894 -0.0593151 0.346473 0.0628776 -0.0128248
internal_weight=77797.6 61117.2 16680.4 2849.59 1882.17 1153.54 1696.05 604.441 523.96 527.33 59235 398.883 287.917 436.752 138.908 466.213 629.576 1354.84 236.043 1091.61 294.952 779.334 13830.8 2989.36 258.568 109.6 611.625 43.1118 95.796 323.462
internal_count=873313 778011 95302 23569 13496 12095 11474 4862 4866 5143 764515 4491 2540 3954 1324 4747 7229 8353 2326 6612 2096 5254 71733 16124 1757 890 7102 350 974 3602
is_linear=0
shrinkage=0.08


Tree=3
num_leaves=31
num_cat=0
split_feature=7 15 5 10 1 11 2 6 1 6 4 0 4 11 11 11 15 11 4 1 5 10 4 6 4 6 5 7 5 11
split_gain=189612 17633.3 6361.54 3927.3 1807.69 1141.47 887.218 992.813 507.864 475.547 499.476 450.597 294.191 255.179 175.591 173.164 167.671 178.683 169.362 166.883 134.439 479.277 184.303 230.086 120.146 107.222 95.2596 86.7561 392.705 98.6405
threshold=0.76609560847282421 0.72835320234298717 0.20722186565399173 0.55902779102325451 0.78830561041831981 0.087121214717626586 0.21132376790046695 0.21807064861059192 0.21680375933647159 0.48863048851490026 0.15476191043853763 0.92637759447097789 0.2264957278966904 0.30384616553783422 0.47222222387790685 0.30384616553783422 0.68625652790069591 0.58571431040763866 0.2264957278966904 0.88185444474220287 0.37965516746044164 0.42481203377246862 0.2264957278966904 0.41048535704612737 0.15476191043853763 0.2522727251052857 0.63525497913360607 0.68500718474388134 0.34178434312343603 0.087121214717626586
decision_type=2 2 2 2 2 2 2 2 2 2 2 2 2 2 2 2 2 2 2 2 2 2 2 2 2 2 2 2 2 2
left_child=1 16 3 5 11 -2 7 -7 25 10 -10 14 -8 19 -3 -13 27 -18 -19 26 21 22 23 -4 -16 -5 -6 -1 29 -29
right_child=2 4 20 8 13 6 12 -9 9 -11 -12 15 -14 -15 24 -17 17 18 -20 -21 -22 -23 -24 -25 -26 -27 -28 28 -30 -31
leaf_value=-0.08598581540132498 0.26988483705052368 -0.025270349526281204 -0.023858666119572099 0.24671375383948932 0.069672218759543519 0.14953789181559926 -0.061730938882446802 -0.037098259613831036 0.010780755286493913 0.22417267279406139 0.26457996886673274 0.10036335543586251 0.31908422746142734 0.24846788792951988 -0.06039426347632653 0.29731819565159462 -0.045516051029915856 0.018611125664171266 0.48360771446458523 0.19405509856230199 0.23897676977016505 0.23139744712313545 0.20712211808994524 0.27862651313457132 0.26679596545626444 0.18517441075953617 0.1610704485184517 0.076977858516017197 0.43767993456539728 -0.072291188802260709
leaf_weight=53117.393271073699 113.07091680169106 404.98563899099827 94.179432861506939 844.56045987457037 121.62895435839891 419.06148383021355 738.03551193326712 323.02062448114157 220.52096140384674 221.71972930431366 64.037818625569344 159.71724861115217 13.21565657109022 416.13273991644382 10.418090932071207 34.793285228312016 357.09926857799292 13.414624549448492 8.0040798261761648 806.84718345105648 14527.902156695724 1045.891762830317 54.204661332070827 19.410942241549492 23.128859288990498 230.69510490447283 182.46947365999222 28.978516049683094 9.8654005974531156 1272.3410759493709
leaf_count=738040 612 4667 840 3995 982 3545 9098 3219 1904 1298 326 1218 109 1956 109 193 4712 166 67 4382 66192 5007 321 136 154 1162 1225 348 84 17246
internal_value=-0.00338871 -0.0762788 0.215969 0.112914 0.147915 0.0248104 0.00625403 0.0682971 0.202403 0.136336 0.0678964 0.0342501 -0.0550318 0.195035 -0.0107008 0.135594 -0.085115 -0.0320546 0.192378 0.17502 0.23684 0.211261 0.0857498 0.0278316 0.165186 0.233511 0.124514 -0.085484 -0.0651552 -0.0689672
internal_weight=75896.7 56967.2 18929.5 3187.94 2160.12 1606.4 1493.33 742.082 1581.53 506.279 284.559 633.043 751.251 1527.08 438.533 194.511 54807.1 378.518 21.4187 1110.95 15741.6 1213.69 167.795 113.59 33.547 1075.26 304.098 54428.6 1311.18 1301.32
internal_count=873313 775549 97764 25268 14886 16583 15971 6764 8685 3528 2230 6341 9207 8545 4930 1411 760663 4945 233 6589 72496 6304 1297 976 263 5157 2207 755718 17678 17594
is_linear=0
shrinkage=0.08


Tree=4
num_leaves=31
num_cat=0
split_feature=7 15 5 10 1 1 16 1 6 5 0 6 10 4 6 15 16 16 12 1 5 8 16 1 12 6 8 10 10 7
split_gain=155643 15406.8 4637.01 2884.53 1310.14 854.816 761.967 545.206 469.061 443.976 310.802 263.424 236.297 222.414 181.174 168.413 239.924 159.036 158.61 142.359 130.213 403.106 199.824 127.626 235.562 110.012 117.917 107.85 104.101 89.8122
threshold=0.76609560847282421 0.72835320234298717 0.18624359369277957 0.53589746356010448 0.76506900787353527 0.22401433438062671 1.0000000180025095e-35 0.25158227980136877 0.21807064861059192 0.069971442222595229 0.92637759447097789 0.28035087883472448 0.19292803853750232 0.2264957278966904 0.46470099687576299 0.68625652790069591 1.0000000180025095e-35 1.0000000180025095e-35 1.0000000180025095e-35 0.89009663462638866 0.37965516746044164 0.73980519175529491 1.0000000180025095e-35 0.73286384344100963 1.0000000180025095e-35 0.24037037044763568 0.88247200846672069 0.2152509689331055 0.47493734955787664 0.68500718474388134
decision_type=2 2 2 2 2 2 2 2 2 2 2 2 2 2 2 2 2 2 2 2 2 2 2 2 2 2 2 2 2 2
left_child=1 15 3 5 10 6 11 25 -8 14 17 -2 19 18 -9 29 23 -3 -7 -6 21 22 -4 -17 -25 -5 -27 -12 -24 -1
right_child=2 4 20 7 12 13 8 9 -10 -11 27 -13 -14 -15 -16 16 -18 -19 -20 -21 -22 -23 28 24 -26 26 -28 -29 -30 -31
leaf_value=-0.085367779204319899 0.27097272284978574 0.058305553242158047 0.15183446430820804 0.208132791121897 0.101938686759884 0.16980969620993289 0.085989218817974986 -0.023546034391994947 -0.052754252289563326 0.18719478752907315 0.076399013373607619 0.065246036698460116 0.20291171844668587 0.2292252850930985 0.11425817248444792 -0.0080996006683966108 -0.071175954200976582 -0.051923256180495397 -0.065562970829821085 0.16119873512008592 0.20427472422090465 0.19767690730058135 -0.040045932634697551 0.019585845241993322 0.38282138249649367 0.084892278917734376 0.18634531437929075 0.2262249002684473 0.1557266643395836 -0.06357435816677745
leaf_weight=49374.088327229023 135.29701606184244 121.28346337378025 118.45223844051361 950.50261466950178 398.38452997803688 18.872487425804138 377.75806652009487 170.79998781532049 265.59499022364616 184.67679331451654 141.08533472567797 56.45560110360384 589.03660371154547 17.636253692209721 95.032023884356022 57.3258426040411 263.70114704966545 270.82934612780809 629.43141459673643 743.89519102871418 15584.30620700866 1156.1967620104551 83.836442925035954 27.666479423642159 19.465897984802723 105.40455571562052 240.877919010818 39.317942455410957 21.93039233237505 1240.6300195977092
leaf_count=738040 894 1186 771 4213 2760 102 2929 1637 2735 948 1007 545 2699 122 662 756 3667 3336 8282 3690 66192 5137 749 363 159 611 1124 208 111 17678
internal_value=-0.00359718 -0.0752971 0.185422 0.097856 0.127063 0.0165199 0.0704308 0.167729 0.0287118 0.0919118 0.0221525 0.210403 0.161754 -0.0510857 0.0257175 -0.0844415 -0.0305293 -0.0178287 -0.0587111 0.140531 0.202189 0.178639 0.0804703 0.0720816 0.169604 0.194069 0.155464 0.109053 0.000546847 -0.0848336
internal_weight=73499.8 53286.7 20213.1 3248.34 2303.83 1501.05 835.106 1747.29 643.353 450.509 572.516 191.753 1731.32 665.94 265.832 50982.9 368.159 392.113 648.304 1142.28 16964.7 1380.42 224.219 104.458 47.1324 1296.79 346.282 180.403 105.767 50614.7
internal_count=873313 775549 97764 24804 14886 15609 7103 9195 5664 3247 5737 1439 9149 8506 2299 760663 4945 4522 8384 6450 72960 6768 1631 1278 522 5948 1735 1215 860 755718
is_linear=0
shrinkage=0.08


Tree=5
num_leaves=31
num_cat=0
split_feature=7 15 5 7 1 11 11 11 2 4 2 16 11 11 1 7 16 15 16 16 11 4 4 2 5 1 4 11 11 7
split_gain=131186 12769 4165.26 2762.48 973.874 749.477 855.5 370.225 314.66 290.645 207.131 211.94 184.874 167.772 217.591 189.25 179.745 161.27 207.267 150.237 133.547 128.566 126.115 122.865 249.031 97.8979 83.2545 71.6497 71.1065 68.8172
threshold=0.75490951538085949 0.72835320234298717 0.20722186565399173 0.86121249198913585 0.78830561041831981 0.63333335518836986 0.087121214717626586 0.087121214717626586 0.2237871661782265 0.58571431040763866 0.19399641454219821 1.0000000180025095e-35 0.23611111193895343 0.47222222387790685 0.91010102629661571 0.97446763515472423 1.0000000180025095e-35 0.68625652790069591 1.0000000180025095e-35 1.0000000180025095e-35 0.30384616553783422 0.095454547554254546 0.2264957278966904 0.2674796879291535 0.065395578742027297 0.88185444474220287 0.2264957278966904 0.47222222387790685 0.23611111193895343 0.68500718474388134
decision_type=2 2 2 2 2 2 2 2 2 2 2 2 2 2 2 2 2 2 2 2 2 2 2 2 2 2 2 2 2 2
left_child=1 17 3 7 9 6 -5 21 -8 19 11 -9 25 14 15 16 -4 29 20 27 -19 -2 -22 -7 -25 -6 -12 -3 -11 -1
right_child=2 4 13 5 12 23 8 10 -10 28 26 -13 -14 -15 -16 -17 -18 18 -20 -21 22 -23 -24 24 -26 -27 -28 -29 -30 -31
leaf_value=-0.084794321955517463 0.26121184736488468 0.030508635287093532 0.15355159929052226 0.19922778765705132 0.088853594402182809 0.17687143329799906 0.072750724843114359 0.11252116687765544 -0.035516281100098732 0.091308249038686826 -0.071107557905453853 -0.024520872398899093 0.1868091522405198 0.18276084750148086 0.18269852557619157 0.19004012114260327 0.096539206946041359 -0.0062985351630714557 -0.070691098484654963 -0.041209964294865509 0.018305657775260234 -0.022427430877418827 0.30385263539000673 0.047703719994974629 0.18171739958123881 0.13905821991049863 0.17690321093997266 0.17392375250711037 0.2306128066332423 -0.064082251799966503
leaf_weight=45873.750273741782 37.310982629656792 134.83284167945385 898.06396740674973 257.93642310798168 341.36416416615248 1162.7408486232162 427.78668304532766 93.75970571488142 287.10693723708391 138.79855827987194 573.70437937229872 314.45236305147409 418.46386217325926 13770.057241283357 1970.5792361944914 455.56830688565969 584.09880414605141 67.101375505328178 243.64269737899303 304.72420561313629 17.685538589954376 14.089826568961142 22.483653895556927 157.00722473859787 204.10926789790392 914.55224309116602 8.7953743413090688 26.711666822433472 28.218557856976986 1050.1715901196003
leaf_count=738040 179 1248 3941 1087 2163 5281 3068 717 3186 1024 7979 3167 1759 56390 8055 1902 2799 887 3605 3654 206 96 158 1287 977 4274 61 150 131 15842
internal_value=-0.00372129 -0.0749571 0.16275 0.0835253 0.108795 0.129191 0.0743325 -0.0258796 0.0292698 0.0242903 -0.0367407 0.00695547 0.140757 0.178609 0.16398 0.144945 0.131084 -0.0839267 -0.029895 -0.00814619 0.0627649 0.183462 0.178133 0.164212 0.123451 0.125412 -0.0673628 0.0542226 0.114845 -0.0843308
internal_weight=70799.7 49582.5 21217.2 3538.8 2307.67 2496.69 972.83 1042.11 714.894 633.286 990.712 408.212 1674.38 17678.4 3908.31 1937.73 1482.16 47274.8 350.913 466.269 107.271 51.4008 40.1692 1523.86 361.116 1255.92 582.5 161.545 167.017 46923.9
internal_count=873313 773141 100172 27085 14403 14886 7341 12199 6254 6207 11924 3884 8196 73087 16697 8642 6740 758738 4856 5052 1251 275 364 7545 2264 6437 8040 1398 1155 753882
is_linear=0
shrinkage=0.08


Tree=6
num_leaves=31
num_cat=0
split_feature=7 15 5 7 1 10 2 5 11 0 6 11 1 1 11 5 11 15 16 16 11 4 6 11 4 11 5 1 11 7
split_gain=112458 10770.4 3856.05 2493.06 743.888 580.114 346.74 379.662 337.228 290.173 246.672 208.114 174.185 161.715 160.891 241.62 318.701 157.294 180.301 138.696 130.109 122.391 119.241 101.847 99.5585 97.3877 94.2334 90.5487 80.3749 75.8591
threshold=0.74443343281745922 0.72835320234298717 0.20550528168678286 0.86121249198913585 0.81872946023941051 0.42481203377246862 0.25143678486347204 0.065395578742027297 0.087121214717626586 0.94804319739341747 0.18561584502458575 0.5634920895099641 0.19433516263961795 0.13423423469066623 0.47222222387790685 0.39559109508991247 0.10555555671453477 0.68625652790069591 1.0000000180025095e-35 1.0000000180025095e-35 0.30384616553783422 0.095454547554254546 0.24037037044763568 0.30384616553783422 0.2264957278966904 0.10555555671453477 0.38529014587402349 0.91010102629661571 0.23611111193895343 0.97993290424346935
decision_type=2 2 2 2 2 2 2 2 2 2 2 2 2 2 2 2 2 2 2 2 2 2 2 2 2 2 2 2 2 2
left_child=1 17 3 8 9 10 22 -8 21 19 13 -10 -13 -5 15 16 -4 -1 23 -3 -6 -2 -7 -19 -18 -12 -25 29 -11 -17
right_child=2 4 14 5 20 6 7 -9 11 28 25 12 -14 -15 -16 27 24 18 -20 -21 -22 -23 -24 26 -26 -27 -28 -29 -30 -31
leaf_value=-0.083862589633860937 0.23506731746366616 0.050365079793648154 0.14854116346566146 0.12569576271500224 0.11386628252906862 0.16679907113193626 0.01931601240947153 0.14777697550220406 -0.057773306160448706 0.075749662720030933 0.20648579957985125 0.095272817165852647 -0.035673113504566957 -0.036736950480717623 0.16510677355085401 0.13013069302078104 -0.030932978599810031 -0.0070795418765726313 -0.069660105601810601 -0.040198318872944158 0.16995157298373209 -0.030804035350516901 0.1161578084434066 -0.001930902929841513 0.10515677729132845 -0.036651194667906964 0.24201842700872409 0.16489523535648104 0.19271755488369494 0.17173303162010975
leaf_weight=43478.118749283254 41.037872649729252 166.17297888547182 241.4014507830143 186.59085804224014 1207.4537644982338 1104.4983800202608 307.42350895702839 282.59302800148726 810.15707743167877 220.83229225128889 11.078346088528631 119.87977957725525 142.05277034640312 49.668780386447906 14070.357788741589 1249.8667806461453 125.74484182521701 65.804622828960419 225.3721158541739 310.36860562115908 339.05684991180897 15.180241361260412 407.31565125286579 16.176444530487061 47.362249672412872 218.36136750131845 27.130890466272831 2019.4625910073519 45.313058741390705 361.68733768165112
leaf_count=752005 189 1442 1073 1168 5712 4700 2752 1394 10870 1398 48 936 1915 547 56705 5136 968 875 3550 3835 1380 115 2000 184 230 2245 171 8104 204 1462
internal_value=-0.00379381 -0.0746034 0.145871 0.0713997 0.0945594 0.114957 0.132856 0.0808434 -0.0277164 0.0287518 0.0341708 -0.0377316 0.0242575 0.0915476 0.161064 0.147004 0.0891389 -0.0834422 -0.0287917 -0.00861831 0.126162 0.163276 0.153155 0.0556224 0.0063013 -0.0249115 0.150897 0.15361 0.0956642 0.139468
internal_weight=67913.5 46101.8 21811.7 3695.84 2289.2 2567.53 2101.83 590.017 1128.31 742.687 465.699 1072.09 261.933 236.26 18115.9 4045.53 414.509 43812.6 334.484 476.542 1546.51 56.2181 1511.81 109.112 173.107 229.44 43.3073 3631.02 266.145 1611.55
internal_count=873313 770756 102557 28879 13971 14854 10846 4146 14025 6879 4008 13721 2851 1715 73678 16973 2271 756785 4780 5277 7092 304 6700 1230 1198 2293 355 14702 1602 6598
is_linear=0
shrinkage=0.08


Tree=7
num_leaves=31
num_cat=0
split_feature=7 15 15 8 1 7 6 1 2 2 11 11 11 11 11 15 16 1 0 11 4 4 11 1 7 14 6 15 7 2
split_gain=97597.1 9742.01 3053.38 2281.31 605.89 511.48 281.001 323.746 255.649 223.973 215.808 298.32 373.577 206.413 156.664 156.305 179.725 131.87 126.507 103.466 111.864 95.7637 88.2333 112.989 92.0619 77.7203 71.5902 55.7362 53.0053 235.236
threshold=0.74443343281745922 0.72835320234298717 0.79251840710639965 0.78471276164054882 0.73546314239501964 0.83899769186973583 0.15450928360223773 0.13423423469066623 0.73499399423599254 0.51022112369537365 0.76388889551162731 0.087121214717626586 0.47222222387790685 0.30384616553783422 0.087121214717626586 0.6700209677219392 1.0000000180025095e-35 0.86706829071044933 0.92637759447097789 0.30384616553783422 0.2264957278966904 0.64583334326744091 0.47222222387790685 0.91010102629661571 0.97993290424346935 0.013245614245533945 0.14434523880481723 0.75880110263824474 0.67873525619506847 0.70396453142166149
decision_type=2 2 2 2 2 2 2 2 2 2 2 2 2 2 2 2 2 2 2 2 2 2 2 2 2 2 2 2 2 2
left_child=1 15 3 5 18 8 7 -7 14 -8 11 -5 -13 17 -2 28 19 21 26 -17 -21 -6 23 24 25 -4 -3 -19 -1 -30
right_child=2 4 22 10 13 6 9 -9 -10 -11 -12 12 -14 -15 -16 16 -18 27 -20 20 -22 -23 -24 -25 -26 -27 -28 -29 29 -31
leaf_value=-0.083863796692009759 0.090727270265623688 0.028287463021259663 0.056160839502763633 0.15934585863520134 0.023313205643218437 0.13813164788300175 -0.00597885302387336 -0.0055619569118426542 0.16688433151810098 0.12522658209579438 0.14559931852792546 -0.017146436225933689 0.11444392550407942 0.15671610537378469 -0.039923059232048523 -0.016103553111320664 -0.071169241164473263 0.011574078054056707 0.061498426057877781 0.00060499196462265555 0.22676785025466811 0.095567450587256728 0.15231853768791662 0.15134424018476816 0.15731098238061747 0.12004826289978318 -0.056431948362855602 0.11061058602537852 -0.067632654121417377 0.43785191847406169
leaf_weight=39328.343362692744 62.588076487183571 93.257747657597065 135.40146405994892 313.65220778435469 258.45128802210093 361.92428286373615 483.47457459196448 138.8446557559073 43.166551925241947 100.59138928726315 1610.564614277333 228.31962656974792 349.32440976798534 385.30063913762569 955.21788837015629 94.259182844310999 314.65469248220325 37.732335619628429 145.12550870329142 26.288544736802578 29.934739992022514 215.10195548832417 13443.583841517568 2029.8936759531498 400.74342195689678 1219.1109361127019 202.34318649768829 1006.2630370259285 904.68271739035845 5.9307013675570479
leaf_count=733605 374 1114 548 1274 2045 1967 4622 1277 194 567 7056 1816 1807 1591 12463 1406 5420 212 880 332 192 1231 53885 8126 1610 4971 2557 4341 15787 43
internal_value=-0.00383433 -0.0737571 0.133757 0.0762132 0.0848487 0.015693 0.0543189 0.0982907 -0.0238017 0.0166181 0.12812 0.0965362 0.0624315 0.104425 -0.031889 -0.082889 -0.0367795 0.0911484 0.00032763 0.0351286 0.12102 0.0561332 0.149281 0.138491 0.123627 0.113662 -0.0297042 0.107031 -0.083422 -0.0643405
internal_weight=64924.1 43047.7 21876.4 4647.67 2343.58 2145.81 1084.83 500.769 1060.97 584.066 2501.86 891.296 577.644 1902.85 1017.81 40704.1 465.137 1517.55 440.726 150.482 56.2233 473.553 17228.7 3785.15 1755.26 1354.51 295.601 1044 40239 910.613
internal_count=873313 770756 102557 33417 13971 21464 8433 3244 13031 5189 11953 4897 3623 9420 12837 756785 7350 7829 4551 1930 524 3276 69140 15255 7129 5519 3671 4553 749435 15830
is_linear=0
shrinkage=0.08


Tree=8
num_leaves=31
num_cat=0
split_feature=7 15 5 7 5 10 1 16 6 6 1 16 11 15 16 11 1 11 5 1 11 15 11 11 6 16 15 4 1 4
split_gain=85414.2 8861.39 2947.31 1744.97 499.799 390.302 344.113 307.976 263.624 254.27 195.855 190.457 159.357 156.514 172.901 142.247 173.794 136.22 164.55 129.329 120.774 115.013 108.527 104.251 88.9053 77.8416 98.5346 68.6517 65.1011 53.0427
threshold=0.74443343281745922 0.72835320234298717 0.21975609660148623 0.87895438075065624 0.52679425477981578 0.71825397014617931 0.22401433438062671 1.0000000180025095e-35 0.18274582922458651 0.18808962404727939 0.82413583993911754 1.0000000180025095e-35 0.30384616553783422 0.65980625152587902 1.0000000180025095e-35 0.47222222387790685 0.88185444474220287 0.10555555671453477 0.39559109508991247 0.61938297748565685 0.47222222387790685 0.29271370172500616 0.58571431040763866 0.095454547554254546 0.64126753807067882 1.0000000180025095e-35 0.79251840710639965 0.11805555596947671 0.80874970555305492 0.58571431040763866
decision_type=2 2 2 2 2 2 2 2 2 2 2 2 2 2 2 2 2 2 2 2 2 2 2 2 2 2 2 2 2 2
left_child=1 13 3 6 10 7 9 21 -9 11 20 -2 25 -1 22 16 17 27 -19 24 29 -5 28 -11 -8 -6 -27 -4 -15 -3
right_child=2 4 15 5 12 -7 19 8 -10 23 -12 -13 -14 14 -16 -17 -18 18 -20 -21 -22 -23 -24 -25 -26 26 -28 -29 -30 -31
leaf_value=-0.083011077669779998 0.16842807590271325 -0.029567179580652973 0.16667801255510367 0.15578565416112727 0.10413973561671323 0.13094856073606995 -0.068663066543087264 0.080042397410779551 -0.011795864855068212 0.19286341815413596 0.14286031615065184 0.035342787934858663 0.14465275942033171 -0.039037686462856838 -0.071224194331406809 0.14137794035735957 0.13818177933478917 0.0018575140746491027 0.10201809523951974 0.17945152153302618 0.12847724051629503 0.078581680532601769 0.18545352212759045 -0.039825522857492211 0.04976993184950157 -0.050623329800530067 0.074376311137761469 0.11111355565014779 0.065191883488552385 0.040305658418235364
leaf_weight=37220.867589898407 98.23945127427578 380.1273421049118 165.12080504000187 250.31689517945051 717.54807334393263 1223.981010183692 614.41778156533837 431.31163117289543 373.06649969518185 12.927187815308569 64.334620982408524 229.8140859939158 363.95832949876785 104.15440621972084 396.45182308554649 13877.337790325284 2381.9020245075226 159.36382538452744 307.58186212182045 14.653886970132588 39.760941591113806 243.74691600725055 22.829444900155067 263.57900058478117 43.433627434074879 42.881178498268127 686.46243529766798 1030.1728034466505 60.704556211829185 85.098972201347351
leaf_count=746749 543 4356 675 1112 3305 5202 9378 2472 3037 56 325 1905 1501 1628 7410 56490 9618 1095 1250 99 230 1742 190 3164 527 306 3369 4192 808 579
internal_value=-0.00385326 -0.07294 0.123962 0.0599605 0.0767795 0.0985366 -0.016234 0.0679833 0.0374483 0.0275648 0.0113994 0.0751967 0.0973347 -0.0823662 -0.0412772 0.13753 0.124328 0.104475 0.0678343 -0.0556077 -0.00534855 0.117697 0.0219795 -0.0289469 -0.0608437 0.0854321 0.0670271 0.118789 -0.000658155 -0.0167861
internal_weight=61906.1 40185.2 21721 3799.49 2380.17 2522.42 1277.07 1298.44 804.378 604.56 569.322 328.054 1810.85 37805 584.14 17921.5 4044.14 1662.24 466.946 672.505 504.987 494.064 187.688 276.506 657.851 1446.89 729.344 1195.29 164.859 465.226
internal_count=873313 770756 102557 29237 13971 13565 15672 8363 5509 5668 5490 2448 8481 756785 10036 73320 16830 7212 2345 10004 5165 2854 2626 3220 9905 6980 3675 4867 2436 4935
is_linear=0
shrinkage=0.08


Tree=9
num_leaves=31
num_cat=0
split_feature=7 14 5 10 0 7 5 2 11 6 2 16 4 5 10 16 2 6 4 10 2 6 8 8 2 11 0 6 11 2
split_gain=75234.8 3868.87 2910.13 1579.16 1308.55 911.671 1571.38 462.065 456.801 339.417 327.812 372.819 299.148 172.55 392.309 200.765 168.363 124.286 109.24 107.108 288.18 106.728 90.7418 87.0323 83.0477 312.222 80.6981 78.4069 76.9009 71.3998
threshold=0.73357313871383678 0.67281225323677074 0.18469785153865817 0.45643940567970281 0.83047896623611461 0.66499164700508129 0.37965516746044164 0.23606811463832858 0.087121214717626586 0.59549137949943554 0.21132376790046695 1.0000000180025095e-35 0.15476191043853763 0.39559109508991247 0.42481203377246862 1.0000000180025095e-35 0.86706829071044933 0.24037037044763568 0.58571431040763866 0.32071428000926977 0.70396453142166149 0.059411764144897468 0.88247200846672069 0.83973684906959545 0.12945119291543963 0.11805555596947671 0.64899963140487682 0.097167581319808974 0.41428571939468389 0.94185259938240062
decision_type=2 2 2 2 2 2 2 2 2 2 2 2 2 2 2 2 2 2 2 2 2 2 2 2 2 2 2 2 2 2
left_child=1 5 3 8 24 19 -7 17 -2 12 11 -10 -9 14 15 -4 18 -5 21 -1 -21 -6 -19 -12 25 -3 -8 -27 29 -15
right_child=2 4 13 7 16 6 26 9 10 -11 23 -13 -14 28 -16 -17 -18 22 -20 20 -22 -23 -24 -25 -26 27 -28 -29 -30 -31
leaf_value=-0.082448809758024141 0.15529686509674928 1.4993359629888017 0.07583179077974074 0.13294137121264443 0.10118648921347612 -0.067336158814839259 0.40750731464776763 -0.020289993165489798 0.11716912365812783 0.13474941881720129 -0.068178624659855677 -0.016301779234845281 0.15354500021031786 0.11215101991273799 0.12210308120106098 -0.056070583429713529 0.089602703398602865 0.031182168829331648 0.068471665565272941 -0.06906710455411344 0.19122138654595017 -0.017170725055279175 0.11055374115783066 0.1521077022608113 -0.058702829402108837 0.27362175274507489 0.11938600494981237 -0.045403649044977686 0.13405123826799287 0.13535101009480291
leaf_weight=33269.768472570926 99.0850690305233 0.95962639898062008 182.29897037521005 1114.902625747025 59.455089837312698 1027.243758097291 6.3286779187619677 422.66415098309517 170.23904010653496 177.07875410094857 642.0941567979753 628.12630816921592 74.528083775192499 2272.522511459887 1436.2119537480175 124.14495533332229 918.24885831400752 148.10924442484975 345.06383886188269 145.67360166087747 33.479326110333204 271.07794626057148 244.13745541125536 11.687434922903774 851.79551709443331 6.482321526855233 367.23047798871994 20.594433385878801 12476.289552927017 1355.3188793510199
leaf_count=717091 475 19 1041 4700 462 20473 41 3758 1266 874 10723 6079 330 9254 6036 1133 4202 887 2081 3066 162 2637 1006 115 15810 135 1744 431 51704 5578
internal_value=-0.0038584 -0.0726065 0.115047 0.0508083 0.0240697 -0.0794687 -0.0162403 0.0946879 -0.0108975 0.0396411 -0.0222375 0.0121588 0.00576751 0.128483 0.10457 0.0223962 0.0673002 0.119315 0.0369874 -0.0821166 -0.0204255 0.00411894 0.0805837 -0.0642406 -0.0542437 0.0812317 0.124267 0.0309728 0.13107 0.120818
internal_weight=58902.8 37323.4 21579.4 3732.65 2473.68 34849.7 1400.8 2181.42 1551.23 674.271 1452.15 798.365 497.192 17846.8 1742.66 306.444 1593.85 1507.15 675.597 33448.9 179.153 330.533 392.247 653.782 879.832 28.0364 373.559 27.0768 16104.1 3627.84
internal_count=873313 768354 104959 30213 25777 742577 22258 11555 18658 4962 18183 7345 4088 74746 8210 2174 9382 6593 5180 720319 3228 3099 1893 10838 16395 585 1785 566 66536 14832
is_linear=0
shrinkage=0.08


Tree=10
num_leaves=31
num_cat=0
split_feature=7 15 5 7 1 11 11 1 11 11 6 11 1 7 10 0 1 4 1 11 1 14 1 11 4 6 6 1 10 15
split_gain=66641.3 7184.84 2616.77 1450.15 472.48 409.601 520.579 225.058 210.537 208.09 195.746 156.243 186.185 127.513 110.241 96.1597 93.0674 88.9407 84.6205 82.0436 81.1769 74.8472 97.3972 133.538 65.6688 62.4964 57.899 55.7708 196.628 55.3798
threshold=0.73357313871383678 0.70402085781097423 0.21975609660148623 0.86121249198913585 0.73546314239501964 0.63333335518836986 0.087121214717626586 0.19433516263961795 0.23611111193895343 0.47222222387790685 0.24037037044763568 0.47222222387790685 0.89009663462638866 0.97993290424346935 0.3390804678201676 0.92637759447097789 0.89009663462638866 0.87301588058471691 0.61938297748565685 0.10555555671453477 0.23606811463832858 0.63136324286460888 0.13423423469066623 0.11805555596947671 0.73214286565780651 0.64126753807067882 0.21103239059448245 0.89009663462638866 0.061553031206130988 0.75880110263824474
decision_type=2 2 2 2 2 2 2 2 2 2 2 2 2 2 2 2 2 2 2 2 2 2 2 2 2 2 2 2 2 2
left_child=1 21 3 7 15 6 -5 10 16 -8 19 12 13 17 -7 26 24 -4 25 -2 -16 -1 23 -23 -6 -9 -3 -24 -29 -18
right_child=2 4 11 5 8 14 9 18 -10 -11 -12 -13 -14 -15 20 -17 29 -19 -20 -21 -22 22 27 -25 -26 -27 -28 28 -30 -31
leaf_value=-0.08242452850848675 0.1804540764880771 0.0018406844763859756 0.071109573262454054 0.13841583383914854 0.029001854809613713 0.019041581074922459 -0.028540598071367093 -0.069437580870380752 0.13297253950645049 0.05395804372348257 -0.053198727558361213 0.12585479428443694 0.12353197626389482 0.13088625847195773 0.12244436923497676 0.043267299230058461 -0.0050485559663355425 0.13551131238046812 0.15325779475773385 0.038572207018132305 0.082584972441793983 0.52786103083737901 -0.069722085166547459 0.013126790730354037 0.092701824036356295 0.023240226470005822 -0.063294570321368329 -0.062254481270892476 0.43072920202757237 0.085356622441711744
leaf_weight=31556.635207455605 28.681875690817833 166.28782356530428 1281.6382512934506 266.34135615825653 517.29611863195896 89.171933032572269 429.31018806993961 582.85628757625818 358.98637013882399 359.55954629555345 179.23647375404835 13271.922469221056 2174.9777850955725 366.32443808764219 1091.3737760558724 155.24903415888548 45.534631360322237 153.70017050206661 11.903916347771881 287.95778131484985 466.89626187086105 3.447552226483821 743.97579488158226 50.115194369107485 129.50698493793607 50.611182421445847 183.96946224570274 25.379253037273887 6.5051759928464881 910.35185688734055
leaf_count=734427 127 2273 5778 1110 3430 576 3789 10223 1585 2510 2403 56745 9167 1515 4619 977 412 631 87 2521 2481 27 16431 1065 651 677 2761 525 86 3704
internal_value=-0.00385213 -0.0717757 0.108385 0.0486952 0.0598242 0.0806257 0.0417113 -0.0269212 0.0775959 0.00906152 0.0136078 0.121687 0.107777 0.0887578 0.105551 -0.00914129 0.0651921 0.0780059 -0.058062 0.0514242 0.110502 -0.081801 -0.0580788 0.0462575 0.0417563 -0.062033 -0.032371 -0.0652818 0.0383258 0.0810501
internal_weight=55945.7 34853.2 21092.5 3843.9 2467.18 2702.65 1055.21 1141.25 1961.68 788.87 495.876 17248.6 3976.64 1801.66 1647.44 505.506 1602.69 1435.34 645.371 316.64 1558.27 32386.1 829.423 53.5627 646.803 633.467 350.257 775.86 31.8844 955.886
internal_count=873313 768354 104959 31123 15793 15085 7409 16038 9782 6299 5051 73836 17091 7924 7676 6011 8197 6409 10987 2648 7100 752561 18134 1092 4081 10900 5034 17042 611 4116
is_linear=0
shrinkage=0.08


Tree=11
num_leaves=31
num_cat=0
split_feature=10 15 5 1 8 1 14 1 6 6 8 11 6 15 11 1 11 11 11 11 5 6 5 4 1 2 4 15 1 4
split_gain=57828 8079.46 1995.63 1204.7 625.363 418.515 395.762 332.956 313.137 225.207 224.033 192.172 183.59 186.059 146.232 160.336 117.889 116.123 195.829 111.108 102.96 100.657 114.023 94.7564 94.5592 93.1499 89.2337 83.364 220.51 76.1611
threshold=0.32071428000926977 0.72835320234298717 0.18624359369277957 0.23132664710283282 0.80814999341964733 0.73286384344100963 0.5534847378730775 0.22401433438062671 0.2522727251052857 0.2522727251052857 0.78471276164054882 0.19090909510850909 0.56306818127632152 0.70402085781097423 0.47222222387790685 0.88185444474220287 0.11805555596947671 0.47222222387790685 0.10555555671453477 0.10555555671453477 0.39559109508991247 0.65881377458572399 0.069971442222595229 0.2264957278966904 0.92907443642616283 0.85565477609634411 0.58571431040763866 0.64203718304634105 0.74646764993667614 0.87301588058471691
decision_type=2 2 2 2 2 2 2 2 2 2 2 2 2 2 2 2 2 2 2 2 2 2 2 2 2 2 2 2 2 2
left_child=1 6 3 8 21 25 -1 9 17 19 -10 24 13 -6 15 16 -4 18 -2 -8 -18 23 -23 -5 29 26 -3 -9 -29 -7
right_child=2 5 14 4 12 11 7 27 10 -11 -12 -13 -14 -15 -16 -17 20 -19 -20 -21 -22 22 -24 -25 -26 -27 -28 28 -30 -31
leaf_value=-0.081907588698097666 0.12856589735854596 -0.025176204537842334 0.096328307325099782 -0.07087375618624453 -0.0080801324211910927 0.037375839173360487 0.21009914536068086 -0.072051557229795685 -0.026302376694531355 -0.059299250718752992 0.078676168101166913 0.11695174765942273 0.11840369841942958 0.1433871558485092 0.1208177093669888 0.1171036674935214 -0.0071171529784943011 0.12074114924618093 0.0045912638434071982 0.03944207216710291 0.076419282970201938 -0.013763272663555362 0.29190077220609734 0.12787460706115092 0.083907532426573103 0.22459653794364343 0.055099320330170509 -0.041075037682685805 0.26701349307157002 0.10257772410630674
leaf_weight=28799.596573378891 161.99740395322442 403.61371514946222 1122.4202939085662 692.58210644125938 282.68789716809988 827.73731334134936 26.723193176090717 1179.1836324259639 218.94726009294391 175.34144454076886 320.62995595484972 563.61278825998306 185.23492330312729 63.576067894697189 12751.85681239143 2063.2064339369535 148.10414301231503 1060.8008554726839 164.19369409605861 282.82019701600075 260.54159599542618 32.304171066731215 10.301206983625887 15.700614906847475 779.45632629841566 11.303904876112936 113.55580428242683 186.11752915009856 16.159077551215887 133.09007003903389
leaf_count=719668 709 4306 4799 13316 2111 4581 133 27463 2701 2893 1451 2471 849 279 56531 8950 1047 5033 1179 2996 1081 471 71 119 3205 66 659 3451 140 584
internal_value=-0.00383894 -0.0676537 0.105477 0.0477972 -0.012283 0.0616238 -0.079594 -0.0438934 0.0877885 0.0131411 0.0360784 0.076352 0.0541193 0.0197301 0.116801 0.102548 0.0829338 0.107905 0.0661612 0.0541751 0.0461434 -0.0592843 0.0601407 -0.0664681 0.0632033 -0.00258442 -0.00754997 -0.0639122 -0.0164631 0.0464074
internal_weight=53053.4 33498.3 19555.1 3208.96 1282.39 2832.37 30665.9 1866.35 1926.57 484.885 539.577 2303.9 531.499 346.264 16346.1 3594.27 1531.07 1386.99 326.191 309.543 408.646 750.888 42.6054 708.283 1740.28 528.473 517.17 1381.46 202.277 960.827
internal_count=873313 772616 100697 28289 17216 15872 756744 37076 11073 6022 4152 10841 3239 2390 72408 15877 6927 6921 1888 3129 2128 13977 542 13435 8370 5031 4965 31054 3591 5165
is_linear=0
shrinkage=0.08


Tree=12
num_leaves=31
num_cat=0
split_feature=10 15 5 10 16 14 1 1 1 16 15 15 6 11 1 14 6 10 6 11 11 8 15 5 6 11 15 5 15 16
split_gain=51550.2 7416.88 1826.09 1028.92 413.9 400.992 338.22 333.749 307.266 317.698 258.573 240.818 217.497 151.445 159.433 139.973 133.131 124.066 112.137 103.163 94.2984 92.0421 91.7687 89.6191 84.3103 83.6358 83.2283 228.785 80.9225 90.0555
threshold=0.32071428000926977 0.72835320234298717 0.18624359369277957 0.45643940567970281 1.0000000180025095e-35 0.5534847378730775 0.26735395193099981 0.21132376790046695 0.23132664710283282 1.0000000180025095e-35 0.85031488537788402 0.70402085781097423 0.62583333253860485 0.47222222387790685 0.88185444474220287 0.49212549626827246 0.31311275064945226 0.12310606241226198 0.24037037044763568 0.11805555596947671 0.10555555671453477 0.89672946929931652 0.70402085781097423 0.36882591247558599 0.30495168268680578 0.10555555671453477 0.60229706764221203 0.4252659678459168 0.68625652790069591 1.0000000180025095e-35
decision_type=2 2 2 2 2 2 2 2 2 2 2 2 2 2 2 2 2 2 2 2 2 2 2 2 2 2 2 2 2 2
left_child=1 5 3 7 17 28 18 15 9 16 -6 12 -8 14 19 20 -7 -3 -5 -4 -2 -20 -9 -21 -17 -11 -10 -28 -1 -30
right_child=2 4 13 6 10 8 11 22 26 25 -12 -13 -14 -15 -16 24 -18 -19 21 23 -22 -23 -24 -25 -26 -27 27 -29 29 -31
leaf_value=-0.081855144424356027 0.14236631828052562 0.059602030156837869 0.089973150301974267 0.1101820325193847 -0.040345716151077397 0.1661596836494669 -0.027555791620985235 -0.065096096300256173 -0.073417095534552182 0.16328891237070101 0.043769204965314751 0.12343335324176626 0.1273112259401416 0.11576922316292003 0.11177814214498753 0.12385669729184644 -0.027019840817109918 0.10315780046374354 0.023963225634954739 -0.012617599746278694 -0.014387181097213399 0.094828500924600032 0.12658798184420172 0.068325556575329002 -0.043316430921304598 -0.034254217319840588 -0.047378507227217419 0.20037461074283339 0.043155488518514654 -0.074344656785272564
leaf_weight=26539.686424549669 27.121594280004501 807.32006587833166 1106.2271589785814 1079.1280803643167 326.78617854043841 96.954509705305099 375.57210840284824 578.30845367908478 1014.4833879545331 14.279783837497233 822.80075806379318 121.60662680119276 68.646711207926273 12263.279488302767 1991.5189492627978 120.71426973491907 29.864218451082706 869.14257968217134 209.9213054664433 127.8606072627008 260.17069895938039 265.85641530156136 16.439005631953478 277.62612486258149 22.983669765293598 347.82697309926152 256.59928100556135 26.299291294068098 69.863037269562483 103.72624357044697
leaf_count=716545 122 4151 4799 4859 3662 790 3507 12535 25338 90 4141 540 336 56531 8950 655 547 3918 1285 949 2998 1135 113 1179 204 4711 5333 267 842 2281
internal_value=-0.00381961 -0.0667871 0.100474 0.0448285 0.0568304 -0.0790452 0.0766445 -0.0209516 -0.0423487 0.0116995 0.0198584 0.0236833 -0.00362364 0.111579 0.096909 0.0326545 0.120668 0.082183 0.0959169 0.0773205 0.000411005 0.0635615 -0.0597979 0.0428021 0.0971183 -0.026464 -0.0627171 -0.0243465 -0.081499 -0.0270553
internal_weight=50238.6 31325.6 18913 3146.47 2826.05 28499.6 2120.73 1025.74 1786.31 488.925 1149.59 565.825 444.219 15766.5 3503.23 430.99 126.819 1676.46 1554.91 1511.71 287.292 475.778 594.747 405.487 143.698 362.107 1297.38 282.899 26713.3 173.589
internal_count=873313 772616 100697 28289 15872 756744 11662 16627 37076 6138 7803 4383 3843 72408 15877 3979 1337 8069 7279 6927 3120 2420 12648 2128 859 4801 30938 5600 719668 3123
is_linear=0
shrinkage=0.08


Tree=13
num_leaves=31
num_cat=0
split_feature=7 15 15 8 16 1 7 2 5 10 10 6 8 1 2 15 16 16 14 1 16 10 10 12 1 7 14 4 14 1
split_gain=47505 5468.64 2166.44 1173.23 349.187 298.303 245.213 214.066 305.819 154.136 138.079 99.5894 90.4085 80.4544 79.1247 77.4057 99.5946 73.4184 63.2261 87.0304 60.6382 58.2948 56.7276 52.3295 65.1876 72.8164 72.5683 50.4371 47.5647 75.2978
threshold=0.72423112392425548 0.70402085781097423 0.82427215576171886 0.78471276164054882 1.0000000180025095e-35 0.73546314239501964 0.96984851360321056 0.17192118614912036 0.12422839552164079 0.24068965017795566 0.43874999880790716 0.28035087883472448 0.88247200846672069 0.89009663462638866 0.88273492455482494 0.64203718304634105 1.0000000180025095e-35 1.0000000180025095e-35 0.3914563655853272 0.81872946023941051 1.0000000180025095e-35 0.61324787139892589 0.27429467439651495 1.0000000180025095e-35 0.94185259938240062 0.97446763515472423 1.0000000180025095e-35 0.44949495792388922 0.63136324286460888 0.12579113990068438
decision_type=2 2 2 2 2 2 2 2 2 2 2 2 2 2 2 2 2 2 2 2 2 2 2 2 2 2 2 2 2 2
left_child=1 15 3 4 7 14 10 11 -9 13 -6 -2 17 -7 20 28 18 -5 -17 -20 -3 -19 -8 24 25 26 -4 -22 -1 -30
right_child=2 5 23 12 6 9 22 8 -10 -11 -12 -13 -14 -15 -16 16 -18 21 19 -21 27 -23 -24 -25 -26 -27 -28 -29 29 -31
leaf_value=-0.081802078211366244 0.13292668622020581 0.021350191639857817 0.017025177122709713 0.08663320379914588 -0.043825089466583346 0.028919714602647705 -0.019463783227920313 -0.046819547625395516 0.068977376679179137 0.11421023538469155 0.015939444342232146 0.00072465220985341459 0.09636367829211992 0.064834935195594329 0.29349590042302309 -0.029584249446703677 -0.073375244082021396 0.0057794329437211491 0.017113029662162566 0.26719795680972014 -0.060311791866398894 0.065130764942705255 0.086722059501677884 0.11090233332895903 0.11338246193160449 0.11634498765629754 0.083747476977379595 0.010320854667676547 0.035807048127746571 -0.067497957583269846
leaf_weight=24723.590807761997 207.16014231368899 186.86160100623965 117.13313847780228 479.54363104328513 987.88231246545911 678.4247786924243 40.158509068191051 246.24970022961497 358.42263425886631 280.42543961852789 330.08020959794521 44.259900826960802 1616.6572514101863 969.8282272964716 5.4072888717055312 108.71857684850693 346.2814094722271 176.36840739473701 34.320670284330845 12.026647888123987 195.94710547849536 265.12738206982613 162.45258022099733 11839.687278002501 1058.0512139052153 402.980479195714 954.0028258562088 96.599584598094225 49.129905994981527 558.33165464550257
leaf_count=721918 1051 1554 499 2610 13911 4056 316 4693 2207 1348 2749 439 7608 4146 33 2569 9418 1248 719 128 3382 1350 890 56678 4983 1823 4144 917 962 14964
internal_value=-0.00379675 -0.0698831 0.0929909 0.0471385 0.0067476 0.0452794 -0.0162611 0.0476151 0.0218197 0.0593806 -0.0288572 0.109654 0.0849663 0.0500521 -0.0108173 -0.0806426 -0.0495146 0.064961 0.00376916 0.0820075 -0.0142496 0.0414211 0.0656755 0.10867 0.0982315 0.0873569 0.0764511 -0.0369887 -0.0812587 -0.0591429
internal_weight=47532.1 28245.9 19286.2 4914.36 2376.67 2413.49 1520.57 856.092 604.672 1928.68 1317.96 251.42 2537.7 1648.25 484.816 25832.4 501.347 921.039 155.066 46.3473 479.408 441.496 202.611 14371.9 2532.17 1474.12 1071.14 292.547 25331.1 607.462
internal_count=873313 766114 107199 39072 26256 15436 17866 8390 6900 9550 16660 1490 12816 8202 5886 750678 12834 5208 3416 847 5853 2598 1206 68127 11449 6466 4643 4299 737844 15926
is_linear=0
shrinkage=0.08


Tree=14
num_leaves=31
num_cat=0
split_feature=7 15 5 7 11 11 1 11 11 4 11 11 1 11 11 4 2 7 4 16 10 14 2 10 1 11 2 16 15 1
split_gain=42537.1 5087.81 2072.03 1091.31 294.028 439.001 257.941 161.616 196.506 188.762 151.313 137.668 139.197 121.217 110.9 93.4162 106.348 89.7346 88.3929 88.0121 81.7588 79.3766 71.1296 68.5174 146.191 90.1207 52.9326 50.1499 47.8231 46.5588
threshold=0.72423112392425548 0.70402085781097423 0.31851120293140417 0.86121249198913585 0.63333335518836986 0.087121214717626586 0.81872946023941051 0.63333335518836986 0.087121214717626586 0.095454547554254546 0.47222222387790685 0.47222222387790685 0.91010102629661571 0.23611111193895343 0.58571431040763866 0.2264957278966904 0.2014492750167847 0.97993290424346935 0.58571431040763866 1.0000000180025095e-35 0.3390804678201676 0.60081303119659435 0.89009663462638866 0.048809524625539787 0.76071646809577953 0.19090909510850909 0.2237871661782265 1.0000000180025095e-35 0.75880110263824474 0.12579113990068438
decision_type=2 2 2 2 2 2 2 2 2 2 2 2 2 2 2 2 2 2 2 2 2 2 2 2 2 2 2 2 2 2
left_child=1 21 3 7 5 -5 14 8 9 -2 -7 12 17 28 18 16 -9 19 22 -4 27 -1 -3 -23 29 -26 -10 -6 -8 -25
right_child=2 6 11 4 20 10 13 15 26 -11 -12 -13 -14 -15 -16 -17 -18 -19 -20 -21 -22 23 -24 24 25 -27 -28 -29 -30 -31
leaf_value=-0.081092415187275654 0.18144607769454141 -0.02363651198323859 0.080712804339664837 0.11595394523959335 0.08843443955706437 -0.025058043463793683 -0.013506071877249616 0.064831332472283898 -0.02724473198529449 -0.037879464074104752 0.040992341895051 0.10814609124019638 0.10608701797250639 0.1121403903331783 0.1233972347858254 0.16842364169857482 -0.032653437344773557 0.11026390432113009 0.03755761275620121 0.039183830245627486 0.089644047521023507 -0.072469052861318245 0.2191313678096147 0.018077977555624448 0.040502443057502238 0.37395594516504316 -0.067869594201878519 -0.03013498239626768 0.054722233991598625 -0.060227947477406556
leaf_weight=23165.442968912423 48.206808924674988 524.081413757056 837.28631833195686 318.39713829755783 36.555291581898928 464.7281433865428 69.36535606533289 137.85324796661735 350.06912194564939 52.426188848912716 424.95253944769502 10823.65044305101 1673.2563132047653 247.46845888346434 48.225811440497637 27.543682795017958 149.0646362490952 342.91820959746838 250.7502193339169 535.47870813682675 1807.0048261806369 521.57749903202057 7.8396490290760985 65.437725890427828 12.625475615262987 8.8046116270124894 496.24822052940726 60.803914424031973 1261.1104636192322 188.80403280630708
leaf_count=728749 230 6601 3694 1461 220 4045 617 1096 4687 362 2777 54507 8229 1191 259 131 2523 1603 1438 2451 8760 14826 49 1353 263 89 10024 399 5281 5398
internal_value=-0.00376901 -0.0690972 0.0889225 0.0407727 0.0662122 0.0353405 0.0417313 -0.0219975 -0.038499 0.0671853 0.00649067 0.10374 0.0896694 0.0607278 0.00565529 0.0276941 0.0141843 0.0736577 -0.0015996 0.0645135 0.0857964 -0.0802382 -0.0200585 -0.0554188 -0.0231594 0.177503 -0.0510656 0.0143841 0.0511651 -0.0400733
internal_weight=44958 26371.5 18586.4 4373.85 3112.44 1208.08 2408.84 1261.41 946.95 100.633 889.681 14212.6 3388.94 1577.94 830.897 314.462 286.918 1715.68 782.671 1372.77 1904.36 23962.7 531.921 797.249 275.672 21.4301 846.317 97.3592 1330.48 254.242
internal_count=873313 766114 107199 36715 17662 8283 15436 19053 15303 592 6822 70484 15977 7089 8347 3750 3619 7748 8088 6145 9379 750678 6650 21929 7103 352 14711 619 5898 6751
is_linear=0
shrinkage=0.08


Tree=15
num_leaves=31
num_cat=0
split_feature=7 14 5 7 0 7 5 8 0 16 1 12 4 6 6 1 6 1 10 16 1 16 0 10 4 7 4 6 10 2
split_gain=38177.3 2815.45 2185.12 1083.43 563.465 418.844 830.336 256.666 164.822 156.604 154.351 161.557 154.309 152.379 128.407 87.751 79.6656 77.888 118.323 132.927 70.4455 70.1698 66.2432 64.6706 54.5914 54.1656 48.6339 47.9557 45.0138 175.774
threshold=0.70814895629882824 0.67281225323677074 0.31851120293140417 0.86121249198913585 0.81302964687347423 0.62699216604232799 0.37965516746044164 0.85777497291564953 0.680425524711609 1.0000000180025095e-35 0.22401433438062671 1.0000000180025095e-35 0.2264957278966904 0.15655637532472613 0.18808962404727939 0.89009663462638866 0.54870337247848522 0.89009663462638866 0.47493734955787664 1.0000000180025095e-35 0.18321678787469867 1.0000000180025095e-35 0.64660635590553295 0.35857143998146063 0.73214286565780651 0.76609560847282421 0.38750000298023229 0.26726190745830541 0.2788888961076737 0.67962265014648449
decision_type=2 2 2 2 2 2 2 2 2 2 2 2 2 2 2 2 2 2 2 2 2 2 2 2 2 2 2 2 2 2
left_child=1 5 3 10 -3 28 -7 9 -8 20 11 25 16 -11 -13 24 -12 18 19 22 -5 -10 -4 -21 -6 -2 -17 -14 -1 -30
right_child=2 4 17 7 15 6 8 -9 21 13 12 14 27 -15 -16 26 -18 -19 -20 23 -22 -23 -24 -25 -26 -27 -28 -29 29 -31
leaf_value=-0.080976347297892118 0.40040397861710991 -0.049868464116555974 0.1601073399967847 0.10744670560446057 0.01078483495670801 -0.068479725031521152 0.6883050875553679 0.082473715988792565 0.10180774820738131 0.049137777664910523 -0.069488812165039646 0.034429523934587695 0.094869958704130328 -0.017432421813766183 -0.044341376652850477 0.12872873133719309 0.008628583891647822 0.10519156112730714 0.098549015719961094 -0.041116251194881048 0.045244547430837986 0.013510936701272848 0.077545121539957323 0.046437879723878479 0.064882774832371523 0.13076685379533026 0.051830095194719109 -0.024187884642565764 -0.071255567149833873 0.18537922311357627
leaf_weight=20613.563749976456 5.6880093663930884 626.14513686299324 67.59387369453907 210.77599142119288 677.24483226239681 1009.3835439570248 2.8601504005491725 1713.262845210731 214.05560502782464 441.00870287418365 614.29180056974292 281.22823558747768 58.480677712708712 439.24488594010472 250.34925331920385 56.315951820462942 96.704751051962376 7979.6909685432911 4602.0181731060147 81.601024430245161 260.59259291738272 78.810089370235801 778.74488792568445 159.5828268751502 144.93114960193634 29.481852322816849 805.48431554436684 34.382256299257278 125.19408157467842 19.779164450243115
leaf_count=697782 37 15591 313 990 5350 32234 38 8552 1061 2550 13511 2715 371 3698 4230 239 1831 42081 23597 586 1872 652 3748 773 716 140 3577 245 4079 154
internal_value=-0.00373757 -0.0691022 0.0842606 0.0354704 0.0149258 -0.0779002 -0.0339407 0.0619109 0.0839493 0.0358463 -0.0236545 0.00831848 -0.0461966 0.0159194 -0.00266805 0.039018 -0.0588638 0.100092 0.0929407 0.0692084 0.0730587 0.0780471 0.0841391 0.0168152 0.0203211 0.174375 0.0568552 0.0507891 -0.0806639 -0.0362421
internal_weight=42478.5 24373.8 18104.7 4435.49 2310.12 22063.6 1305.11 3064.89 295.726 1351.62 1370.61 566.747 803.859 880.254 531.577 1683.98 710.997 13669.2 5689.54 1087.52 471.369 292.866 846.339 241.184 822.176 35.1699 861.8 92.8629 20758.5 144.973
internal_count=873313 761473 111840 40742 25473 736000 33985 17662 1751 9110 23080 7122 15958 6248 6945 9882 15342 71098 29017 5420 2862 1713 4061 1359 6066 177 3816 616 702015 4233
is_linear=0
shrinkage=0.08


Tree=16
num_leaves=31
num_cat=0
split_feature=7 15 15 8 16 1 1 6 1 11 11 11 11 11 1 4 6 7 4 14 0 16 6 16 15 4 16 4 4 1
split_gain=34274.6 4208.93 2135.8 881.923 270.031 222.595 206.369 204.678 176.138 164.451 159.208 268.19 224.186 134.657 125.801 120.036 86.7801 76.3495 82.6815 64.0309 65.2193 73.0163 58.8705 57.7076 84.2342 55.4744 54.1639 52.3746 40.1535 34.247
threshold=0.70814895629882824 0.68625652790069591 0.82427215576171886 0.75484195351600658 1.0000000180025095e-35 0.73286384344100963 0.22401433438062671 0.2522727251052857 0.18321678787469867 0.30384616553783422 0.81666666269302379 0.087121214717626586 0.47222222387790685 0.41428571939468389 0.91010102629661571 0.15476191043853763 0.30495168268680578 0.97993290424346935 0.87301588058471691 0.60081303119659435 0.13994288444519046 1.0000000180025095e-35 0.17902930825948718 1.0000000180025095e-35 0.93753117322921764 0.2264957278966904 1.0000000180025095e-35 0.38750000298023229 0.44949495792388922 0.8521554470062257
decision_type=2 2 2 2 2 2 2 2 2 2 2 2 2 2 2 2 2 2 2 2 2 2 2 2 2 2 2 2 2 2
left_child=1 19 3 4 8 26 7 -6 16 23 11 -5 -13 14 17 -10 -2 18 -4 -1 21 22 -21 27 -25 -8 -3 -7 -28 -22
right_child=2 5 13 10 6 9 25 -9 15 -11 -12 12 -14 -15 -16 -17 -18 -19 -20 20 29 -23 -24 24 -26 -27 28 -29 -30 -31
leaf_value=-0.080832104460148033 0.11606471966273278 0.01810610228830372 0.048098732761475915 0.10422770475224649 0.031582284886178022 0.12110971958548541 -0.064645276646586286 -0.056279382056582589 -0.010214933852209842 0.11004541436174116 0.083748296167035566 -0.035135940337053022 0.054267656242708975 0.1029899806041386 0.099513273375254493 0.072955977833273289 -0.01458380692402507 0.10193664448465495 0.10895254084112324 0.28917754442520649 -0.068832101479676194 -0.031325436081846084 -0.0099378646516226094 -0.010388207299390925 0.041425678505646463 0.007457968997712075 -0.056868295326852961 0.045962762165526617 0.0056850523779146478 0.0061297764252089592
leaf_weight=19724.375111959875 196.50175277516246 189.12015269324183 971.92195811867714 324.04464723914862 564.88407973200083 64.582978844642639 556.21552548371255 242.54964653402567 414.01961000263691 220.80791877768934 1553.7811340503395 308.29156104847789 429.70521025545895 9548.7339944094419 1527.2874027490616 151.76863161846995 38.995045315474272 308.02168296277523 167.52322971820831 9.9187319576740283 572.46522208675742 45.214997949078679 7.3181815929710856 319.52888550050557 540.44446402043104 77.849111508578062 202.42492784745991 733.65796837583184 97.216610495001078 41.857043173164129
leaf_count=723433 1059 1770 4369 1588 4508 347 11117 3687 6608 1149 7981 2581 2409 53388 8292 839 496 1567 811 133 18504 1080 165 2795 2269 540 4261 3490 1009 1068
internal_value=-0.00370262 -0.0682841 0.0808931 0.035871 -0.000938501 0.0326786 -0.0216347 0.00518901 0.0362935 0.0451886 0.0674312 0.043559 0.0169201 0.0983598 0.0834974 0.0120951 0.0944311 0.0665984 0.0570456 -0.0800019 -0.0558063 0.0220837 0.162184 0.0365523 0.0221739 -0.0557926 -0.0154158 0.0520426 -0.0365733 -0.0637246
internal_weight=40151 22768.9 17382.1 4858.61 2242.78 2367.78 1441.5 807.434 801.285 1879.02 2615.82 1062.04 737.997 12523.5 2974.75 565.788 235.497 1447.47 1139.45 20401.1 676.774 62.4519 17.2369 1658.21 859.973 634.065 488.762 798.241 299.642 614.322
internal_count=873313 761473 111840 43413 28854 17090 19852 8195 9002 10050 14559 6578 4990 68427 15039 7447 1555 6747 5180 744383 20950 1378 298 8901 5064 11657 7040 3837 5270 19572
is_linear=0
shrinkage=0.08


Tree=17
num_leaves=31
num_cat=0
split_feature=10 15 5 1 14 4 16 1 8 15 16 11 11 11 1 11 5 10 11 4 0 15 5 11 0 8 1 16 10 5
split_gain=30063.3 4992.18 1396.36 602.101 394.895 359.101 298.2 229.969 207.043 188.849 182.458 181.223 166.185 186.295 155.626 133.36 115.355 116.412 77.1724 75.2089 69.8025 61.4843 111.491 60.0723 53.1683 52.8277 48.3877 47.7848 46.2851 126.948
threshold=0.32071428000926977 0.70402085781097423 0.21975609660148623 0.21680375933647159 0.5534847378730775 0.2264957278966904 1.0000000180025095e-35 0.23132664710283282 0.8668593466281892 0.82427215576171886 1.0000000180025095e-35 0.47222222387790685 0.63333335518836986 0.10555555671453477 0.91010102629661571 0.47222222387790685 0.47114317119121557 0.11269841343164445 0.087121214717626586 0.87301588058471691 0.58759590983390819 0.60229706764221203 0.39559109508991247 0.10555555671453477 0.93127068877220165 0.75484195351600658 0.82413583993911754 1.0000000180025095e-35 0.26491229236125952 0.39559109508991247
decision_type=2 2 2 2 2 2 2 2 2 2 2 2 2 2 2 2 2 2 2 2 2 2 2 2 2 2 2 2 2 2
left_child=1 4 3 12 25 8 16 10 18 -8 -6 14 13 -2 19 -15 26 -18 -5 20 -4 -9 -23 -12 -11 28 -3 -10 -1 -30
right_child=2 6 11 5 7 -7 9 21 27 24 23 -13 -14 15 -16 -17 17 -19 -20 -21 -22 22 -24 -25 -26 -27 -28 -29 29 -31
leaf_value=-0.080837111773836401 0.10988405649349962 0.0032887127748057955 0.12364477956781128 0.084338072192736549 0.089247060676677759 0.10096038506724668 -0.046860242674429585 -0.068930581655646098 0.055228366897514432 -0.0072764952961827832 0.14064342555780424 0.099619680094713697 0.085804980494851565 -0.027966822204478461 0.097148633023385611 0.053818302617655023 0.045830038351084922 0.092858569235989188 -0.052588204764509448 0.10668467698196472 0.048943367624651735 -0.039948630450490588 0.15489357190805858 -0.028813808057300029 0.036925928708697139 0.11783414098157177 0.1134364041383368 -0.0018591535783249926 -0.061584948757599421 0.30162158292509017
leaf_weight=17709.028618086129 159.26129393279552 272.573980294168 85.254473166540265 27.325761979445815 133.19169692322612 170.2545148730278 317.81819757819176 746.15879813022912 176.38562735915184 238.29355933517218 13.979499083012341 9513.432902045548 998.20767509192228 269.14101573824883 1316.6713853031397 242.63702019490302 702.14051077887416 647.52350222691894 732.60424384474754 193.73581926524639 1312.8760041948408 157.72222922742367 21.338392363861203 316.72795402817428 647.0623627603054 8.6323176417499763 28.162120275199413 200.5190052986145 559.11427116207778 6.2274306975305072
leaf_count=699906 866 1951 444 195 1336 926 4835 25338 906 1860 88 56050 5461 2431 7554 1701 3209 3415 15513 1015 6556 4361 254 4711 2821 112 136 1079 18204 79
internal_value=-0.00366518 -0.0625562 0.0824846 0.0332686 -0.0769 -0.00739359 0.036328 -0.0357794 -0.0236209 0.00603936 0.0101896 0.0942769 0.0651089 0.0343222 0.0768012 0.010808 0.058409 0.0683927 -0.0476646 0.0599714 0.0534985 -0.058828 -0.0167296 -0.0216506 0.0250288 -0.0800243 0.0136034 0.0248569 -0.0801177 -0.0575841
internal_weight=37924 22525.7 15398.3 2976.34 19672.1 1307.09 2853.57 1389.12 1136.83 1203.17 463.899 12422 1669.25 671.039 2908.54 511.778 1650.4 1349.66 759.93 1591.87 1398.13 925.219 179.061 330.707 885.356 18283 300.736 376.905 18274.4 565.342
internal_count=873313 772616 100697 29078 754389 18619 18227 36088 17693 9516 6135 71619 10459 4998 15569 4132 8711 6624 15708 8015 7000 29953 4615 4799 4681 718301 2087 1985 718189 18283
is_linear=0
shrinkage=0.08


Tree=18
num_leaves=31
num_cat=0
split_feature=7 15 15 10 16 11 11 1 11 11 1 11 15 11 1 5 7 14 11 14 5 0 4 4 10 5 11 16 0 14
split_gain=27788.9 3721 1943.4 704.692 267.765 192.808 220.086 172.394 167.817 148.891 127.728 113.218 104.81 148.173 85.5738 169.569 77.485 81.1245 75.051 69.1123 63.5506 257.836 60.0121 58.3491 58.0751 107.476 86.8541 49.7583 45.5932 43.6571
threshold=0.70814895629882824 0.68625652790069591 0.82427215576171886 0.42481203377246862 1.0000000180025095e-35 0.76388889551162731 0.087121214717626586 0.81872946023941051 0.47222222387790685 0.41428571939468389 0.91010102629661571 0.23611111193895343 0.35196441411972051 0.087121214717626586 0.18321678787469867 0.15438786894083026 0.97993290424346935 0.013245614245533945 0.63333335518836986 0.60081303119659435 0.093933824449777617 0.26735395193099981 0.44949495792388922 0.10555555671453477 0.048809524625539787 0.4252659678459168 0.47222222387790685 1.0000000180025095e-35 0.13994288444519046 0.38913471996784216
decision_type=2 2 2 2 2 2 2 2 2 2 2 2 2 2 2 2 2 2 2 2 2 2 2 2 2 2 2 2 2 2
left_child=1 19 3 4 14 6 23 18 -8 10 16 -9 13 -6 29 -16 17 -4 22 -1 21 -7 27 -5 -21 28 -27 -3 -26 -2
right_child=2 7 9 5 12 20 8 11 -10 -11 -12 -13 -14 -15 15 -17 -18 -19 -20 24 -22 -23 -24 -25 25 26 -28 -29 -30 -31
leaf_value=-0.080248118990250833 0.0023541621860515829 0.012547357496264367 -0.013316768674466357 0.10879823969959089 0.15360277131990885 0.081916132747086048 -0.029854726964815798 0.03626453934222184 0.040071573834969336 0.098364154919829652 0.094219940583326972 0.10404148377751689 -0.063692223079753585 -0.021860643739973318 -0.043200705203780665 0.051153489507760962 0.09690418258550125 0.057543955849970983 0.10708323920508932 -0.071193477482905193 0.094680874470274734 -0.013750521065982589 0.014798556243964454 0.028707390070881949 0.018117207792351316 0.077278683679957202 0.50503661109187814 -0.048904981887247463 -0.064399391153549132 0.096547964509114001
leaf_weight=16941.289508858696 40.092990770936012 124.87968583032489 115.65133269131184 238.61587620526552 32.536740198731422 867.03138939663768 369.21572008915246 1318.2950144018978 542.23413030430675 8513.7316939681768 1372.324124738574 179.17486908100545 441.05055144988 577.67949610203505 204.6835222300142 301.39885216765106 284.63363149762154 976.09533578157425 39.313708128407598 393.7346460595727 585.16025125235319 227.64182635582983 419.68613074347377 77.004017919301987 63.076935391873121 17.041199544444684 3.6969523914158335 259.68324482440948 133.67073340900242 146.78294719383121
leaf_count=723433 440 1269 522 1316 150 4636 3402 6266 3570 53388 8292 992 9695 7064 4931 1855 1567 4658 259 14232 3264 1850 3170 376 1371 377 46 5134 4924 864
internal_value=-0.0036259 -0.066659 0.0751717 0.0316682 -0.00853163 0.0557893 0.0316827 0.0280802 0.0117454 0.0931376 0.0769493 0.0443742 -0.0339801 -0.0125049 0.0300756 0.0129922 0.0597295 0.0500375 -0.000844402 -0.0792946 0.0733984 0.0620219 -0.00612018 0.0892579 -0.0528661 -0.0196864 0.153534 -0.0289495 -0.0379447 0.0763393
internal_weight=35807.1 19893.5 15913.6 4651.13 1744.23 2906.9 1227.07 2341.03 911.45 11262.4 2748.7 1497.47 1051.27 610.216 692.958 506.082 1376.38 1091.75 843.563 17552.5 1679.83 1094.67 804.249 315.62 611.22 217.486 20.7382 384.563 196.748 186.876
internal_count=873313 761473 111840 43413 24999 18414 8664 17090 6972 68427 15039 7258 16909 7214 8090 6786 6747 5180 9832 744383 9750 6486 9573 1692 20950 6718 423 6403 6295 1304
is_linear=0
shrinkage=0.08


Tree=19
num_leaves=31
num_cat=0
split_feature=7 15 15 8 11 11 4 11 1 1 7 2 1 6 11 4 2 7 14 11 15 14 6 1 6 7 4 15 4 4
split_gain=25028.5 3502.96 1852.32 632.284 212.303 252.062 248.536 156.837 152.573 129.806 97.2939 92.1023 157.809 150.317 91.0088 88.4016 95.3845 80.1527 93.8927 78.0514 78.4961 72.4095 70.1113 67.1538 81.1429 69.3308 64.77 43.2297 121.082 42.1383
threshold=0.70814895629882824 0.68625652790069591 0.82427215576171886 0.78471276164054882 0.63333335518836986 0.087121214717626586 0.087121214717626586 0.41428571939468389 0.86706829071044933 0.94570022821426403 0.9178399145603181 0.66312056779861461 0.16784037649631503 0.48863048851490026 0.30384616553783422 0.19090909510850909 0.2014492750167847 0.97993290424346935 0.013245614245533945 0.41428571939468389 0.79251840710639965 0.53585714101791393 0.2522727251052857 0.15504807978868487 0.17712418735027316 0.63427746295928966 0.30384616553783422 0.59091731905937206 0.44949495792388922 0.38750000298023229
decision_type=2 2 2 2 2 2 2 2 2 2 2 2 2 2 2 2 2 2 2 2 2 2 2 2 2 2 2 2 2 2
left_child=1 21 3 4 5 6 -2 9 19 17 -7 12 22 -14 29 16 -6 18 -4 20 -3 -1 -5 24 25 -23 -21 -25 -29 -10
right_child=2 8 7 11 15 10 -8 -9 14 -11 -12 -13 13 -15 -16 -17 -18 -19 -20 26 -22 23 -24 27 -26 -27 -28 28 -30 -31
leaf_value=-0.080220166179945596 0.14626932811526275 -0.035123943102840442 -0.011672640091349723 0.089412495783486978 0.053667969394359166 -0.03733662359406488 -0.021097972485056123 0.096395784879070634 0.095283659814213523 0.096734731658476861 0.018451720277707775 0.094997625979190523 0.0054202883574159142 0.069931227387970113 0.1073511358834599 0.11538253297753764 -0.0088350860808948592 0.094666200261567593 0.058428608692559475 -0.0096961755850610183 0.013023897936087303 0.021316796163367298 0.028225949226263689 -0.072643563785284346 -0.060595443283706876 0.23873285154597224 0.13315851076655272 -0.044728372264514087 0.24597134416677699 0.033477623655277337
leaf_weight=15385.275220561773 114.32985434308648 310.41580747626722 136.59137178957462 677.9345564506948 367.4484830647707 1159.0008670166135 112.81726215779781 8013.0472339093685 75.947675831615925 993.72425323724747 241.81003212556243 407.55690102279186 584.36395946890116 382.45746616274118 135.67908265441656 81.86457234993577 271.88612179271877 340.64116582274437 1167.1945154964924 33.10216367430985 717.86208416894078 33.55579599738121 145.59534652903676 666.459189331159 56.290122615173459 13.032690605148671 52.573138162493706 109.71972217597067 10.006361398845909 1002.3331211879849
leaf_count=709952 587 5706 647 3843 2299 20655 754 53388 334 6379 1990 2372 3802 2042 805 441 3870 2018 5995 394 4927 834 758 27423 1767 261 265 3955 191 4659
internal_value=-0.00358331 -0.0658076 0.0725775 0.0298326 0.000977025 -0.0150303 0.0631429 0.0908256 0.0259819 0.0739071 -0.0277064 0.0606738 0.0528603 0.0309397 0.0456009 0.0371102 0.0270877 0.0601123 0.0510844 0.00460157 -0.00151094 -0.0789374 0.0785951 -0.056739 0.00404077 0.0821369 0.0779641 -0.0646925 -0.0204325 0.0378309
internal_weight=33800.5 18602.3 15198.3 4547.07 2349.16 1627.96 227.147 10651.2 2327.91 2638.15 1400.81 2197.91 1790.35 966.821 1213.96 721.199 639.335 1644.43 1303.79 1113.95 1028.28 16274.3 823.53 889.064 102.879 46.5885 85.6753 786.185 119.726 1078.28
internal_count=873313 761473 111840 43413 30596 23986 1341 68427 17090 15039 22645 12817 10445 5844 5798 6610 6169 8660 6642 11292 10633 744383 4601 34431 2862 1095 659 31569 4146 4993
is_linear=0
shrinkage=0.08


Tree=20
num_leaves=31
num_cat=0
split_feature=7 15 15 8 16 7 11 1 11 1 11 11 2 14 7 4 15 2 1 6 1 11 10 6 15 4 2 4 4 10
split_gain=22538.3 3227.93 1839.37 579.37 252.479 173.736 164.943 132.988 127.179 116.58 108.381 134.505 107.627 74.6278 72.6108 79.5576 70.8087 66.66 122.55 100.581 62.2434 76.4415 62.0238 54.0954 42.7926 89.2956 42.2279 40.9273 35.3925 35.0862
threshold=0.70025381445884716 0.68625652790069591 0.82427215576171886 0.81916236877441417 1.0000000180025095e-35 0.96984851360321056 0.41428571939468389 0.91010102629661571 0.41428571939468389 0.88273492455482494 0.63333335518836986 0.095454547554254546 0.23132664710283282 0.53585714101791393 0.97993290424346935 0.87301588058471691 0.79251840710639965 0.66312056779861461 0.16784037649631503 0.4695423692464829 0.15504807978868487 0.10555555671453477 0.20942982286214831 0.2522727251052857 0.59091731905937206 0.44949495792388922 0.59390470385551464 0.2264957278966904 0.38750000298023229 0.21132376790046695
decision_type=2 2 2 2 2 2 2 2 2 2 2 2 2 2 2 2 2 2 2 2 2 2 2 2 2 2 2 2 2 2
left_child=1 13 3 4 10 12 7 14 9 16 11 -2 -6 -1 15 -4 -3 18 23 -20 21 -15 -23 -5 -22 -26 -18 -10 -11 -12
right_child=2 8 6 17 5 -7 -8 -9 27 28 29 -13 -14 20 -16 -17 26 -19 19 -21 24 22 -24 -25 25 -27 -28 -29 -30 -31
leaf_value=-0.080053000489848675 0.089524682210977993 -0.032499359528030534 0.035181499391748264 0.088867814183264573 -0.0052452533829604542 0.049605805977213376 0.094631389648002884 0.089900756711044846 0.0059257672133881528 0.094401789035865782 -0.014754431357777683 -0.0031419755262483513 -0.049567863257531347 0.30821886900529788 0.091480907356877528 0.09897957241576387 -0.053641672118249939 0.093099145859930246 0.0091198479801581356 0.065359502762885505 -0.071888743856099932 -0.029691059334622655 0.22780026411693452 0.031405707370777448 -0.042681273136534012 0.18846773738684294 0.017842227745512151 0.10779914352125458 0.033941599664550702 0.07623099204305922
leaf_weight=14210.158062657341 124.04162170179188 305.7670916095376 906.4644637554884 581.46696019172668 719.6640621367842 220.10836121812463 7538.5704334974289 1234.381242275238 30.716764478012919 66.384819861501455 29.479538954794407 522.59859861433506 683.77570239454508 5.0107458066195241 256.19952248036861 145.12490007281303 56.938584867864847 342.60782468318939 474.65131185948849 356.29234574362636 618.49085493572056 88.918263051658869 6.4192721210420123 127.91892991960049 104.38668893091381 11.917225547134874 743.56956792995334 141.52790642157197 930.8699084315449 339.64459997043014
leaf_count=708346 677 5695 4381 3478 8346 1328 53447 8328 356 293 285 7642 13498 29 1567 815 519 2112 2872 1876 27283 2595 177 659 3925 191 4726 850 4359 2658
internal_value=-0.00353564 -0.0652555 0.0696722 0.0272814 0.00309543 -0.0164759 0.0886889 0.071067 0.0235419 0.0181302 0.0343773 0.0146338 -0.0268399 -0.0786871 0.0532904 0.043986 0.000248963 0.0611828 0.0540838 0.0332343 -0.0554459 0.00365368 -0.0123536 0.078506 -0.0635169 -0.0189963 0.0127577 0.0896318 0.0379663 0.0689646
internal_weight=31924.1 17321.1 14603 4522.25 2639.31 1623.55 10080.7 2542.17 2275.77 2103.53 1015.76 646.64 1403.44 15045.3 1307.79 1051.59 1106.28 1882.94 1540.33 830.944 835.143 100.348 95.3375 709.386 734.795 116.304 800.508 172.245 997.255 369.124
internal_count=873313 759344 113969 45431 34434 23172 68538 15091 16798 15592 11262 8319 21844 742546 6763 5196 10940 10997 8885 4748 34200 2801 2772 4137 31399 4116 5245 1206 4652 2943
is_linear=0
shrinkage=0.08


Tree=21
num_leaves=31
num_cat=0
split_feature=7 15 15 10 16 16 7 15 10 5 2 6 15 12 1 2 1 7 4 4 5 15 10 5 7 5 12 4 8 0
split_gain=20291 3055.59 1769.98 522.971 216.172 139.158 136.909 125.066 94.1417 92.1565 97.4528 91.2373 113.927 88.273 83.3367 77.7121 128.26 73.2269 61.7314 60.3345 55.8363 105.204 55.0723 49.3209 45.659 187.116 73.7823 504.334 57.1746 39.7781
threshold=0.70025381445884716 0.6700209677219392 0.82427215576171886 0.42481203377246862 1.0000000180025095e-35 1.0000000180025095e-35 0.93629321455955516 0.79251840710639965 0.17902930825948718 0.41421362757682806 0.2237871661782265 0.15047170221805575 0.24392151087522509 1.0000000180025095e-35 0.94185259938240062 0.74239632487297069 0.22401433438062671 0.97446763515472423 0.84523808956146251 0.27922078967094427 0.29198718070983892 0.35373146831989294 0.26794873178005224 0.46737588942050939 0.61980068683624279 0.39559109508991247 1.0000000180025095e-35 1.0000000180025095e-35 0.27305428683757788 0.93908473849296581
decision_type=2 2 2 2 2 2 2 2 2 2 2 2 2 2 2 2 2 2 2 2 2 2 2 2 2 2 2 2 2 2
left_child=1 24 3 4 15 8 9 22 19 10 -5 12 -6 14 17 16 -2 18 -4 -3 21 -8 -7 -21 -1 26 27 -26 -28 -9
right_child=2 5 13 6 11 7 20 29 -10 -11 -12 -13 -14 -15 -16 -17 -18 -19 -20 23 -22 -23 -24 -25 25 -27 28 -29 -30 -31
leaf_value=-0.079596283962649672 0.064883216240958136 0.10453147492642102 0.037887497806647456 0.047818544207780728 0.027135444193484296 -0.058501209705769011 0.074069359395874557 -0.0089622727031839627 0.0871311589436463 0.094814369913821236 -0.0028533809819252863 -0.052893473375556554 -0.056849249639019134 0.090491534392180301 0.092865668386258385 0.090667988695566276 -0.012576797163069243 0.093731630196910734 0.09794577404872469 -0.023377637531770263 0.093706810340370025 0.027941303893758818 0.050095491654763152 0.0315498697603349 1.014735172539335 0.55610823400485709 0.30303195470079153 -0.077356416989030105 -0.067499435009239592 0.027298209104569111
leaf_weight=13205.254063772038 210.35806785710156 63.417895933613181 753.56607013940811 414.99035318754613 272.83628139458597 245.55920173414052 776.16637593507767 281.67704680934548 224.14416398666799 111.5623504370451 585.78437783010304 586.98896169662476 166.4298337623477 7653.4724263250828 699.34347265958786 99.991383783519268 391.29199299775064 277.59341967850924 128.16008920967579 122.2331014201045 296.51479542255402 534.23007702827454 34.028436776250601 726.24285843782127 3.1787606757134226 3.1560580618679515 2.6759995874017468 18.20930358953774 661.51663274690509 619.38176369667053
leaf_count=706050 1726 558 3908 2441 2383 6478 4534 2482 1564 655 5961 12473 3356 56977 5046 512 6479 1823 784 1174 1941 2970 515 3743 53 36 69 899 33022 2701
internal_value=-0.00348485 -0.0643663 0.0672157 0.0255537 -0.00886178 0.0206921 0.0474224 0.00145912 0.0406804 0.0258469 0.0181587 -0.0322588 -0.00468481 0.0866937 0.0710552 0.0253599 0.014506 0.0578984 0.046617 0.0292627 0.0623573 0.0552636 -0.045284 0.0236369 -0.0785489 -0.0584679 -0.0612971 0.0849536 -0.0660066 0.0159629
internal_weight=30170 16210.7 13959.3 4447.14 1727.9 2316.68 2719.25 1180.65 1136.04 1112.34 1000.77 1026.26 439.266 9512.14 1858.66 701.641 601.65 1159.32 881.726 911.894 1606.91 1310.4 279.588 848.476 13894 688.737 685.581 21.3881 664.193 901.059
internal_count=873313 759344 113969 45431 26929 19215 18502 12176 7039 9057 8402 18212 5739 68538 11561 8717 8205 6515 4692 5475 9445 7504 6993 4917 740129 34079 34043 952 33091 5183
is_linear=0
shrinkage=0.08


Tree=22
num_leaves=31
num_cat=0
split_feature=7 15 15 11 11 4 11 11 1 16 15 5 2 6 2 10 7 14 14 7 5 10 5 14 6 4 6 4 0 11
split_gain=18265.1 2892.35 1698.44 478.119 510.581 201.862 186.922 174.25 140.64 117.623 110.898 98.7826 284.352 100.448 94.2758 83.1266 76.7177 86.7187 74.5417 74.3881 64.9547 62.4875 72.9452 60.1831 58.9089 54.2303 49.2759 61.3824 43.3662 43.2134
threshold=0.70025381445884716 0.6700209677219392 0.82427215576171886 0.63333335518836986 0.087121214717626586 0.087121214717626586 0.41428571939468389 0.47222222387790685 0.94570022821426403 1.0000000180025095e-35 0.75880110263824474 0.093933824449777617 0.25143678486347204 0.30839161574840551 0.76506900787353527 0.19139194488525393 0.97993290424346935 0.013245614245533945 0.63136324286460888 0.75490951538085949 0.38935969769954687 0.048809524625539787 0.47559523582458502 0.30992957949638372 0.65881377458572399 0.27922078967094427 0.44058823585510259 0.19090909510850909 0.94201681017875682 0.19090909510850909
decision_type=2 2 2 2 2 2 2 2 2 2 2 2 2 2 2 2 2 2 2 2 2 2 2 2 2 2 2 2 2 2
left_child=1 18 3 4 5 19 8 14 16 15 -11 12 13 -5 -6 23 17 -4 -1 -2 -9 -20 -23 -3 -14 -25 27 -13 -12 -24
right_child=2 9 6 11 7 -7 -8 20 -10 10 28 26 24 -15 -16 -17 -18 -19 21 -21 -22 22 29 25 -26 -27 -28 -29 -30 -31
leaf_value=-0.079294327598538522 0.32896607012100842 -0.050571742560980071 -0.019486919185089286 0.074685138680222501 -0.044603360840550464 0.0062593688108408306 0.09160947760729625 0.0027305314316393259 0.091636768149390077 -0.052453235229781792 -0.010730179983120865 0.04436007371149029 -0.033913737105591098 0.017521196901261665 0.083614069714911005 0.084329898873665848 0.087777487218061834 0.049286213447177339 -0.066191261709183685 0.10865507766938323 0.087928321707557627 -0.020099829821076561 0.056719657871112591 0.10258498182234572 0.086101894805745025 0.027081669878205369 0.11531556878732004 0.10228556666004575 0.024932891417820114 0.33460459542949905
leaf_weight=12484.824028085917 10.17542354762554 59.2152681928128 131.65823273360729 784.76261786557734 1054.783386958763 170.03182734549046 6641.6981541290879 698.86100177280605 832.74412195384502 202.77348369918764 333.20938791334629 331.34948916919529 311.59726136177778 262.55153366737068 38.024767555296421 199.83974115364254 287.52219334244728 1079.1641968637705 266.11712955310941 272.15502142161131 62.383130222558975 114.47563777118921 8.9458612706512195 65.837622793391347 28.575325503945351 808.87930130399764 163.10096233338118 181.05522093549371 632.34249153733253 5.9727594628930083
leaf_count=723347 60 841 648 4895 18452 1107 53447 8462 6406 6061 3340 2424 3679 1852 181 1412 2018 6019 12390 1698 370 4113 210 538 174 4248 1015 1062 2775 69
internal_value=-0.00343781 -0.0634492 0.0648507 0.0239479 -0.00108016 0.0751227 0.0847688 -0.0196726 0.0652786 0.0191444 0.00133063 0.0519291 0.0397145 0.0603547 -0.040142 0.037501 0.0506294 0.0418082 -0.0782111 0.116595 0.0097124 -0.0440181 0.00158414 0.0274807 -0.0238321 0.0327646 0.077018 0.0648277 0.0126257 0.167973
internal_weight=28524.6 15182.4 13342.2 4369.41 2306.41 452.362 8972.79 1854.05 2331.09 2302.1 1168.33 2062.99 1387.49 1047.31 1092.81 1133.77 1498.34 1210.82 12880.3 282.33 761.244 395.511 129.394 933.932 340.173 874.717 675.506 512.405 965.552 14.9186
internal_count=873313 759344 113969 45431 30330 2865 68538 27465 15091 19215 12176 15101 10600 6747 18633 7039 8685 6667 740129 1758 8832 16782 4392 5627 3853 4786 4501 3486 6115 279
is_linear=0
shrinkage=0.08


Tree=23
num_leaves=31
num_cat=0
split_feature=7 15 15 7 2 10 12 16 1 12 16 1 12 14 7 1 6 4 2 16 4 2 16 1 5 10 15 4 10 5
split_gain=16451 2800.08 1569.12 406.075 168.335 129.19 143.22 145.514 115.134 96.4968 92.8043 84.1653 78.6148 78.0277 70.3933 64.7245 65.946 61.9264 61.7702 56.2644 65.0495 54.6664 54.1564 42.9567 80.9959 37.8936 34.7698 34.663 32.9336 223.899
threshold=0.70814895629882824 0.6700209677219392 0.82427215576171886 0.86121249198913585 0.74239632487297069 0.71825397014617931 1.0000000180025095e-35 1.0000000180025095e-35 0.89009663462638866 1.0000000180025095e-35 1.0000000180025095e-35 0.94185259938240062 1.0000000180025095e-35 0.53585714101791393 0.97446763515472423 0.15504807978868487 0.18561584502458575 0.84523808956146251 0.23132664710283282 1.0000000180025095e-35 0.2264957278966904 0.15831244736909869 1.0000000180025095e-35 0.16784037649631503 0.075235851109027876 0.21807064861059192 0.72835320234298717 0.38750000298023229 0.2788888961076737 0.32583418488502508
decision_type=2 2 2 2 2 2 2 2 2 2 2 2 2 2 2 2 2 2 2 2 2 2 2 2 2 2 2 2 2 2
left_child=1 13 3 4 10 6 -5 -8 19 11 21 14 27 28 17 16 22 -4 -12 25 -21 -2 -15 -7 -25 -3 -6 -10 -1 -30
right_child=2 8 9 5 26 23 7 -9 12 -11 18 -13 -14 15 -16 -17 -18 -19 -20 20 -22 -23 -24 24 -26 -27 -28 -29 29 -31
leaf_value=-0.079976695648535587 0.049528233216316324 0.011953628441221963 0.03278216932732058 0.096021455858024449 0.13026634144207969 0.082394425617381806 0.048802467405065671 -0.00042663983401652319 0.091550623764360906 0.087272636556936276 -0.014164705605366408 0.089658881209804239 0.10147143242818496 0.19784385375194233 0.090086185343920419 -0.061256648174004627 -0.058073106444257123 0.09543986709128302 -0.059296589077479193 -0.064390579578800095 -0.0014626011473067035 -0.0090775377683997554 0.015986098178306807 0.016089090985482106 0.078281290672517753 0.068901355217447655 0.04515299514117882 0.026499887186773301 -0.062364749306660472 0.43488722606414348
leaf_weight=11048.761752244085 135.71908506937325 519.41642356663942 722.62178131937981 179.3131263256073 43.46386693790555 457.67078303545713 669.71523489058018 901.59520030580461 55.835574060678482 6738.3623215556145 374.78194946795702 612.61471205949783 112.04618635028601 15.796474620699881 247.42494646459818 599.02617781236768 45.361612651497126 117.34283401072025 402.55037539452314 129.29685036279261 562.52936947718263 408.34972593002021 31.13958596624434 252.85736998915672 285.16459094733 87.358579374849796 104.74488666653633 858.35570143721998 237.68135075457394 5.9401716571301213
leaf_count=694487 995 3691 3893 1088 235 3122 4358 6845 259 56902 5737 5027 800 219 1823 31261 1721 782 10345 3167 6619 6910 922 1270 1908 647 600 4371 13200 109
internal_value=-0.00338453 -0.0621504 0.0630636 0.0232086 -0.0107321 0.041371 0.0282854 0.0205555 0.018198 0.0829756 -0.0197998 0.0659435 0.0382247 -0.0777379 0.0525827 -0.0516481 0.0107126 0.0415354 -0.0375368 0.00237161 -0.0132233 0.00554179 0.0771909 0.0643781 0.0490525 0.0201525 0.0701134 0.030473 -0.0793352 -0.0502404
internal_weight=26962.8 14308.5 12654.3 4215.93 1469.61 2746.32 1750.62 1571.31 2324.84 8438.37 1321.4 1700 1026.24 11983.7 1087.39 691.324 92.2977 839.965 777.332 1298.6 691.826 544.069 46.9361 995.693 538.022 606.775 148.209 914.191 11292.4 243.622
internal_count=873313 761473 111840 43413 24822 18591 12291 11203 19554 68427 23987 11525 5430 741919 6498 34123 2862 4675 16082 14124 9786 7905 1141 6300 3178 4338 835 4630 707796 13309
is_linear=0
shrinkage=0.08


Tree=24
num_leaves=31
num_cat=0
split_feature=7 15 5 7 11 4 2 6 1 6 1 11 11 11 4 7 0 4 15 14 2 2 4 1 11 11 10 4 15 10
split_gain=14803.6 2498.33 1630.7 503.506 254.102 188.001 222.918 323.759 168.048 163.499 105.054 102.219 93.5922 96.0172 172.216 75.1183 76.801 71.0498 70.2333 62.7622 60.4932 54.0432 50.0477 49.4318 47.357 45.8281 43.0099 40.8447 39.7091 51.4742
threshold=0.68500718474388134 0.65980625152587902 0.34178434312343603 0.83899769186973583 0.47222222387790685 0.2264957278966904 0.25143678486347204 0.44543650746345526 0.91010102629661571 0.28035087883472448 0.81872946023941051 0.23611111193895343 0.5634920895099641 0.087121214717626586 0.087121214717626586 0.97993290424346935 0.680425524711609 0.15476191043853763 0.68625652790069591 0.53585714101791393 0.2014492750167847 0.89009663462638866 0.44949495792388922 0.15504807978868487 0.10555555671453477 0.30384616553783422 0.20942982286214831 0.2264957278966904 0.75880110263824474 0.17902930825948718
decision_type=2 2 2 2 2 2 2 2 2 2 2 2 2 2 2 2 2 2 2 2 2 2 2 2 2 2 2 2 2 2
left_child=1 19 3 12 8 6 9 -8 15 -5 21 28 13 14 -2 16 -4 20 -13 -1 -14 22 -3 24 -21 -24 -26 -15 29 -12
right_child=2 10 4 5 -6 -7 7 -9 -10 -11 11 18 17 27 -16 -17 -18 -19 -20 23 -22 -23 25 -25 26 -27 -28 -29 -30 -31
leaf_value=-0.079487556075737972 0.18262072488454006 -0.030408345417504062 0.11565716280140846 0.061696175150881633 0.088596927427112032 0.086047324392640442 -0.041524340900990796 0.057675263580075131 0.082332821461777519 0.0037361502088744357 -0.059402521552745675 0.45870309149669763 0.038969217348905918 -0.053416506821273531 -0.046977015432709622 0.08380532975179511 0.025684255246117896 0.12890724532823172 0.090885915100405529 0.24928384902166595 -0.037626975946730812 0.15430078651828699 0.0029222931208902222 -0.062136055300865224 -0.027097179189949104 0.125146336320651 0.20401742502291473 0.049581097996975812 0.026009420197707217 0.064859741114811451
leaf_weight=10325.782072748058 33.078438341617584 402.51722780521959 64.39148229919374 1125.336538253352 5997.4213643819094 406.81684499979019 562.41777184978127 336.57134029269218 993.65519085526466 430.70025663077831 77.033862415701151 3.4303649049252263 124.9427359867841 731.71671864762902 56.828480307012796 201.82666751742363 1064.5666195303202 29.749305114150047 105.61882635764778 4.7600123714655629 139.85339613631368 13.003376672044395 417.08324582036585 535.7464675726369 72.385736897587776 20.603394163772464 5.548412922769784 25.499882433563471 1180.2401649653912 29.507025539875031
leaf_count=700523 192 9221 390 7108 54348 2828 5334 2383 8421 3057 1768 57 1265 21400 658 1562 5931 203 716 27 3767 79 3717 30010 2468 124 145 262 5047 302
internal_value=-0.00332977 -0.0622235 0.059711 0.0177576 0.0798941 0.0356768 0.02733 -0.00438513 0.0574394 0.0456532 0.0145715 0.0280893 -0.0271609 -0.0406673 0.0374963 0.0388523 0.030816 0.0116843 0.102456 -0.0780049 -0.00148544 -0.0075435 -0.0100483 -0.0532501 0.00431854 0.00867579 -0.0106433 -0.049948 0.0217871 -0.0249875
internal_weight=25518.6 13193.3 12325.4 4003.51 8321.86 2861.84 2455.03 898.989 2324.44 1556.04 2249.04 1395.83 1141.67 847.124 89.9069 1330.78 1128.96 294.545 109.049 10944.2 264.796 853.207 840.204 618.441 82.6942 437.687 77.9341 757.217 1286.78 106.541
internal_count=873313 754204 119109 48457 70652 20710 17882 7717 16304 10165 21031 7890 27747 22512 850 7883 6321 5235 773 733173 5032 13141 13062 32650 2640 3841 2613 21662 7117 2070
is_linear=0
shrinkage=0.08


Tree=25
num_leaves=31
num_cat=0
split_feature=7 14 0 8 11 7 2 0 1 16 2 6 0 2 2 2 11 4 11 11 7 6 7 16 6 4 2 1 4 1
split_gain=13321.2 1875.15 1528.87 471.701 242.797 202.068 252.803 175.194 156.048 148.021 145.02 159.903 126.217 93.5679 90.926 99.8675 86.9188 77.9992 73.3104 142.585 69.1626 68.9196 68.2025 63.69 53.5545 93.6032 40.9878 77.9327 38.2849 32.9615
threshold=0.68500718474388134 0.6431068778038026 0.79277813434600841 0.81916236877441417 0.41428571939468389 0.60386699438095104 0.63686314225196849 0.76833632588386547 0.91010102629661571 1.0000000180025095e-35 0.23132664710283282 0.30839161574840551 0.53694942593574535 0.76506900787353527 0.18321678787469867 0.4654348641633988 0.19090909510850909 0.87301588058471691 0.86607143282890331 0.11805555596947671 0.97993290424346935 0.26138716936111456 0.98421010375022899 1.0000000180025095e-35 0.10762548446655275 0.64583334326744091 0.48050633072853094 0.23132664710283282 0.44949495792388922 0.15504807978868487
decision_type=2 2 2 2 2 2 2 2 2 2 2 2 2 2 2 2 2 2 2 2 2 2 2 2 2 2 2 2 2 2
left_child=1 5 3 9 8 -1 29 -3 17 14 11 -11 -8 -12 21 -16 24 20 19 -5 -4 -2 -21 -14 28 -26 27 -20 -9 -7
right_child=2 7 4 18 -6 6 12 16 -10 10 13 -13 23 -15 15 -17 -18 -19 26 22 -22 -23 -24 -25 25 -27 -28 -29 -30 -31
leaf_value=-0.078636550650747442 0.081379472955836182 -0.043365734788890872 0.020194401525799224 0.085179975464011765 0.088478987225592221 -0.021445759006263748 0.70264312382932537 0.066065470750351477 0.080677936918468876 0.021408845081510221 -0.053902499727361518 -0.0586250307773242 0.063576353514614131 0.082586963715974696 -0.030335595739177799 0.033243300118151374 0.16575556385089793 0.09023969343310087 0.070802510195768678 -0.01401790889685078 0.080009510717926294 -0.0097778289392284178 0.051849196305717771 -0.025474289091052191 -0.025116744356420466 0.025741072520146596 0.082796161420075565 0.015375269316302474 0.022314484414765311 -0.072375673562900214
leaf_weight=9448.6187707548961 219.4359322283417 358.46533049829304 864.84016666561365 208.01059293746948 5380.7633393257856 96.909259896725416 1.8016159282997239 161.13428326882422 937.27187379449606 684.22099721152335 621.28278322331607 208.43905038759112 137.55013440363109 33.89852062985301 281.94155054260045 360.0225051920861 25.126052165403962 151.90584697574377 462.00088366121054 333.89405771531165 144.36928819864988 70.018439686857164 144.00176636874676 82.071190368384123 419.41730351746082 517.23365089297295 421.62655568122864 250.31135876476765 622.62817136570811 505.83926321472973
leaf_count=683375 1295 15588 4618 1484 52628 6344 37 1234 8433 6392 15986 3901 1076 209 7083 3004 240 1118 3206 2220 1156 793 892 1954 4585 2653 3397 1294 3241 33877
internal_value=-0.00327513 -0.0612305 0.0576253 0.0196089 0.0794777 -0.0753228 -0.0373328 0.0075753 0.0563961 -0.0030945 -0.018258 0.00272067 0.0357692 -0.0468407 0.0221044 0.00532035 0.0180366 0.0367955 0.0505388 0.0298936 0.0287511 0.0593287 0.00582947 0.0302987 0.0158792 0.00296776 0.0630268 0.051325 0.0313093 -0.0641872
internal_weight=24155.1 12376.8 11778.3 4299.1 7479.15 10272.8 824.171 2104 2098.39 2479.26 1547.84 892.66 221.423 655.181 931.418 641.964 1745.54 1161.12 1819.85 685.906 1009.21 289.454 477.896 219.621 1720.41 936.651 1133.94 712.312 783.762 602.749
internal_count=873313 754204 119109 51156 67953 726663 43288 27541 15325 38663 26488 10293 3067 16195 12175 10087 11953 6892 12493 4596 5774 2088 3112 3030 11713 7238 7897 4500 4475 40221
is_linear=0
shrinkage=0.08


Tree=26
num_leaves=31
num_cat=0
split_feature=7 14 5 10 11 7 5 11 11 5 1 11 4 14 11 4 1 4 4 4 10 11 7 0 7 10 6 0 1 4
split_gain=11980.2 1792.33 1475.96 445.707 244.876 200.459 241.059 164.576 171.092 152.378 149.466 144.202 134.866 107.842 97.2136 92.2452 92.5144 77.8154 77.2448 81.3912 73.4188 67.5476 57.6398 55.7728 44.4394 42.77 41.4138 56.1528 37.7448 45.0102
threshold=0.68500718474388134 0.6431068778038026 0.37965516746044164 0.42481203377246862 0.41428571939468389 0.60386699438095104 0.43437242507934576 0.76388889551162731 0.087121214717626586 0.38266584277153021 0.94570022821426403 0.087121214717626586 0.087121214717626586 0.49212549626827246 0.47222222387790685 0.13392857462167743 0.16784037649631503 0.2264957278966904 0.84523808956146251 0.6904762089252473 0.27429467439651495 0.19090909510850909 0.74443343281745922 0.76253134012222301 0.82785561680793773 0.24068965017795566 0.15047170221805575 0.76833632588386547 0.92907443642616283 0.6904762089252473
decision_type=2 2 2 2 2 2 2 2 2 2 2 2 2 2 2 2 2 2 2 2 2 2 2 2 2 2 2 2 2 2
left_child=1 5 3 11 10 -1 -7 8 24 26 18 12 22 17 -10 16 -9 -13 19 -4 -15 28 -2 -8 -5 -25 27 -3 29 -11
right_child=2 9 4 7 -6 6 23 15 14 21 -12 13 -14 20 -16 -17 -18 -19 -20 -21 -22 -23 -24 25 -26 -27 -28 -29 -30 -31
leaf_value=-0.078314294364952894 0.39761578296452221 -0.01709275163073613 0.041022927338775245 -0.045606140141686617 0.086911172906009512 -0.060251216143723058 0.33818031203678717 0.069678423081894827 -0.034223343599284972 -0.0016303319603304994 0.08580752617642512 -0.052672735566719669 -0.01549117390742454 -0.021897968001923531 0.020701771114566708 0.093429854696840314 0.023255691974328817 0.063532384480661952 0.088881288374249759 -0.017031934452975274 0.030276540666259504 0.14996669170776528 0.12428438555176489 0.00042805508559385052 0.083210783162746632 0.079446347396986874 -0.051951508263572713 0.14688219154332788 0.032293550150304759 0.03881793380730237
leaf_weight=8756.6355861695483 5.39398643746972 109.52927159518003 1052.0789729356766 18.539874568581581 5101.667371544987 606.77105836290866 4.0655471840873352 514.94837212190032 355.65686082281172 831.83103324659169 656.57593300938606 658.68449852894992 66.400516433641315 458.6227044891566 490.89237172715366 324.49010762944818 588.99336799234152 39.0677659958601 177.91873557120562 181.16830810159445 276.78554605320096 24.43161297403276 58.369136214256287 91.076879134401679 226.94068878516555 84.524759342893958 299.15950995497406 15.223588559776543 583.05854219570756 223.34785917960107
leaf_count=683375 38 4616 6569 113 53041 41985 38 3626 3473 6647 6461 19484 730 7271 3614 2838 4405 328 1443 1206 2498 232 343 657 1628 608 11975 199 2831 1041
internal_value=-0.00321345 -0.060154 0.055632 0.0172436 0.0774985 -0.0748396 -0.0361499 0.0380582 0.0146781 0.00701091 0.0542749 -0.0163146 0.0643074 -0.0236369 -0.00237367 0.0559322 0.0449102 -0.0461663 0.0396037 0.0324945 -0.00226105 0.017927 0.147407 0.0452451 0.0734819 0.038463 -0.0358043 0.00291711 0.0159579 0.00693128
internal_weight=22882.9 11629.7 11253.2 4083.79 7169.41 9543.07 786.438 2520.46 1092.03 2086.58 2067.74 1563.32 130.164 1433.16 846.549 1428.43 1103.94 697.752 1411.17 1233.25 735.408 1662.67 63.7631 179.667 245.481 175.602 423.912 124.753 1638.24 1055.18
internal_count=873313 754204 119109 50389 68720 726663 43288 19697 8828 27541 15679 30692 1111 29581 7087 10869 8031 19812 9218 7775 9769 10751 381 1303 1741 1265 16790 4815 10519 7688
is_linear=0
shrinkage=0.08


Tree=27
num_leaves=31
num_cat=0
split_feature=7 15 15 11 11 11 4 1 11 11 2 5 2 14 6 1 4 7 1 6 6 4 10 4 14 16 10 8 2 6
split_gain=10770 2269.89 1359.48 305.344 329.558 231.337 172.12 146.582 125.826 100.394 87.4407 83.954 198.363 80.8985 76.439 75.9896 74.604 78.2563 64.888 56.9068 54.1359 56.4135 53.8148 45.2188 43.0039 40.8125 42.8236 41.4711 33.6624 32.618
threshold=0.70025381445884716 0.65980625152587902 0.82427215576171886 0.63333335518836986 0.087121214717626586 0.41428571939468389 0.087121214717626586 0.95040982961654674 0.30384616553783422 0.58571431040763866 0.74239632487297069 0.093933824449777617 0.25143678486347204 0.53585714101791393 0.19292803853750232 0.69614070653915416 0.84523808956146251 0.97993290424346935 0.15504807978868487 0.21807064861059192 0.44058823585510259 0.19090909510850909 0.17519181966781619 0.15476191043853763 0.48814210295677191 1.0000000180025095e-35 0.19292803853750232 0.43254275619983679 0.85565477609634411 0.11834733933210374
decision_type=2 2 2 2 2 2 2 2 2 2 2 2 2 2 2 2 2 2 2 2 2 2 2 2 2 2 2 2 2 2
left_child=1 13 3 4 6 7 -2 16 24 15 -10 12 14 -1 -5 28 17 -4 19 22 21 -13 -15 -14 -6 26 -17 -27 -3 -8
right_child=2 9 5 11 8 -7 29 -9 10 -11 -12 20 23 18 -16 25 -18 -19 -20 -21 -22 -23 -24 -25 -26 27 -28 -29 -30 -31
leaf_value=-0.078577373910223874 0.10782600023537171 -0.026057786633820107 0.021536919309288197 0.066440501534462751 -0.078171285753858177 0.085948052142183914 0.042440740535458758 0.086133291818085211 -0.01195596059207025 0.095618695855257063 0.075162134665167288 0.031707898664379557 -0.029370730032167357 0.030220741930342656 0.019719563255885298 0.022730781914293959 0.087846728977789626 0.077953200115744692 -0.058297975293526053 -0.060936003369899683 0.11002901442251414 0.09228324054970069 0.23534947102965934 0.15005631460731517 -0.022345147015252281 0.011002808878552258 0.07962686758138994 -0.041512321170028149 0.21746769421260717 -0.03107747729908187
leaf_weight=8281.3426263332367 227.69152882695198 358.2112650629133 958.55947624146938 573.75496087968349 251.95934226922691 4756.2071652635932 65.951778616756201 588.46529921889305 1255.3864436894655 91.051491987891495 78.336635038256645 285.19134157337248 316.10442620329559 37.307946672663093 367.77145050652325 792.21570685785264 168.22917681187391 188.26433333009481 462.70994172804058 33.353494820185006 138.50211417675018 150.22364441119134 10.485714183188973 9.2523632608354074 135.96621972229332 805.28735644556582 94.794530609622598 109.30293052457273 3.6699758404865852 93.208448143675923
leaf_count=704385 1758 8295 5716 4087 6126 53447 405 6224 18483 943 492 2424 3809 1018 2660 4595 1464 1687 30348 1526 1015 1062 257 44 2364 4687 605 2661 24 702
internal_value=-0.00314898 -0.0583127 0.0544623 0.017274 -0.00351062 0.0765154 0.0632114 0.0529467 -0.0185029 0.0133283 -0.00683905 0.0410812 0.0295821 -0.0766145 0.0481907 0.00986502 0.0380963 0.0307983 -0.0467259 0.0192595 0.0664646 0.0526072 0.0752251 -0.0242683 -0.0586045 0.0165846 0.0288113 0.00472671 -0.0235881 -0.000613477
internal_weight=21688.8 11079.7 10609 3949.3 2108.5 6659.73 386.852 1903.52 1721.65 2254.53 1333.72 1840.8 1266.88 8825.2 941.526 2163.48 1315.05 1146.82 543.857 81.1472 573.917 435.415 47.7937 325.357 387.926 1801.6 887.01 914.59 361.881 159.16
internal_count=873313 759344 113969 45431 30330 68538 2865 15091 27465 21810 18975 15101 10600 737534 6747 20867 8867 7403 33149 2801 4501 3486 1275 3853 8490 12548 5200 7348 8319 1107
is_linear=0
shrinkage=0.08


Tree=28
num_leaves=31
num_cat=0
split_feature=10 15 5 14 10 11 1 4 2 6 6 16 9 2 16 4 14 1 10 15 4 6 1 5 16 6 8 16 15 6
split_gain=9681.85 2224.48 1016.47 322.935 236.663 234.364 144.451 143.441 228.915 232.439 152.61 136.67 121.532 115.632 95.4487 73.995 76.8089 62.4773 69.6496 66.2269 48.1093 45.87 42.4094 58.0654 48.0038 38.8274 37.8011 36.8395 67.6528 35.4209
threshold=0.29520697891712194 0.65980625152587902 0.32583418488502508 0.52966317534446727 0.71825397014617931 0.47222222387790685 0.95040982961654674 0.2264957278966904 0.2237871661782265 0.48863048851490026 0.18274582922458651 1.0000000180025095e-35 0.36253654956817633 0.24068965017795566 1.0000000180025095e-35 0.84523808956146251 1.0000000180025095e-35 0.89512962102890026 0.12310606241226198 0.68625652790069591 0.2264957278966904 0.33602151274681097 0.16784037649631503 0.075235851109027876 1.0000000180025095e-35 0.30839161574840551 0.69482603669166576 1.0000000180025095e-35 0.54435744881629955 0.31311275064945226
decision_type=2 2 2 2 2 2 2 2 2 2 2 2 2 2 2 2 2 2 2 2 2 2 2 2 2 2 2 2 2 2
left_child=1 3 4 26 7 6 15 8 10 -10 -2 17 20 14 29 16 -4 -3 -19 -20 -13 -9 -6 24 -24 -16 -1 28 -15 -5
right_child=2 11 5 13 22 -7 -8 21 9 -11 -12 12 -14 27 25 -17 -18 18 19 -21 -22 -23 23 -25 -26 -27 -28 -29 -30 -31
leaf_value=-0.078371173932124644 0.051413676713478934 0.014385433934730796 -0.027819405333344285 0.083975666639161006 0.07434097569035554 0.084713026672832398 0.086826607817284782 0.083959336181229485 -0.054666441596370803 0.035054769063856205 -0.013105813402824878 -0.052197660343904183 -0.064335138039613604 -0.052766883514397116 -0.0047676472615722646 0.089744837912438855 0.037145361478652272 0.028433994862586246 0.51160843336962014 0.081095698352470352 0.0092910931794709609 -0.0057395017967329506 0.052193059949294567 0.066958549942477838 -0.018608690105877953 -0.072667888365002653 0.044528053008618777 -0.072052694832950639 0.049862988840827238 -0.020398521827793309
leaf_weight=7678.9956364799291 564.04044284485281 804.57357356324792 131.43433806858957 98.383071578107774 371.52286715805531 4557.7353323604912 509.44215440750122 174.90999747626483 694.41894770693034 251.80960411019623 401.74745905771852 89.669621936045587 203.35471130535007 181.22976822778583 211.92924223467708 148.49552296847105 1023.4236303698272 384.57531823590398 2.3125554118305436 205.93106459081173 886.91660060174763 46.104247932322323 106.96155866235495 235.47064913809299 143.52235171198845 72.281040322966874 16.050648960284889 292.56579746399075 53.166663432493806 26.391127580776811
leaf_count=698516 4045 6157 783 857 3130 53984 5761 1284 18508 4403 4944 1837 6002 11218 3222 1384 6987 2031 38 1857 6889 397 564 2038 750 2333 529 20174 1957 734
internal_value=-0.00308333 -0.0532425 0.0569741 -0.072718 0.0184981 0.0750359 0.0507056 0.004229 -0.00282431 -0.0307899 0.0245749 0.0119773 -0.00807072 -0.0283472 0.00357111 0.0365869 0.0297517 0.0289055 0.0486122 0.0858766 0.00364523 0.0652479 0.0539933 0.0384371 0.0116251 -0.0220362 -0.0781148 -0.0531196 -0.029488 0.0618994
internal_weight=20569.4 11208.3 9361.04 8630.99 2990.51 6370.53 1812.8 2133.03 1912.02 946.229 965.788 2577.33 1179.94 935.947 408.984 1303.35 1154.86 1397.39 592.819 208.244 976.586 221.014 857.477 485.955 250.484 284.21 7695.05 526.962 234.396 124.774
internal_count=873313 764351 108962 739540 40063 68899 14915 33581 31900 22911 8989 24811 14728 40495 7146 9154 7770 10083 3926 1895 8726 1681 6482 3352 1314 5555 699045 33349 13175 1591
is_linear=0
shrinkage=0.08


Tree=29
num_leaves=31
num_cat=0
split_feature=10 15 5 14 11 8 1 5 6 1 6 1 11 1 16 11 4 4 4 1 6 0 16 4 15 6 5 15 11 4
split_gain=8689.72 2050.71 1043.76 293.773 244.321 231.541 159.69 175.22 166.084 147.583 147.242 112.91 118.518 112.39 87.5585 72.5464 72.3099 74.8922 45.9572 81.0061 84.8231 44.4829 43.9591 42.752 54.1748 41.7494 41.6957 40.1887 38.6164 149.569
threshold=0.2788888961076737 0.64990136027336132 0.32583418488502508 0.51363748311996471 0.47222222387790685 0.85777497291564953 0.21680375933647159 0.065395578742027297 0.52803984284400951 0.95040982961654674 0.30839161574840551 0.73546314239501964 0.23611111193895343 0.24068965017795566 1.0000000180025095e-35 0.095454547554254546 0.84523808956146251 0.6904762089252473 0.2264957278966904 0.16784037649631503 0.40778534114360815 0.14870093762874606 1.0000000180025095e-35 0.2264957278966904 0.68625652790069591 0.32037734985351568 0.39559109508991247 0.75880110263824474 0.63333335518836986 0.19090909510850909
decision_type=2 2 2 2 2 2 2 2 2 2 2 2 2 2 2 2 2 2 2 2 2 2 2 2 2 2 2 2 2 2
left_child=1 3 5 -1 9 6 10 15 -9 16 22 26 27 14 -5 -8 17 -4 19 25 -21 -12 -2 -14 -25 -7 -3 -13 -15 -30
right_child=2 11 4 13 -6 18 7 8 -10 -11 21 12 23 28 -16 -17 -18 -19 -20 20 -22 -23 -24 24 -26 -27 -28 -29 29 -31
leaf_value=-0.078566901681248233 0.074089760082582112 -0.037435457002211139 0.03618960607657256 0.058403871553462681 0.083618934570828432 0.074468876276409343 0.17533460921731425 -0.0090546705724115911 0.12280759738847975 0.086098956884353442 -0.066267836917518558 -0.02930642708675776 -0.0059684582736999779 -0.060471736819029051 -0.023314648678770013 -0.059942236170716631 0.088275733182791805 -0.021346603903028956 0.079413690710660345 -0.01819978774181957 0.045223386547586654 0.0090687835587929793 0.02827763638382863 0.36704319169510852 0.084264000263553185 0.0064274609918015162 0.0037791492425035735 0.016216528815665383 -0.025985511987966853 0.54326852503410417
leaf_weight=6975.3838637322187 180.03480606433004 355.52428217418492 990.73598111514002 120.94156400579959 4279.6330751143396 349.8327142521739 8.5287493355572206 379.83785686455667 72.857294456101954 484.3415425568819 126.4891244918108 135.02593093831092 34.497454381547868 494.84148975275457 274.09098737221211 506.77789777517319 141.92533442378044 169.56990641355515 194.68050972372293 247.02410597354174 297.48338143154979 83.123760963790119 524.8211908750236 4.4453800274059168 176.10302357561886 69.116933792829514 281.47416206356138 1535.9119717888534 32.774120432324708 3.2466105977073303
leaf_count=687572 1266 9280 6798 1703 54234 3092 50 6132 623 5856 2125 3997 371 35613 6044 19646 1405 1182 1833 1557 1794 1460 4532 73 1627 441 3739 7542 1671 55
internal_value=-0.00302031 -0.0528962 0.0540709 -0.0729468 0.0732456 0.0158162 -0.00149951 -0.0241465 0.0121674 0.0483968 0.0224733 0.0098968 0.0197324 -0.0306068 0.00170396 -0.0560482 0.0343742 0.0277811 0.0439616 0.036798 0.0164505 -0.0363925 0.039979 0.0756345 0.0912265 0.0632436 -0.0192237 0.0125379 -0.0546503 0.0253223
internal_weight=19531.1 10424.3 9106.81 7901.28 6066.21 3040.61 1882.47 968.002 452.695 1786.57 914.469 2522.98 1885.98 925.895 395.033 515.307 1302.23 1160.31 1158.14 963.457 544.507 209.613 704.856 215.046 180.548 418.95 636.998 1670.94 530.862 36.0207
internal_count=873313 759287 114026 732658 69475 44551 35834 26451 6755 15241 9383 26629 13610 45086 7747 19696 9385 7980 8717 6884 3351 3585 5798 2071 1700 3533 13019 11539 37339 1726
is_linear=0
shrinkage=0.08


Tree=30
num_leaves=31
num_cat=0
split_feature=7 15 15 11 11 11 4 11 6 11 7 4 7 10 7 4 14 14 10 2 6 4 16 10 5 5 4 10 10 15
split_gain=7832.97 1887.15 1222.82 252.261 240.67 284.302 192.844 113.916 113.796 93.1016 89.6019 81.6546 80.4693 78.3783 69.559 69.2131 67.1927 66.6481 64.6957 49.5866 42.8027 82.9276 42.5176 42.1993 70.6165 41.1249 38.9028 36.4703 33.5554 33.5079
threshold=0.67873525619506847 0.64203718304634105 0.82427215576171886 0.41428571939468389 0.63333335518836986 0.087121214717626586 1.0000000180025095e-35 0.47222222387790685 1.0000000180025095e-35 0.58571431040763866 0.70814895629882824 0.19090909510850909 0.97446763515472423 0.43874999880790716 0.97993290424346935 0.84523808956146251 0.30992957949638372 0.60081303119659435 0.19292803853750232 0.2014492750167847 0.10762548446655275 0.64583334326744091 1.0000000180025095e-35 0.048809524625539787 0.4252659678459168 0.52679425477981578 0.2264957278966904 0.11882352828979494 0.4463601559400559 0.6700209677219392
decision_type=2 2 2 2 2 2 2 2 2 2 2 2 2 2 2 2 2 2 2 2 2 2 2 2 2 2 2 2 2 2
left_child=1 17 4 8 5 6 10 12 -4 16 -2 13 -7 22 15 -10 18 28 -3 -15 -18 -22 -6 -19 -25 -20 -9 -26 -1 -11
right_child=2 9 3 -5 11 7 -8 26 14 29 -12 -13 -14 19 -16 -17 20 23 25 -21 21 -23 -24 24 27 -27 -28 -29 -30 -31
leaf_value=-0.078073673544121966 0.60975226413100081 -0.069438249809474828 0.076186539266951611 0.083355509657317348 0.02967931173258706 -0.041281158413856565 -0.0006246444987001588 0.00054467433199795819 0.015689550834833456 0.29716323922586063 0.10494760211449369 0.088712730090864195 0.058863418525653105 0.058296628165233635 0.076635286616310541 0.083104234950753531 0.024718328556318201 -0.064351523442213426 -0.044564188279015024 0.025221692912767945 -0.023130271997796457 0.022439306427769853 -0.02208790822360272 -0.025852707239866143 0.10989443336696962 0.052073913227312023 0.0725008892434168 0.47205279877907819 0.81993371519472724 0.087281879616639635
leaf_weight=6623.7121315160766 2.2756301108747712 138.25430555362254 554.67994709312916 3867.7459124177694 177.57728668488562 953.5019342629239 194.78493763040751 674.27754681464285 853.03641874343157 5.3209328129887572 202.58097333461046 167.35787238460034 54.27478064969182 541.2847859300673 187.63533987849951 110.04052403569221 842.36994435172528 176.15107692126185 48.475591152906418 625.14064694568515 495.62120840046555 527.70995163265616 237.13920420780778 106.56844830978662 12.814353283494709 67.324828215874732 51.779326377436519 2.0665975473821154 0.26631787139922281 57.232537917792797
leaf_count=707133 24 6632 6599 53447 2193 22173 1541 10104 5426 283 1752 1380 379 4238 1977 1089 5631 12981 2095 4818 7368 2544 3981 5586 345 596 368 25 19 586
internal_value=-0.00295583 -0.0559217 0.0480425 0.0720537 0.013571 -0.00446186 0.0563662 -0.0184825 0.0464217 0.00894537 0.110555 0.0355742 -0.0358878 0.0299496 0.0320741 0.0233923 0.00610685 -0.0763736 -0.0324912 0.0405703 0.0113628 0.000368983 7.82768e-05 -0.0393377 -0.00305735 0.0116199 0.00567629 0.160189 -0.0780376 0.105135
internal_weight=18559 9103.89 9455.11 5573.14 3881.97 2133.48 399.642 1733.83 1705.39 2182.31 204.857 1748.5 1007.78 1581.14 1150.71 963.077 2119.76 6921.58 254.055 1166.43 1865.7 1023.33 414.716 297.6 121.449 115.8 726.057 14.881 6623.98 62.5535
internal_count=873313 751824 121489 68538 52951 36341 3317 33024 15091 25735 1776 16610 22552 15230 8492 6515 24866 726089 9323 9056 15543 9912 6174 18937 5956 2691 10472 370 707152 869
is_linear=0
shrinkage=0.08


Tree=31
num_leaves=31
num_cat=0
split_feature=7 15 15 11 7 16 1 11 5 1 6 14 7 14 5 15 6 6 5 1 1 14 1 11 11 5 10 0 6 15
split_gain=7022.42 1796.79 1154.07 258.298 211.44 158.126 141.293 78.8567 72.2114 70.0804 76.5211 69.4952 69.3509 78.3891 68.7056 66.095 78.0536 68.1814 63.7525 69.2521 60.5988 59.9944 57.5782 66.8271 43.9921 38.4033 34.5009 30.7279 30.3565 29.9548
threshold=0.67873525619506847 0.64203718304634105 0.82427215576171886 0.41428571939468389 0.93116611242294323 1.0000000180025095e-35 0.94570022821426403 0.58571431040763866 0.21089696139097217 0.22401433438062671 0.12632978707551959 0.50147929787635814 0.97993290424346935 0.013245614245533945 0.14670014381408694 0.35373146831989294 0.28035087883472448 0.55217784643173229 0.39559109508991247 0.18321678787469867 0.92907443642616283 0.32616405189037329 0.15504807978868487 0.087121214717626586 0.23611111193895343 0.80217391252517711 0.47493734955787664 0.71330726146698009 0.24037037044763568 0.54435744881629955
decision_type=2 2 2 2 2 2 2 2 2 2 2 2 2 2 2 2 2 2 2 2 2 2 2 2 2 2 2 2 2 2
left_child=1 11 4 6 5 18 12 20 15 10 -7 26 13 -4 -11 16 -6 -17 19 -2 21 -3 23 -13 25 -22 -1 -20 -25 -24
right_child=2 7 3 -5 8 9 -8 -9 -10 14 -12 22 -14 -15 -16 17 -18 -19 27 -21 24 -23 29 28 -26 -27 -28 -29 -30 -31
leaf_value=-0.078467151639331559 0.044506479775220001 -0.046925919143295386 -0.039839799984074047 0.082544062301114857 0.057480993238484289 0.028629118044767518 0.081620883767478544 0.096989787626820659 0.072353209699759211 -0.066565186696995834 -0.027381354199364161 0.30956841323389633 0.074847404959089606 0.029514824843044858 -0.014057992038734542 -0.017283448389588018 -0.00099845285950328272 0.052581893654087879 0.11203121061991317 -0.0038053154091429692 0.064685437902788578 0.0026074064036295604 -0.069182670715391636 0.037124359683652158 0.12516106752609518 0.012448038855238003 0.84623091207646217 0.04150989520907622 -0.06982713998537611 -0.015617072830380262
leaf_weight=5910.3983692452312 277.2879352774471 178.51164026651531 118.3208839520812 3604.0584483332932 554.20075664669275 281.47139525227249 465.82926665991545 62.276049107313156 288.24704556912184 315.48142836242914 350.49624469969422 4.6622397778555742 183.16552719473839 880.18250559270382 322.55809502769262 309.45936777070165 198.35177508369088 125.71284883096814 56.609086908400059 602.48589442111552 108.90111693926156 1268.7557689715177 351.64358632732183 45.393746714107692 27.327858249656856 520.91207084804773 0.25824349373578925 131.16886828839779 27.13926606439054 82.48864003457129
leaf_count=684394 2249 7938 648 53447 4450 2748 6406 869 2742 13435 6468 31 2018 6019 4409 2142 1356 729 447 10806 592 12522 32145 1641 220 3594 8 970 1695 6175
internal_value=-0.0028883 -0.0547251 0.0462242 0.0705484 0.0127276 -0.00224086 0.0443068 0.00827094 0.0364338 -0.0213175 -0.00243491 -0.075979 0.0295971 0.0212964 -0.0400204 0.0277166 0.0420674 0.0028993 0.0204536 0.0114216 0.00564547 -0.00350223 -0.0476846 0.0159782 0.0257921 0.0214804 -0.0784268 0.0627698 -0.00289308 -0.0590048
internal_weight=17653.8 8588.67 9065.09 5251.56 3813.53 2337.56 1647.5 2166.68 1475.97 1270.01 631.968 6421.98 1181.67 998.503 638.04 1187.72 752.553 435.172 1067.55 879.774 2104.41 1447.27 511.327 77.1953 657.141 629.813 5910.66 187.778 72.533 434.132
internal_count=873313 751824 121489 68538 52951 41532 15091 25735 11419 27060 9216 726089 8685 6667 17844 8677 5806 2871 14472 13055 24866 20460 41687 3367 4406 4186 684402 1417 3336 38320
is_linear=0
shrinkage=0.08


Tree=32
num_leaves=31
num_cat=0
split_feature=10 15 0 7 11 7 1 11 16 8 11 11 9 7 4 7 16 11 14 11 1 11 4 7 4 6 15 4 10 0
split_gain=6301.75 1715.16 874.287 300.955 247.331 207.633 137.988 132.584 106.995 116.87 87.2366 152.141 86.474 83.7648 70.3372 67.6503 63.7723 60.5641 59.0679 52.9172 44.0637 61.0825 41.6135 101.783 40.3586 38.7268 35.8499 33.1529 32.2819 54.0789
threshold=0.2788888961076737 0.64203718304634105 0.79277813434600841 0.63842603564262401 0.41428571939468389 0.83899769186973583 0.95040982961654674 1.0000000180025095e-35 1.0000000180025095e-35 0.31608681380748754 0.86607143282890331 0.087121214717626586 0.41103501617908483 0.98421010375022899 0.84523808956146251 0.99812734127044689 1.0000000180025095e-35 0.58571431040763866 0.60081303119659435 0.10555555671453477 0.89512962102890026 0.23611111193895343 0.087121214717626586 0.70814895629882824 0.10555555671453477 0.21807064861059192 0.68625652790069591 0.2264957278966904 0.048809524625539787 0.84273937344551098
decision_type=2 2 2 2 2 2 2 2 2 2 2 2 2 2 2 2 2 2 2 2 2 2 2 2 2 2 2 2 2 2
left_child=1 3 5 18 6 16 14 22 20 27 11 -7 25 -13 15 -4 17 19 -1 -2 -3 -22 23 -5 -12 -9 -23 -10 -20 -30
right_child=2 8 4 7 -6 10 -8 12 9 -11 24 13 -14 -15 -16 -17 -18 -19 28 -21 21 26 -24 -25 -26 -27 -28 -29 29 -31
leaf_value=-0.078716574264874689 0.093126736887352984 0.010514302173264198 0.014590689894778568 0.62597764539823586 0.082834086842675098 0.072912056544053444 0.083865725307146241 0.03874408777881827 -0.047154543268855362 -0.063575172254872456 0.037867538936179425 -0.013063408040681014 -0.051404395104952406 0.044158256713113436 0.086003248612418898 0.085525410729957049 -0.037155746091191912 0.057854273135153865 -0.062210348573890697 -0.031223160650960782 0.028038867912845725 0.32224566347518491 -0.067059515882935308 0.12926788181580479 0.082459978307093187 -0.027615792213281459 0.088409544274816149 0.0060192961662106749 -0.029062001208699388 0.13396122360777887
leaf_weight=5493.8169898493215 24.910696626640856 777.66120748966932 873.05860518570989 3.0101808384060922 3275.08261677064 219.91359361261129 397.28630156815052 137.11837245803326 82.063236527144909 216.73560080956668 1066.8460646662861 762.63243568688631 350.67929010558873 208.486253708601 122.14867592602968 95.453908391296864 482.853579913266 107.50462700147182 157.25372114498168 181.34796153660864 445.71408714354038 4.4068820113316169 4.8104661647230378 21.486712832003832 147.90365872904658 95.472074979916215 87.72538285702467 877.11151455249637 85.456980696879327 15.364327235147355
leaf_count=686847 188 7013 5829 33 51998 1980 5859 2193 1866 9455 8405 6883 18937 1412 1412 1077 18900 2223 12981 6220 2918 38 360 138 1640 3215 1094 6867 4955 377
internal_value=-0.00281601 -0.0492546 0.048814 -0.0712823 0.0705464 0.0164906 0.0435003 -0.0179752 0.00701636 -0.0105187 0.0282125 0.0128277 -0.026318 -0.000778678 0.0287967 0.0215818 -0.0189095 0.00916996 -0.0769595 -0.0162049 0.0226907 0.0402962 0.14806 0.190304 0.043297 0.0115052 0.0995944 0.00146995 -0.0395549 -0.00421862
internal_weight=16821.3 8855.89 7965.43 6364.47 4763.03 3202.4 1487.95 612.577 2491.42 1175.91 2405.78 1191.03 583.27 971.119 1090.66 968.513 796.617 313.763 5751.89 206.259 1315.51 537.846 29.3074 24.4969 1214.75 232.59 92.1323 959.175 258.075 100.821
internal_count=873313 759287 114026 730036 66175 47851 14177 24876 29251 18188 20320 10275 24345 8295 8318 6906 27531 8631 705160 6408 11063 4050 531 171 10045 5408 1132 8733 18313 5332
is_linear=0
shrinkage=0.08


Tree=33
num_leaves=31
num_cat=0
split_feature=10 15 5 7 7 12 12 4 2 6 5 16 8 1 6 8 4 14 4 4 6 15 6 6 6 4 4 12 10 4
split_gain=5628.04 1621.73 860.726 298.288 211.51 118.737 114.583 95.5069 145.064 169.432 92.8043 91.3256 104.247 81.7176 77.4667 76.4809 65.2154 60.7621 59.0453 66.0279 49.7752 48.8531 116.721 68.5697 39.776 48.328 47.2951 51.0207 36.1877 35.2737
threshold=0.2788888961076737 0.64203718304634105 0.40651482343673712 0.63842603564262401 0.93116611242294323 1.0000000180025095e-35 1.0000000180025095e-35 0.2264957278966904 0.2237871661782265 0.44862772524356848 0.20864427834749225 1.0000000180025095e-35 0.31608681380748754 0.95040982961654674 0.12632978707551959 0.43645593523979193 0.2264957278966904 0.60081303119659435 0.35416667163372045 0.84523808956146251 0.17712418735027316 0.35373146831989294 0.32466214895248419 0.32037734985351568 0.13714733719825747 0.64583334326744091 0.15476191043853763 1.0000000180025095e-35 0.11651583760976793 0.087121214717626586
decision_type=2 2 2 2 2 2 2 2 2 2 2 2 2 2 2 2 2 2 2 2 2 2 2 2 2 2 2 2 2 2
left_child=1 3 4 17 7 13 29 8 14 -10 15 24 -13 18 -2 -8 21 -1 -4 -20 -9 23 -23 -6 26 -26 -3 -28 -27 -5
right_child=2 11 5 6 16 -7 10 20 9 -11 -12 12 -14 -15 -16 -17 -18 -19 19 -21 -22 22 -24 -25 25 28 27 -29 -30 -31
leaf_value=-0.078511085561226393 0.046942401319098284 -0.057855175829583862 0.077929105863683054 0.17771274083042901 0.058048037778769088 0.077030127291370001 0.012199146215712007 0.077656541352363981 -0.058928366626704545 0.023348334217530162 0.23814834245597996 0.001349633002301768 -0.061192979220495936 0.083215917706620179 -0.008496178323829786 -0.050116199263779117 0.072729217928111406 -0.037974777619821098 0.013291806441180954 0.087828208146356807 0.0018667049198359698 -0.030233193701486919 0.042989709938829737 -0.0024215153387054152 -0.016486008822100925 0.011819095788622008 0.028018156594723204 0.084346951545208798 0.072667600750822028 -0.065812766823495808
leaf_weight=5084.1774503607303 285.30462446436286 33.882668280042708 156.57720478996634 24.080776419490579 509.15885251387954 3366.6326431352645 191.3668768890202 124.67767333053052 559.60818415880203 224.42522133141756 8.4575241459533554 957.28264623787254 207.54424880910665 290.48820602893829 371.18391292821616 369.30476776603609 266.26857662573457 248.21386917028576 568.85811964049935 87.802650302648544 99.89295803103596 242.16652907989919 328.0869154650718 157.03018454834819 303.54461310245097 233.7627985207364 523.69911309890449 128.08103444986045 85.405346619896591 4.5213653501123181
leaf_count=686847 2453 445 1279 171 4319 54517 3700 999 19329 5956 256 8733 9455 4601 5890 20389 3365 18313 4055 1099 925 1833 2384 1022 3359 1456 3674 1438 691 360
internal_value=-0.00274416 -0.0479209 0.0469582 -0.070617 0.0150561 0.0695649 -0.017027 -0.00458178 -0.0121467 -0.0353771 -0.0248792 0.0064987 -0.00979396 0.0467941 0.015597 -0.0288469 0.036816 -0.0766242 0.0337842 0.0232581 0.0439439 0.0290821 0.0118945 0.0437945 0.0210038 0.00636702 0.0342968 0.0390873 0.0281014 0.139217
internal_weight=16041.5 8403.33 7638.16 5930.12 3167.8 4470.36 597.731 1665.09 1440.52 784.033 569.129 2473.2 1164.83 1103.73 656.489 560.672 1502.71 5332.39 813.238 656.661 224.571 1236.44 570.253 666.189 1308.38 622.713 685.663 651.78 319.168 28.6021
internal_count=873313 759287 114026 730036 48475 65551 24876 35552 33628 25285 24345 29251 18188 11034 8343 24089 12923 705160 6433 5154 1924 9558 4217 5341 11063 5506 5557 5112 2147 531
is_linear=0
shrinkage=0.08


Tree=34
num_leaves=31
num_cat=0
split_feature=7 15 15 11 11 11 4 4 2 1 11 2 2 14 14 11 7 10 16 14 10 1 16 15 16 7 1 4 4 10
split_gain=5025.89 1554.65 974.083 214.684 214.214 188.396 187.888 136.976 135.771 106.949 102.776 80.8998 92.1917 80.1248 77.6221 64.3893 57.3348 55.0417 53.7571 45.9567 57.2437 42.9943 39.7702 51.25 38.5886 34.2033 30.6964 38.9905 30.5299 26.2756
threshold=0.67873525619506847 0.64203718304634105 0.88844355940818798 0.63333335518836986 0.087121214717626586 0.41428571939468389 1.0000000180025095e-35 0.19090909510850909 0.82413583993911754 0.95040982961654674 0.30384616553783422 0.7320508360862733 0.23606811463832858 1.0000000180025095e-35 0.50147929787635814 0.63333335518836986 0.94151845574378978 0.21132376790046695 1.0000000180025095e-35 0.30992957949638372 0.19292803853750232 0.80874970555305492 1.0000000180025095e-35 0.58760663866996776 1.0000000180025095e-35 0.72423112392425548 0.92907443642616283 0.87301588058471691 0.87301588058471691 0.32071428000926977
decision_type=2 2 2 2 2 2 2 2 2 2 2 2 2 2 2 2 2 2 2 2 2 2 2 2 2 2 2 2 2 2
left_child=1 14 3 4 6 9 25 11 10 13 -6 12 -5 18 29 19 -15 22 -4 20 -3 -22 23 -16 -8 -2 27 -21 -28 -1
right_child=2 15 5 7 8 -7 24 -9 -10 -11 -12 -13 -14 16 17 -17 -18 -19 -20 26 21 -23 -24 -25 -26 -27 28 -29 -30 -31
leaf_value=-0.078262525912386929 0.28897416503522755 -0.067123497436104351 0.089303571074440188 0.0367148703103677 -0.058078335661449716 0.082423192557360567 0.030822283275667221 0.079923750323160819 0.066978398175700407 0.081911567657575721 -0.01020905870055671 0.082312680322807086 -0.0050947770203426217 0.018793411922185636 -0.029026297575833616 0.090812000647925509 0.064968372605624755 0.13187457107378225 -0.060636395460907995 -0.0032805891693380067 -0.043000343235621373 0.058989366774369813 -0.067220322464761437 0.14717659278479736 -0.019300371602178939 0.099643314799585603 0.036798225916160228 0.042340946316701558 -0.002353358947798674 -0.01440364361043138
leaf_weight=4659.5315262251534 6.3150288723409167 121.56625253614038 18.380417104810476 784.50844554323703 366.65268414095044 2616.7273855283856 232.39489057194442 353.65071836207062 121.43094272911549 331.66582860052586 1322.1391286496073 141.18609332107008 592.42622841987759 415.7204486168921 161.57425756938756 56.527919699437916 293.68118579685688 11.285059050656853 91.404944151639938 1137.5965176294558 48.064534001983702 58.832970546558499 254.71430351398885 11.303560964297501 170.37164580170065 185.09367433190346 384.06780184153467 134.01892500836402 190.79246013704687 41.605470474809408
leaf_count=680456 39 6632 158 6730 10525 48177 1586 5049 1363 5726 22954 1708 7325 3224 14315 860 2957 697 583 12114 2190 508 26042 633 1524 1861 1875 624 932 3946
internal_value=-0.00267244 -0.050873 0.0409005 0.0147691 -0.0010465 0.0705594 0.0406327 0.0350851 -0.014727 0.0435842 -0.0206019 0.0246398 0.0187263 0.0280666 -0.0746936 0.00656998 0.0379091 -0.0425177 -0.0355332 0.00427496 -0.0295724 0.0131315 -0.0471203 -0.0175053 0.00962023 0.10589 0.00846289 0.00152759 0.0238041 -0.0776974
internal_weight=15315.2 7271.48 8043.75 4276.17 2404.4 3767.58 594.175 1871.77 1810.22 1150.85 1688.79 1518.12 1376.93 819.187 5140.01 2131.47 709.402 438.877 109.785 2074.94 228.464 106.898 427.592 172.878 402.767 191.409 1846.48 1271.62 574.86 4701.14
internal_count=873313 751824 121489 60664 39852 60825 5010 20812 34842 12648 33479 15763 14055 6922 726089 25735 6181 41687 741 24875 9330 2698 40990 14948 3110 1900 15545 12738 2807 684402
is_linear=0
shrinkage=0.08


Tree=35
num_leaves=31
num_cat=0
split_feature=10 14 0 7 11 16 2 11 1 11 16 11 0 4 4 0 4 4 10 10 4 6 4 16 2 1 0 6 7 1
split_gain=4498.82 1379.27 625.635 333.756 253.613 146.919 142.51 129.359 121.946 117.846 103.912 91.8978 87.5742 68.0441 64.4505 69.6009 62.4931 67.6087 56.2866 50.3192 176.36 47.01 51.6223 46.7356 45.0519 52.6778 41.8539 40.1781 35.7546 33.7208
threshold=0.32071428000926977 0.52966317534446727 0.79277813434600841 0.63842603564262401 0.41428571939468389 1.0000000180025095e-35 0.75582656264305126 0.76388889551162731 0.95040982961654674 0.087121214717626586 1.0000000180025095e-35 0.47222222387790685 0.84273937344551098 1.0000000180025095e-35 0.15476191043853763 0.21680375933647159 0.84523808956146251 0.6904762089252473 0.20942982286214831 0.19292803853750232 0.2264957278966904 0.14434523880481723 0.73214286565780651 1.0000000180025095e-35 0.59896907210350048 0.14389234036207202 0.60566189885139476 0.10102041065692903 0.65830647945404064 0.12579113990068438
decision_type=2 2 2 2 2 2 2 2 2 2 2 2 2 2 2 2 2 2 2 2 2 2 2 2 2 2 2 2 2 2
left_child=1 3 6 19 8 24 7 9 16 13 18 -11 27 -2 15 -9 17 -4 21 -1 -21 -3 -23 -22 25 -5 -26 29 -8 -12
right_child=2 10 4 5 -6 -7 28 14 -10 11 12 -13 -14 -15 -16 -17 -18 -19 -20 20 23 22 -24 -25 26 -27 -28 -29 -30 -31
leaf_value=-0.078447258198991801 0.095771334643822675 0.026431478432707149 0.027053940233301935 0.098056252883645029 0.080980785211981932 -0.051053339795347943 0.44517475161071723 0.044244684866870394 0.081625473805483989 -0.039609530815480541 0.030954053803350982 0.0060291317999859179 0.0044386589686342117 0.0025281836398780995 0.083878623200633912 0.0036897358484334654 0.08425487579708163 -0.031565070863270032 0.054912950644956292 -0.070738888055786667 0.1191478889862272 -0.016891040555355171 0.04795969605114532 -0.015845735122170655 0.21897617507431935 -0.042714770445603366 0.039099526100411945 -0.047920748995164797 0.079144451407283961 -0.034805858594398664
leaf_weight=4002.7920962846838 104.53466258756816 585.1833009258844 719.32417606376112 20.925276863388717 2616.9295638389885 340.96509989351034 1.723001230508088 550.51489305496216 304.49312952533364 532.61253456771374 91.273633575066924 600.99470026046038 821.82629352761433 96.167557679116726 130.12868049554527 533.11068223789334 97.7282734811306 152.64484138041735 218.01300198258832 421.74141852697358 42.503718801774085 466.74381395382807 94.455268171615899 26.739353058859706 8.639559686649589 90.996374419890344 198.24807554669678 454.96489040739834 195.67515268549323 110.11382965743542
leaf_count=620685 1248 7193 5434 643 51409 21481 13 4857 5622 10351 1076 7405 5680 771 1559 7230 1357 1145 2521 63166 505 11405 654 1505 86 5717 1959 23154 2296 5186
internal_value=-0.00259353 -0.0430054 0.046097 -0.0676815 0.0667293 -0.0145492 0.0168549 0.0117819 0.0374597 -0.00540992 0.00173205 -0.0154137 -0.0129631 0.0510934 0.0306812 0.0242929 0.0235913 0.0167922 0.0176527 -0.0754824 -0.0513112 0.0105667 -0.00597603 0.0670179 0.0244918 -0.0163957 0.0466111 -0.034752 0.0823394 -0.00500189
internal_weight=14632.7 7996.13 6636.58 5153.55 3891.12 659.774 2745.46 2548.06 1274.19 1334.31 2842.57 1133.61 1478.18 200.702 1213.75 1083.63 969.697 871.969 1364.4 4493.78 490.984 1146.38 561.199 69.2431 318.809 111.922 206.888 656.352 197.398 201.387
internal_count=873313 772616 100697 715747 64967 29886 35730 33421 13558 19775 56869 17756 35096 2019 13646 12087 7936 6579 21773 685861 65176 19252 12059 2010 8405 6360 2045 29416 2309 6262
is_linear=0
shrinkage=0.08


Tree=36
num_leaves=31
num_cat=0
split_feature=10 15 7 5 11 11 5 1 11 16 11 4 1 4 7 4 7 14 8 14 7 11 4 15 11 15 6 6 4 4
split_gain=4016.63 1444.49 484.08 472.867 220.748 167.026 122.315 145.852 118.065 110.477 107.585 105.775 103.127 95.9363 70.6209 65.6621 123.661 63.3224 66.3837 57.6508 54.6378 52.2616 131.471 55.4119 49.6191 48.1479 127.713 55.9808 45.863 44.1167
threshold=0.36939570307731634 0.64203718304634105 0.61980068683624279 0.4252659678459168 0.47222222387790685 1.0000000180025095e-35 0.22886905074119571 0.22401433438062671 0.86607143282890331 1.0000000180025095e-35 0.087121214717626586 0.2264957278966904 0.95040982961654674 0.13392857462167743 0.98421010375022899 1.0000000180025095e-35 0.68500718474388134 1.0000000180025095e-35 0.88939857482910167 0.60081303119659435 0.94151845574378978 0.30384616553783422 0.2264957278966904 0.68625652790069591 0.30384616553783422 0.30418914556503301 0.32466214895248419 0.19292803853750232 0.10555555671453477 0.35416667163372045
decision_type=2 2 2 2 2 2 2 2 2 2 2 2 2 2 2 2 2 2 2 2 2 2 2 2 2 2 2 2 2 2
left_child=1 2 19 8 12 15 7 -7 10 21 28 -11 17 25 24 16 -4 18 -5 -1 -19 29 -23 -24 -12 27 -27 -10 -2 -3
right_child=3 9 5 4 -6 6 -8 -9 13 11 14 -13 -14 -15 -16 -17 -18 20 -20 -21 -22 22 23 -25 -26 26 -28 -29 -30 -31
leaf_value=-0.077930770584444697 0.093533588006580515 0.04964515506173358 0.59648905399692342 0.077790427439502957 0.080821895939479291 -0.003112362329221421 0.17525479297071855 -0.065942335202043872 0.068058142698426471 -0.062285861268924408 -0.071348713159690741 0.00033059169291000187 0.080910925077528784 0.083689776842467159 0.036989248535772019 -0.076913527864133732 0.12476429959592118 0.015899422337309895 -0.064231885839176106 -0.035756319135780548 0.061570893682689434 -0.018329164805579942 0.28169352308842849 0.074354976072937853 -0.011167138191723911 -0.035919579255765929 0.04152954552207546 0.0063454694793026291 0.022248637714996976 0.0067476847523247757
leaf_weight=4014.6537358607166 97.463119588792324 182.35837183753029 3.9381098430603734 27.534199502319098 2330.7422979418188 636.54102614941075 19.613114073406905 376.21533222263679 286.66180978901684 206.7788348053582 100.25247015524656 1046.3113929573447 265.34053225442767 239.94287367165089 178.11728316545486 8.2629854055121523 36.711801532655954 460.128253120929 89.627762325108051 218.73917850013822 263.72842546179891 127.54666695650667 8.5397501178085786 242.64602247998118 699.16898440103978 218.35737146344036 362.44296127278358 140.02693402860314 141.80502717010677 967.32325471984223
leaf_count=681268 1255 2081 47 180 49030 15294 468 33433 2905 7350 1771 12785 5301 3909 1296 730 272 3559 599 17992 2879 1447 120 3297 8341 2851 3536 1033 1042 7242
internal_value=-0.00251609 -0.0391034 -0.0635495 0.0476789 0.0668536 -0.0157762 -0.0226202 -0.0264522 0.0209341 0.00760618 0.00320418 -0.0100021 0.037427 0.0382287 -0.00856455 0.128674 0.170464 0.0237078 -0.0308553 -0.0757516 0.0325393 0.0220425 0.0478166 0.081404 -0.0187143 0.0274018 0.0124118 0.0478058 0.0512857 0.0135519
internal_weight=13997.5 8096.18 5314.68 5901.34 3437.1 1081.28 1032.37 1012.76 2464.24 2781.5 1216.81 1253.09 1106.36 1247.43 977.539 48.9129 40.6499 841.019 117.162 4233.39 723.857 1528.41 378.732 251.186 799.421 1007.49 580.8 426.689 239.268 1149.68
internal_count=873313 783826 749504 89487 61548 50244 49195 48727 27939 34322 13705 20135 12518 14234 11408 1049 319 7217 779 699260 6438 14187 4864 3417 10112 10325 6387 3938 2297 9323
is_linear=0
shrinkage=0.08


Tree=37
num_leaves=31
num_cat=0
split_feature=10 14 0 15 2 7 1 16 7 0 16 7 12 10 7 4 14 14 15 2 6 8 15 2 15 7 1 6 6 1
split_gain=3582.56 1278.38 711.582 214.77 153.76 160.103 135.365 130.216 120.59 90.1188 84.093 107.686 69.6466 69.1731 264.989 65.8357 65.9934 52.639 48.9531 48.4085 46.6784 40.9704 36.5815 33.6261 32.8454 29.2697 27.3768 26.952 26.2769 25.2866
threshold=0.26491229236125952 0.52966317534446727 0.79277813434600841 0.61178705096244823 0.75582656264305126 0.80123457312583934 0.91010102629661571 1.0000000180025095e-35 0.99812734127044689 0.81302964687347423 1.0000000180025095e-35 0.97993290424346935 1.0000000180025095e-35 0.12310606241226198 0.49157276749610906 0.84523808956146251 1.0000000180025095e-35 0.37546992301940924 0.56075823307037365 0.23132664710283282 0.21807064861059192 0.31608681380748754 0.2568363249301911 0.59390470385551464 0.55394813418388378 0.47491006553173071 0.13423423469066623 0.62583333253860485 0.042109929025173194 0.15504807978868487
decision_type=2 2 2 2 2 2 2 2 2 2 2 2 2 2 2 2 2 2 2 2 2 2 2 2 2 2 2 2 2 2
left_child=1 3 4 29 5 17 8 13 15 19 26 -12 18 -5 -15 16 -4 -2 -11 20 21 -3 -19 -20 27 -14 -7 -21 -6 -1
right_child=2 9 6 7 28 10 -8 -9 -10 12 11 -13 25 14 -16 -17 -18 22 23 24 -22 -23 -24 -25 -26 -27 -28 -29 -30 -31
leaf_value=-0.051115307667378776 -0.041520975862553738 0.13188613508017416 -0.028642485128263954 -0.060546176511485347 -0.049322296345854416 0.058949268840745653 0.079224993075267189 -0.069223051051754192 0.082414613457950911 -0.071359453086502211 -0.015099991084175177 0.030259459912892188 0.20995735558103293 1.2630603702484013 0.034438997892534309 0.081776737157581894 0.035556976045712139 0.080255692328991768 -0.055005099828551937 -0.067402244423281465 -0.040371827584519286 0.01433445005485129 -0.021404892098957014 0.011304963341958896 -0.020238286377948094 0.061716703074723163 0.026682354084122423 0.070368011021291949 0.087144090153848636 -0.079143577941965471
leaf_weight=218.96316651115194 495.0984517056495 21.191291863098741 112.99894591094926 54.240572112146765 9.5052801892161352 225.68194537982345 1737.4284470845014 183.61038104165345 489.10798132792115 49.751212680712342 823.21451664529741 564.77752980589867 9.4176737638190371 1.1299905199557532 195.51507085515186 177.226911816746 1100.2943983268924 41.333762164227664 50.535093747079372 192.53474779706448 99.096817769110203 181.47516327025369 50.12560636177659 1554.3098875004798 342.8915191385895 89.870972942560911 661.70273910276592 9.5380426794290525 180.71310732048005 3481.0490638567135
leaf_count=33719 28421 275 918 4224 107 1993 37408 17026 10482 5049 8849 4996 268 118 3203 3358 14485 776 465 21057 3632 2479 2454 8401 11197 1086 5944 762 2278 637883
internal_value=-0.00243883 -0.0435944 0.0391235 -0.0712367 0.0106762 0.00604705 0.0631278 -0.018029 0.0482485 0.000351912 0.0156541 0.00335689 0.0106993 0.0194373 0.0414991 0.0362308 0.0295778 -0.0312205 0.00679411 -0.0210814 0.00462437 0.0266259 0.0245392 0.00921692 -0.0353154 0.0757775 0.0348886 -0.0608993 0.0803248 -0.0774849
internal_weight=13404.3 6735.12 6669.21 4134.51 3052.15 2861.93 3617.06 434.496 1879.63 2600.61 2275.38 1387.99 1753.88 250.886 196.645 1390.52 1213.29 586.558 1654.6 846.728 301.763 202.666 91.4594 1604.84 544.964 99.2886 887.385 202.073 190.218 3700.01
internal_count=873313 750844 122469 696173 55818 53433 66651 24571 29243 54671 21782 13845 15269 7545 3321 18761 15403 31651 13915 39402 6386 2754 3230 8866 33016 1354 7937 21819 2385 671602
is_linear=0
shrinkage=0.08


Tree=38
num_leaves=31
num_cat=0
split_feature=10 15 7 1 11 4 11 7 14 1 11 11 4 11 14 16 11 4 7 1 4 6 6 14 1 4 11 16 15 10
split_gain=3187.41 1242.27 468.14 441.711 248.537 169.184 146.659 115.435 112.788 86.3909 121.351 66.4805 81.5113 61.8774 60.1803 59.0872 57.2249 54.9791 70.2907 44.6807 42.4871 66.9568 61.0698 38.2165 37.6681 33.3131 30.3413 28.2423 35.7059 27.8085
threshold=0.36939570307731634 0.64203718304634105 0.61980068683624279 0.86526826024055492 0.86607143282890331 0.13392857462167743 1.0000000180025095e-35 0.98421010375022899 0.41781598329544073 0.70782846212387096 0.30384616553783422 0.087121214717626586 0.10555555671453477 0.47222222387790685 0.60081303119659435 1.0000000180025095e-35 0.47222222387790685 1.0000000180025095e-35 0.68500718474388134 0.96051946282386791 0.19090909510850909 0.46470099687576299 0.15047170221805575 1.0000000180025095e-35 0.54923510551452648 0.2264957278966904 0.30384616553783422 1.0000000180025095e-35 0.50575360655784618 0.4463601559400559
decision_type=2 2 2 2 2 2 2 2 2 2 2 2 2 2 2 2 2 2 2 2 2 2 2 2 2 2 2 2 2 2
left_child=1 2 14 4 7 -6 17 11 -8 20 -11 12 -2 -13 -1 -10 19 18 -4 23 21 -3 26 -5 -23 -12 -22 28 -16 -25
right_child=3 9 6 16 5 -7 8 -9 15 10 25 13 -14 -15 27 -17 -18 -19 -20 -21 22 24 -24 29 -26 -27 -28 -29 -30 -31
leaf_value=-0.077444397346450811 0.094074287207373167 -0.065853328594894192 0.45033053722509231 -0.029582838894157051 0.028717554273356961 0.080816334639366869 -0.055799601708141022 0.05056710568661802 0.035189910128717444 0.0068186824129147462 0.0061603428806483972 -0.03629489964203108 0.0056471749254283334 0.0045751557788237173 -0.028036501420989297 -0.017178078843492626 0.082517735194838168 -0.075821106293435775 0.12246078490048941 0.081278498316237804 0.021673384900090523 -0.019341141798963499 -0.023809479588216151 0.0038195770710249578 0.19012326112482336 0.077848433663977992 0.11827748752542244 -0.060233138707891536 0.087850591511667173 0.059438597219742574
leaf_weight=3447.6748421862721 79.531769175082445 179.76313055772334 4.7611885759979478 49.836442243307829 1049.5390645423904 643.50704534631222 365.24377461429685 300.77000245079398 206.45832032430917 1823.4968138895929 51.18145182961598 484.71248188242316 414.00598284415901 464.07094704452902 71.75758006516844 415.20992460194975 1428.4759886153042 7.3790103043429545 34.568188350647688 218.61792313307524 94.321576171088964 11.356677572242917 317.2963862712495 76.108346000313759 10.644608932081608 218.99941284582019 26.697086084634066 110.23427106905729 22.304782312363386 235.71567714586854
leaf_count=681268 1034 5567 47 381 11581 14164 34387 3422 4160 14957 649 6566 2747 5701 5631 10648 35264 730 272 5051 2096 361 6947 745 117 3375 253 11104 1257 2831
internal_value=-0.00237383 -0.0364875 -0.0614917 0.0441104 0.0266886 0.0485197 -0.0139605 0.00548424 -0.0205162 0.006369 0.0142323 -0.00391697 0.0198969 -0.0163045 -0.0749445 0.000213524 0.0739117 0.124557 0.162152 0.0527263 -0.0193516 -0.0497306 -0.00536767 0.035467 0.0820014 0.0642683 0.0429845 -0.0327568 -0.000556473 0.0458634
internal_weight=12864.2 7419.35 4685.59 5444.89 3436.14 1693.05 1033.62 1743.09 986.912 2733.76 2093.68 1442.32 493.538 948.783 3651.97 621.668 2008.75 46.7084 39.3294 580.278 640.079 201.764 438.315 361.66 22.0013 270.181 121.019 204.297 94.0624 311.824
internal_count=873313 783826 749504 89487 45215 25745 50244 19470 49195 34322 18981 16048 3781 12267 699260 14808 44272 1049 319 9008 15341 6045 9296 3957 478 4024 2349 17992 6888 3576
is_linear=0
shrinkage=0.08


Tree=39
num_leaves=31
num_cat=0
split_feature=10 14 5 11 15 7 1 4 11 11 5 11 10 4 4 1 11 4 15 1 2 11 11 15 15 11 4 5 15 1
split_gain=2838.87 1157.75 646.076 268.424 204.044 133.271 118.681 93.6475 85.2529 96.8718 73.6407 73.5617 64.0361 60.9411 65.0973 55.3943 42.612 52.4063 70.1919 41.8583 46.6817 39.0354 38.3059 38.0155 36.5971 33.8116 92.3702 33.1669 33.0097 27.8368
threshold=0.26491229236125952 0.52966317534446727 0.4252659678459168 0.41428571939468389 0.61178705096244823 0.80123457312583934 0.95040982961654674 0.2264957278966904 0.087121214717626586 0.47222222387790685 0.4252659678459168 0.14835165441036227 0.12310606241226198 0.84523808956146251 0.6904762089252473 0.91331186890602123 0.41428571939468389 0.19090909510850909 0.2568363249301911 0.81284341216087352 0.23132664710283282 0.81666666269302379 0.10555555671453477 0.70402085781097423 0.56075823307037365 0.087121214717626586 1.0000000180025095e-35 0.16345082968473437 0.68625652790069591 0.15504807978868487
decision_type=2 2 2 2 2 2 2 2 2 2 2 2 2 2 2 2 2 2 2 2 2 2 2 2 2 2 2 2 2 2
left_child=1 4 5 6 29 16 13 8 -7 -10 19 24 -6 14 -4 -14 25 18 -18 20 22 -9 -3 -17 -12 26 -2 -22 -19 -1
right_child=2 10 3 -5 12 7 -8 21 9 -11 11 -13 15 -15 -16 23 17 28 -20 -21 27 -23 -24 -25 -26 -27 -28 -29 -30 -31
leaf_value=-0.047740368127484292 0.19518728088594806 0.14145998147559172 0.021420919563545488 0.079099597475622271 -0.069938319137958851 0.080213434204924619 0.079584545713770966 0.031189202231037366 -0.025796510364691654 0.016837483074086827 -0.070634872159685461 0.079058032003466325 -0.018803522604325197 0.081457438919269431 -0.036391281078577545 0.2126244734874243 0.044507059212095912 0.26415470603415386 -0.041060603474155757 0.097888746102979485 -0.063019420870186305 0.0827230335909592 -0.001290947366994157 0.038898909536686711 0.0080800620253839734 -0.063787553356786292 -0.049883115047708586 -0.02130384202214787 0.053202780937447937 -0.078868324338805945
leaf_weight=195.93295900663361 12.794265257194636 12.56238230364397 676.986687512137 1990.5693985680118 109.16582861728966 108.40315079130232 250.31467548385262 209.56202724203467 438.81295804772526 1531.5650881817564 38.753343033604324 93.827234557829797 226.23825761955231 86.177136488258839 152.78575643897057 9.0963715012185258 86.433218629099429 5.7008639471605411 211.45941653707996 19.397139220498502 177.95057501224801 170.69336991012096 284.20387931866571 70.855682797729969 1539.4521497082897 204.22592650400475 42.672367217950523 387.81548885488883 28.384654808789492 2985.092994924169
leaf_count=33719 86 146 5619 50864 12532 1436 5917 1704 5886 13017 4323 1289 11074 1392 1189 209 2155 139 14124 187 17617 3483 6245 756 8370 14478 753 16494 227 637883
internal_value=-0.00229429 -0.0408156 0.0358721 0.0612436 -0.0700654 0.00961792 0.0307671 0.0178198 0.0111427 0.00734268 0.000372742 0.0102386 -0.0173312 0.017426 0.010776 0.00142475 -0.0244699 -0.00548142 -0.0162332 -0.0183318 -0.0209454 0.0543223 0.00475183 0.0586642 0.00614719 -0.0487439 0.00664629 -0.0344247 0.0884849 -0.076951
internal_weight=12357.9 6150.34 6207.54 3156.83 3596.38 3050.71 1166.26 2459.04 2078.78 1970.38 2553.96 1672.03 415.356 915.95 829.772 306.19 591.671 331.978 297.893 881.929 862.532 380.255 296.766 79.9521 1578.21 259.693 55.4666 565.766 34.0855 3181.03
internal_count=873313 750844 122469 64981 696173 57488 14117 25526 20339 18903 54671 13982 24571 8200 6808 12039 31962 16645 16279 40689 40502 5187 6391 965 12693 15317 839 34111 366 671602
is_linear=0
shrinkage=0.08


Tree=40
num_leaves=31
num_cat=0
split_feature=10 14 5 11 15 7 1 16 4 2 5 2 5 11 7 4 10 7 11 4 15 11 2 1 16 15 5 11 4 11
split_gain=2516.31 1094.2 600.989 268.243 198.304 115.606 113.544 112.986 84.7224 84.6604 107.26 70.4917 69.913 74.646 57.648 58.3291 53.6401 48.9524 39.0529 43.6361 60.275 39.0513 38.708 45.5393 39.2036 36.0828 32.8483 31.0337 80.5335 30.2478
threshold=0.26491229236125952 0.51363748311996471 0.4252659678459168 0.41428571939468389 0.61178705096244823 0.80123457312583934 0.95040982961654674 1.0000000180025095e-35 0.2264957278966904 0.23606811463832858 0.075235851109027876 0.08191221579909326 0.4252659678459168 0.14835165441036227 0.97446763515472423 0.84523808956146251 0.12310606241226198 0.54847925901412975 0.41428571939468389 0.19090909510850909 0.2568363249301911 0.81666666269302379 0.23132664710283282 0.79805827140808117 1.0000000180025095e-35 0.56075823307037365 0.16345082968473437 0.087121214717626586 1.0000000180025095e-35 0.93750000000000011
decision_type=2 2 2 2 2 2 2 2 2 2 2 2 2 2 2 2 2 2 2 2 2 2 2 2 2 2 2 2 2 2
left_child=1 4 5 6 -1 18 14 16 9 11 -11 -7 22 25 15 -4 -6 -18 27 20 -20 -10 24 26 29 -14 -24 28 -2 -3
right_child=2 12 3 -5 7 8 -8 -9 21 10 -12 -13 13 -15 -16 -17 17 -19 19 -21 -22 -23 23 -25 -26 -27 -28 -29 -30 -31
leaf_value=-0.076950485945514055 0.1847880698314473 0.06940533815272816 0.0013188525396729991 0.078439638102323794 -0.057538222697656086 -0.036949499764673481 0.078884645705804043 -0.068406217209024622 0.029171600211381293 -0.034255941358151673 0.019720685784906562 0.031687054263497265 -0.07059464853191226 0.079415530553945707 0.065225845694020429 0.080893925652927301 0.17019937766769469 0.02482128009097645 0.039769206674608475 0.079603707203338619 -0.039147490953016055 0.08192697892897767 -0.063048907338740842 0.075044092364992085 -0.015477924737561226 0.0073333715015172678 -0.02165324213664143 -0.06233105906012857 -0.047185356107648679 -0.033263930415560743
leaf_weight=2918.3296713312156 12.447453026194124 78.269758366513997 708.99866706505418 1852.3677242784761 47.871307850815356 105.74891059286892 233.03746797144413 162.22451285133138 206.27234356105328 472.31758192274719 470.15222615282983 1014.3448377316818 38.98835950018838 92.326366201043129 131.52894656732678 64.30036997795105 16.203221166040748 174.1111362176016 88.882654604967684 34.73332579433918 204.34982209466398 159.03926562145352 180.2668152297847 25.198750025592744 201.95891375886276 1542.3056717631407 384.05685052834451 192.75225467700511 41.550685811787844 23.995260306634009
leaf_count=666502 86 1277 5161 50864 4215 912 5917 16905 1704 5992 4696 8739 4943 1332 2043 996 577 2678 2155 366 14124 3483 20072 276 5576 8463 17772 14478 753 256
internal_value=-0.00221698 -0.0393692 0.0342737 0.0596602 -0.0697069 0.00899163 0.0290884 -0.016913 0.016629 0.0103397 -0.00732963 0.025207 -0.000152821 0.00949443 0.0162635 0.00793558 0.0181581 0.0371987 -0.0232723 -0.00518374 -0.0152268 0.0521388 -0.0182182 -0.0301781 0.00495772 0.00541198 -0.0348766 -0.0473146 0.00628831 0.0453152
internal_weight=11878.9 5886.11 5992.82 2990.23 3318.74 3002.59 1137.87 400.41 2427.88 2062.56 942.47 1120.09 2567.37 1673.62 904.828 773.299 238.186 190.314 574.716 327.966 293.232 365.312 893.746 589.522 304.224 1581.29 564.324 246.75 53.9981 102.265
internal_count=873313 750844 122469 64981 690877 57488 14117 24375 25526 20339 10688 9651 59967 14738 8200 6157 7470 3255 31962 16645 16279 5187 45229 38120 7109 13406 37844 15317 839 1533
is_linear=0
shrinkage=0.08


Tree=41
num_leaves=31
num_cat=0
split_feature=7 15 15 11 16 7 2 6 2 14 7 14 14 11 7 10 2 6 11 11 4 0 4 4 9 16 5 15 10 5
split_gain=2231.22 1093.93 667.202 211.185 174.26 132.901 75.7701 62.1801 65.2366 55.5527 55.3789 67.8903 53.3354 63.3494 95.7133 60.4314 48.3357 43.6035 43.3261 48.9188 66.3852 58.7517 44.6312 38.5263 33.6298 38.7665 33.195 64.3251 29.3867 31.8771
threshold=0.63842603564262401 0.60675668716430675 0.88844355940818798 0.41428571939468389 1.0000000180025095e-35 0.97446763515472423 0.9495762586593629 0.12632978707551959 0.12945119291543963 0.60081303119659435 0.99812734127044689 1.0000000180025095e-35 0.30451765656471258 0.23611111193895343 0.47491006553173071 0.21807064861059192 0.79805827140808117 0.13714733719825747 0.63333335518836986 0.087121214717626586 0.26136364042758947 0.17817460745573047 0.2264957278966904 0.2264957278966904 0.69647300243377697 1.0000000180025095e-35 0.16035714000463488 0.35542106628417974 0.048809524625539787 0.19264507293701175
decision_type=2 2 2 2 2 2 2 2 2 2 2 2 2 2 2 2 2 2 2 2 2 2 2 2 2 2 2 2 2 2
left_child=1 9 4 6 18 7 10 8 -6 24 11 -4 15 -14 17 -3 -9 -15 19 20 -2 -21 -20 -16 -1 -26 27 -7 -11 -30
right_child=2 12 3 -5 5 26 -8 16 -10 28 -12 -13 13 14 23 -17 -18 -19 22 21 -22 -23 -24 -25 25 -27 -28 -29 29 -31
leaf_value=-0.07683082221649043 0.089680015572424068 -0.061500909923777991 -0.05148188496818798 0.078744307870996941 0.026907130665160383 0.035325190297067557 0.076942624314115374 -0.036226506520442146 -0.025000379657863815 -0.060346756507059292 0.081449024969427769 0.021962654439210642 0.0044071104359548084 0.34671319353663071 -0.0097556611763540586 0.035321594700147091 0.038504675655342824 1.4369234774743997 0.031785297537275027 0.04378107326946392 0.012958254864028464 -0.0099939453321717716 0.080203950376997415 0.13741719594587617 1.8575905585723724 -0.080544763839680317 0.058989485112786753 -0.026789908610526797 -0.024679811061262113 0.09009029235655458
leaf_weight=2743.9321979503147 117.34853002987802 154.37967937998474 94.037481404840946 1587.5394342243671 308.42735134810209 321.99074498936534 180.80560079589486 904.78088336437941 311.41490289662033 94.264156556688249 81.248521499335766 561.63793817162514 1772.5399541147053 0.46569127961993118 18.471870895475149 56.302457953803241 59.003960190340877 0.47353736916556954 636.01273130625486 175.36643028119579 187.52188602648675 502.95204324973747 150.71284138131887 29.665811838582158 0.12382602412253618 0.1415559989400198 140.07138776406646 159.58219781890512 58.594313110224903 21.053146176971495
leaf_count=677381 1269 17933 586 48177 3495 2999 4865 31176 8744 11691 1482 5715 17496 22 1494 2204 677 28 7399 1777 1414 13218 3292 354 23 25 2191 997 4234 955
internal_value=-0.00214174 -0.0425811 0.0287498 0.0610844 0.00837165 -0.00663401 0.0305353 -0.0189386 0.000828282 -0.073965 0.0191491 0.0114292 0.00248205 0.00688952 0.0965482 -0.0356262 -0.0316514 0.896372 0.0270683 0.0158719 0.0424894 0.00390857 0.0410608 0.0809426 -0.0767437 0.82378 0.0247118 0.0147417 -0.0301185 0.00565727
internal_weight=11430.9 4950.41 6480.45 2505.27 3975.19 2205.27 917.73 1583.63 619.842 2918.11 736.924 655.675 2032.3 1821.62 49.0769 210.682 963.785 0.939229 1769.91 983.189 304.87 678.318 786.726 48.1377 2744.2 0.265382 621.644 481.573 173.912 79.6475
internal_count=873313 733840 139473 60825 78648 50279 12648 44092 12239 694309 7783 6301 39531 19394 1898 20137 31853 50 28369 17678 2683 14995 10691 1848 677429 48 6187 3996 16880 5189
is_linear=0
shrinkage=0.08


Tree=42
num_leaves=31
num_cat=0
split_feature=10 15 7 1 11 5 5 1 16 4 7 1 6 11 16 6 0 1 7 10 7 1 5 6 6 15 2 11 7 15
split_gain=1991.93 914.245 436.609 394.384 192.503 184.006 143.68 119.578 90.6309 91.7433 87.6074 87.0469 76.5259 63.2038 56.0409 45.9685 45.0158 41.4296 40.1886 36.459 58.4588 38.3309 35.8206 49.6911 34.2708 33.708 30.676 119.416 28.5236 26.9873
threshold=0.36939570307731634 0.61178705096244823 0.61980068683624279 0.86526826024055492 0.86607143282890331 0.093933824449777617 0.19098278135061267 0.23132664710283282 1.0000000180025095e-35 0.2264957278966904 0.98421010375022899 0.28759399056434637 0.31311275064945226 0.47222222387790685 1.0000000180025095e-35 0.15450928360223773 0.56635218858718883 0.96051946282386791 0.93629321455955516 0.21807064861059192 0.57207792997360241 0.92031747102737438 0.63859337568283092 0.064866758882999434 0.64126753807067882 0.75880110263824474 0.14670014381408694 0.080128207802772536 0.2817846685647965 0.50005009770393383
decision_type=2 2 2 2 2 2 2 2 2 2 2 2 2 2 2 2 2 2 2 2 2 2 2 2 2 2 2 2 2 2
left_child=1 2 26 4 10 11 7 12 19 -10 14 15 -4 17 18 -6 -13 22 -2 -3 -21 -22 -5 -24 -9 -11 27 -1 -29 -8
right_child=3 8 6 13 5 -7 29 24 9 25 -12 16 -14 -15 -16 -17 -18 -19 -20 20 21 -23 23 -25 -26 -27 -28 28 -30 -31
leaf_value=0.46311214074308288 0.00025500608200202919 0.0089898618518443954 0.018382600418772158 0.077891231639829389 0.056734772757947818 0.070844156315837806 0.5014828324829006 -0.068061270187836614 -0.060097717401899883 -0.038927563171714218 0.043682577990131907 -0.040450168004506411 -0.048066582449359851 0.081200725524817469 -0.020419767271445979 0.010912033767758542 0.14924429806081843 0.079458042604782342 0.047748724402294197 0.26363328358733301 0.019453827280685371 0.077154819954354567 -0.065729297940463186 0.03121100785093749 0.046161408175503384 0.0031074126241890875 -0.076403021747217553 1.1236311125959686 -0.050347261420580283 0.16903752273946965
leaf_weight=2.9699005326256147 457.91751003777608 1061.4641655795276 494.28329848311841 78.078167196363211 241.2574738082476 722.33358367253095 1.6996671459637607 248.57533458038233 213.57586798327975 141.12863033241592 271.85143849439919 183.05559486756101 143.01269616838545 1065.4881526585668 766.1563127739355 334.20776131236926 8.3725591381080431 165.19659238681197 151.83720749057829 7.1511226943694046 315.64429517788813 96.11975228972733 40.151754681020975 215.33201575279236 18.030664522200823 905.20321235433221 2518.6573639886919 0.13257342018186946 146.43025725102052 19.404818223323673
leaf_count=26 5419 12480 8809 874 2789 17208 18 30331 12675 12376 3422 2755 7112 35264 9146 2935 58 5051 1483 95 3616 2094 511 2572 1401 5716 656398 4 30196 479
internal_value=-0.00206593 -0.03135 -0.0578934 0.0373854 0.0210233 0.0418691 -0.0105312 -0.015349 0.00345508 -0.0123155 0.00218311 0.0145776 0.00347104 0.0701985 -0.00601633 0.0301227 -0.0321534 0.0466947 0.0120816 0.0168769 0.0368616 0.0329232 0.0304687 0.0159759 -0.0603363 -0.00256224 -0.0743129 -0.0391085 -0.0492853 0.195811
internal_weight=11034.7 6333.48 3593.2 4701.24 3136.99 1489.23 925.006 903.902 2740.29 1259.91 1647.76 766.893 637.296 1564.25 1375.91 575.465 191.428 498.759 609.755 1480.38 418.915 411.764 333.562 255.484 266.606 1046.33 2668.19 149.533 146.563 21.1045
internal_count=873313 783826 734774 89487 45215 25745 48150 47653 49052 30767 19470 8537 15921 44272 16048 5724 2813 9008 6902 18285 5805 5710 3957 3083 31732 18092 686624 30226 30200 497
is_linear=0
shrinkage=0.08


Tree=43
num_leaves=31
num_cat=0
split_feature=7 15 1 11 4 11 4 11 11 2 0 14 2 14 11 7 14 1 5 6 7 9 14 7 9 4 1 11 7 6
split_gain=1743.47 988.82 580.983 199.428 220.259 117.317 187.037 97.3932 85.7426 66.8822 64.2073 58.8153 49.8405 45.4049 51.7351 47.7505 43.7064 43.1098 44.0062 64.0591 42.6981 41.1171 38.6274 33.9024 27.2038 24.471 24.1484 401.635 194.729 23.1296
threshold=0.63842603564262401 0.60675668716430675 0.86526826024055492 0.63333335518836986 0.19090909510850909 1.0000000180025095e-35 1.0000000180025095e-35 0.41428571939468389 0.30384616553783422 0.7320508360862733 0.69614070653915416 0.60081303119659435 0.23132664710283282 0.30451765656471258 0.23611111193895343 0.50101214647293102 0.46757917106151586 0.94570022821426403 0.59491634368896495 0.033908046782016761 0.97446763515472423 0.55391839146614086 0.56017240881919872 0.70814895629882824 0.2633154839277268 0.2264957278966904 0.15504807978868487 0.080128207802772536 0.48429276049137121 0.11834733933210374
decision_type=2 2 2 2 2 2 2 2 2 2 2 2 2 2 2 2 2 2 2 2 2 2 2 2 2 2 2 2 2 2
left_child=1 11 3 5 9 6 23 17 16 10 -5 26 -10 21 -15 22 -7 18 -4 -20 -8 24 -16 -2 -3 -17 27 28 -1 -13
right_child=2 13 7 4 -6 8 20 -9 12 -11 -12 29 -14 14 15 25 -18 -19 19 -21 -22 -23 -24 -25 -26 -27 -28 -29 -30 -31
leaf_value=0.82988249727886187 0.26343265923204967 1.0534847630108894 0.083594335873805006 0.012100110283806385 0.074344149528067366 -0.073668881743451264 -0.0037630607640760528 0.080783353082227033 0.010631090818242791 0.076000924829723704 -0.0805764239798442 0.018429263984162302 -0.019512480845619181 0.0039403069927650518 0.46866124174087409 -0.014202132515246876 -0.015530580499168256 0.067846344847989765 -0.094053491402588993 0.024392653274979793 0.066392373148314462 0.021019480963004305 0.028168238520209266 0.096631508428241197 -0.059064531466681121 0.10879620208952442 -0.078090892457274005 -0.051252359808966724 4.096836859921015 -0.046927286820615387
leaf_weight=0.26220032828859885 8.2970684450119716 0.14080248028039832 67.424311788752675 1229.4423706629314 524.62015385087579 211.11677510431036 541.10469914367422 1052.9133303388953 615.22739485232159 101.36975802574307 49.780956394970417 51.29684799304232 817.55640875827521 1768.373319152277 3.520189002621918 17.337183621712029 136.11014623055235 239.09511339105666 32.457491297274828 293.20947862416506 61.870595432817936 60.57168368017301 1.9967897702008484 129.78750290162861 139.08655362296849 25.694894878193736 2230.3987053318415 131.70245759631507 0.21052245749160647 106.82408986659721
leaf_count=34 52 19 696 16842 15344 11956 4600 37133 9179 1890 562 4235 24554 17496 115 1453 3618 6599 304 3290 973 2646 16 1881 17472 314 644906 32476 13 12645
internal_value=-0.00198843 -0.0395559 0.0259037 0.0106844 0.0302181 -0.00407756 0.0226686 0.0658806 -0.0152126 0.0134503 0.0084936 -0.0729606 -0.00656904 0.00219647 0.00617706 0.0876496 -0.0508791 0.0410598 0.024767 0.0125878 0.00343551 -0.034002 0.309231 0.106654 -0.0579394 0.0592414 -0.076122 -0.0428975 2.28479 -0.0257246
internal_weight=10648.8 4537.42 6111.38 4426.28 1905.21 2521.07 741.06 1685.1 1780.01 1380.59 1279.22 2520.69 1432.78 2016.72 1816.92 48.5491 347.227 632.186 393.091 325.667 602.975 199.799 5.51698 138.085 139.227 43.0321 2362.57 132.175 0.472723 158.121
internal_count=873313 733840 139473 91451 34638 56813 7506 48022 49307 19294 17404 694309 33733 39531 19394 1898 15574 10889 4290 3594 5573 20137 131 1933 17491 1767 677429 32523 47 16880
is_linear=0
shrinkage=0.08


Tree=44
num_leaves=31
num_cat=0
split_feature=10 14 1 10 4 11 5 11 4 16 11 1 11 4 15 11 14 6 10 0 2 6 11 1 15 6 4 1 5 6
split_gain=1570.49 795.24 357.479 339.92 183.472 155.706 167.561 95.8918 100.305 72.5269 67.2981 64.7754 51.5181 72.2307 50.9835 50.1754 49.0191 48.2166 47.0589 45.723 42.6381 41.6583 41.3439 40.8987 38.8568 35.5155 37.8932 33.8426 32.0285 37.8528
threshold=0.36939570307731634 0.47508865594863897 0.86526826024055492 0.19292803853750232 0.2264957278966904 0.86607143282890331 0.13079115748405459 0.080128207802772536 1.0000000180025095e-35 1.0000000180025095e-35 0.47222222387790685 0.28759399056434637 0.087121214717626586 0.10555555671453477 0.94490003585815441 0.41428571939468389 0.25521059334278112 0.25760369002819067 0.2152509689331055 0.56635218858718883 0.85565477609634411 0.15450928360223773 0.30384616553783422 0.96051946282386791 0.68625652790069591 0.14434523880481723 0.73214286565780651 0.92031747102737438 0.63859337568283092 0.064866758882999434
decision_type=2 2 2 2 2 2 2 2 2 2 2 2 2 2 2 2 2 2 2 2 2 2 2 2 2 2 2 2 2 2
left_child=1 3 5 -1 7 12 11 8 -5 18 23 21 13 -2 17 27 22 -11 25 -13 -9 -7 -14 28 -17 -3 -27 -6 -4 -30
right_child=2 9 10 4 15 6 -8 20 -10 14 -12 19 16 -15 -16 24 -18 -19 -20 -21 -22 -23 -24 -25 -26 26 -28 -29 29 -31
leaf_value=-0.076383894425234869 0.089624688022730256 0.021403380670975865 0.074840203129085223 0.17304715125063061 -0.0055348883470937305 0.05377346443170325 0.0692886770700155 -0.054992605953637259 -0.074849396674003074 -0.011285826631551192 0.080581894528977252 -0.034337550311319714 -0.077812400061527884 0.0094689276123663402 0.0080274308747385944 0.29059315390837159 0.019258511480996984 -0.051682946227398732 0.04687542452936648 0.11196455169898405 0.091620445463350506 0.0096332327022140563 -0.01280301865149653 0.078567814799554506 0.069984148716791206 -0.016247984704154332 0.039629602071292347 0.060595904033206249 -0.054893106219158397 0.027910100253408544
leaf_weight=2028.6340584445279 85.923012018203735 583.50251938798465 70.41491218470037 25.498524187598377 185.24352907645516 231.90243773721159 623.30071646207944 595.4863870202098 17.695929002948105 695.12151669920422 914.85970948915929 196.74612123752013 68.565499699674547 442.44702734611928 565.96965610608459 5.4967781896702936 306.22392824292183 259.75330393156037 235.91952446219511 14.69234156468883 12.971517182653768 333.81674445746467 720.74160729255527 143.9203076697886 72.572504112496972 462.19072627276182 93.362075463635847 67.599633384961635 42.634103819727898 206.33123953640461
leaf_count=604525 1562 9426 874 206 3141 2793 16947 91632 1497 25649 35264 2896 1376 3519 2557 216 3613 22506 3368 152 106 2957 9400 5051 1441 15800 795 961 511 2572
internal_value=-0.00193633 -0.0288923 0.0342314 -0.0576776 -0.019056 0.0188429 0.0383895 -0.0436904 0.0714887 0.00103992 0.0680015 0.0136075 0.00198585 0.0225038 -0.0109982 0.0294556 -0.00790986 -0.022275 0.0143552 -0.0241714 -0.051867 0.0277274 -0.0184503 0.0431594 0.085517 0.00761961 -0.00685761 0.0121457 0.0272035 0.0137305
internal_weight=10309.5 5907.02 4402.52 3011.2 982.565 3024.36 1400.46 651.652 43.1945 2895.82 1378.16 777.158 1623.9 528.37 1520.84 330.912 1095.53 954.875 1374.97 211.438 608.458 565.719 789.307 463.301 78.0693 1139.06 555.553 252.843 319.38 248.965
internal_count=873313 783826 89487 703725 99200 45215 25745 93441 1703 80101 44272 8798 19470 5081 50712 5759 14389 48155 29389 3048 91738 5750 10776 9008 1657 26021 16595 4102 3957 3083
is_linear=0
shrinkage=0.08


Tree=45
num_leaves=31
num_cat=0
split_feature=10 14 1 11 5 15 7 2 11 4 14 0 0 11 11 6 11 4 15 7 1 4 6 10 4 6 1 8 5 0
split_gain=1394 854.093 476.215 176.326 239.637 112.465 87.704 77.3267 69.2209 125.178 80.6679 49.6723 48.1567 46.8384 43.0802 37.8349 34.5734 55.3746 32.0424 31.6663 31.1533 30.3513 66.4555 27.6608 26.9059 86.9431 24.978 38.1975 28.7888 110.765
threshold=0.23669467866420749 0.51363748311996471 0.89009663462638866 0.86607143282890331 0.093933824449777617 0.61178705096244823 0.98421010375022899 0.31643131375312811 0.087121214717626586 1.0000000180025095e-35 0.44487847387790685 0.53262412548065197 0.79277813434600841 0.19090909510850909 0.41428571939468389 0.15655637532472613 0.30384616553783422 0.2264957278966904 0.56075823307037365 0.50101214647293102 0.96051946282386791 0.2264957278966904 0.37377451360225683 0.17902930825948718 0.53571429848670971 0.050641026347875602 0.270728349685669 0.35215696692466741 0.16345082968473437 0.46841755509376531
decision_type=2 2 2 2 2 2 2 2 2 2 2 2 2 2 2 2 2 2 2 2 2 2 2 2 2 2 2 2 2 2
left_child=1 5 3 6 7 -1 8 15 9 -2 -10 -9 26 18 20 -5 23 -18 -14 -19 24 22 -6 -7 -4 -26 27 -3 -28 -30
right_child=2 12 14 4 21 16 -8 11 10 -11 -12 -13 13 -15 -16 -17 17 19 -20 -21 -22 -23 -24 -25 25 -27 28 -29 29 -31
leaf_value=-0.076602028401218117 0.1040980247039911 0.053619235381179971 0.062808511363897285 0.03873661342594821 0.017259298218561737 -0.063633461262496915 0.038951995977526403 -0.054196026862100823 -0.024952531133468937 0.0017215279011395649 0.021926845518158326 0.13343069802070584 -0.06840776410483046 0.068430457044165047 0.080816599859887858 0.0015200134079862543 -0.058837717439859966 0.32014928584688757 0.004995488644578213 0.066596212999913251 0.075290817742244692 0.079142438786477878 0.096169774272759467 -0.0048487883740092729 -0.16591248340219164 0.030794727793591201 -0.064299879601828008 -0.01768118727674475 0.40754819130592651 -0.023737837293066555
leaf_weight=1944.8299803910777 87.880966036114842 63.746320083271712 101.13779490161687 293.24606506363489 185.81918149138801 117.80602074111812 315.03556805476546 159.25861610425636 1204.5533973712008 587.03539411514066 291.83331216382794 9.5731834673788381 38.973247063113376 73.744557616999373 796.84363340120763 432.90953338425606 27.657432881416753 3.4550137822516254 1625.0665855326224 35.990531434537843 172.53881934192032 462.70804088562727 108.00301162013784 90.648120231227949 16.152337543666363 131.09628274384886 122.62965368386358 195.75897546811029 3.8662314086686811 267.31340635241941
leaf_count=648362 1303 1861 1450 4227 3874 15350 4150 7628 44294 5321 5035 114 6255 1190 32918 7878 3264 108 9509 555 5833 16660 1413 2992 163 1765 18190 6110 85 15456
internal_value=-0.00185511 -0.034097 0.0259069 0.0129655 0.0332283 -0.0698249 -0.000493728 0.00521076 -0.00621693 0.015052 -0.0158099 -0.0435571 -0.000919978 0.0060412 0.0698805 0.0165493 -0.0219928 0.0279519 0.00327632 0.0888048 0.0491776 0.0663735 0.0462652 -0.0380704 0.0310384 0.00921706 -0.0194364 -0.000166556 -0.0321344 -0.017589
internal_weight=9967.11 4611.49 5355.63 4137.86 1651.52 2220.39 2486.34 894.987 2171.3 674.916 1496.39 168.832 2391.1 1737.78 1217.77 726.156 275.557 67.103 1664.04 39.4455 420.925 756.53 293.822 208.454 248.386 147.249 653.315 259.505 393.809 271.18
internal_count=873313 729287 144026 101897 41794 670631 60103 19847 55953 6624 49329 7742 58656 16954 42129 12105 22269 3927 15764 663 9211 21947 5287 18342 3378 1928 41702 7971 33731 15541
is_linear=0
shrinkage=0.08


Tree=46
num_leaves=31
num_cat=0
split_feature=10 14 1 10 5 11 5 7 15 6 4 1 11 4 4 14 6 6 4 1 10 11 11 14 15 11 10 8 1 4
split_gain=1235.1 686.756 321.814 315.422 150.854 142.553 165.298 66.6481 59.9874 55.6353 77.5828 51.5024 46.9551 83.0653 46.4693 47.9128 40.713 40.1084 39.2592 38.0545 35.5449 34.3957 29.4805 28.0893 27.9323 34.4434 27.4633 27.0376 26.102 28.2118
threshold=0.36939570307731634 0.47508865594863897 0.89009663462638866 0.19292803853750232 0.37602458894252783 0.86607143282890331 0.13079115748405459 0.99812734127044689 0.65980625152587902 0.10762548446655275 0.64583334326744091 0.23132664710283282 0.080128207802772536 1.0000000180025095e-35 0.87301588058471691 1.0000000180025095e-35 0.69789379835128795 0.27823315560817724 0.2264957278966904 0.92031747102737438 0.21132376790046695 0.47222222387790685 0.38750000298023229 0.6431068778038026 0.61178705096244823 0.23611111193895343 0.065591398626565947 0.4226078093051911 0.96051946282386791 0.53571429848670971
decision_type=2 2 2 2 2 2 2 2 2 2 2 2 2 2 2 2 2 2 2 2 2 2 2 2 2 2 2 2 2 2
left_child=1 3 5 24 12 7 11 14 -6 -3 20 17 13 -5 15 -2 -13 -7 -14 -10 23 28 -9 -11 -1 -26 -12 -22 29 -4
right_child=2 9 21 4 8 6 -8 22 19 10 26 16 18 -15 -16 -17 -18 -19 -20 -21 27 -23 -24 -25 25 -27 -28 -29 -30 -31
leaf_value=-0.078687112812066543 -0.050360665572565334 0.013975943186223262 0.068428350005228109 0.17503259032040336 0.1866529899708986 0.047854193283460682 0.067950280641317098 0.082627173578915122 0.0011744927280694776 -0.059316392665697 0.010158059983057686 -0.022215900371201882 -0.053743235153364301 -0.0347292864488081 0.076301123381781397 -0.0009810553600176949 0.075618261648338403 -0.0020170843880851861 0.047593641790954856 0.063408423179005538 0.052637819624602421 0.080170046062533737 0.022833559602024746 -0.022277729875225021 -0.06363905691558859 0.026896362243196584 0.074173599468761398 -0.0091107733420016223 0.077609248882555854 0.0072923829186107153
leaf_weight=1599.8381736257579 139.27856163773686 1192.8489627183881 79.089076194912195 17.071009575622156 14.255761768668888 284.85361877828836 627.52861798275262 77.716958727687597 221.88561696279794 166.04985362617299 515.70004370436072 279.25698272604495 515.01116554625332 41.343799352413043 45.550192803144455 1295.4757947535254 30.163148199208081 161.84977122675627 25.687694199616089 87.751686764881015 55.244877614080906 698.87019995599985 164.41587343811989 621.56411891942844 116.54433844657615 34.961237330455333 46.781399205327034 254.23227249109186 124.45139089226723 124.121686283499
leaf_count=586534 1131 21247 1247 150 459 3400 20055 1431 2480 29694 4026 3882 90953 2774 952 15559 276 1243 636 1748 990 31541 2020 18530 15051 2940 733 4881 5051 1699
internal_value=-0.00177167 -0.0265085 0.0313101 -0.0556326 -0.0177875 0.0184762 0.0375981 0.00311545 0.026199 0.000797514 -0.00867473 0.0124079 -0.0415675 0.026571 -0.00324904 -0.00577457 -0.0126787 0.0297848 -0.0489289 0.0188117 -0.0210601 0.0701431 0.0420254 -0.0300865 -0.075578 -0.0427472 0.0154822 0.00191199 0.0487565 0.0310863
internal_weight=9659.39 5526.77 4132.62 2674.35 923.007 3106.09 1383.65 1722.44 323.893 2852.42 1659.57 756.124 599.114 58.4148 1480.3 1434.75 309.42 446.703 540.699 309.637 1097.09 1026.53 242.133 787.614 1751.34 151.506 562.481 309.477 327.662 203.211
internal_count=873313 783826 89487 703725 99200 49949 28856 21093 4687 80101 58854 8801 94513 2924 17642 16690 4158 4643 91589 4228 54095 39538 3451 48224 604525 17991 4759 5871 7997 2946
is_linear=0
shrinkage=0.08


Tree=47
num_leaves=31
num_cat=0
split_feature=10 14 1 15 11 4 7 2 11 11 4 11 9 10 1 4 11 6 4 0 11 11 4 6 0 4 0 4 11 8
split_gain=1088.19 731.899 401.215 169.636 132.422 183.279 65.3367 62.9515 55.5587 40.7212 97.6033 58.1559 39.6188 36.818 36.7635 35.5564 34.5208 34.1632 62.8945 30.5893 77.5873 27.8469 24.2792 89.8939 29.4028 21.4309 23.3598 97.757 25.0603 19.6691
threshold=0.26491229236125952 0.51363748311996471 0.88185444474220287 0.61178705096244823 0.76388889551162731 0.19090909510850909 0.97993290424346935 0.7320508360862733 0.41428571939468389 0.087121214717626586 1.0000000180025095e-35 0.30384616553783422 0.70986828207969677 0.12310606241226198 0.96051946282386791 0.2264957278966904 0.30384616553783422 0.096006143838167204 0.64583334326744091 0.18808962404727939 0.080128207802772536 0.19090909510850909 0.53571429848670971 0.050641026347875602 0.97182539105415355 0.87301588058471691 0.94201681017875682 0.64583334326744091 0.14835165441036227 0.72403213381767284
decision_type=2 2 2 2 2 2 2 2 2 2 2 2 2 2 2 2 2 2 2 2 2 2 2 2 2 2 2 2 2 2
left_child=1 3 4 19 6 7 9 12 14 10 -2 -11 -6 -5 22 29 -17 25 -19 20 -1 -8 24 -24 -4 26 27 -3 -28 -15
right_child=2 17 8 13 5 -7 21 -9 -10 11 -12 -13 -14 15 -16 16 -18 18 -20 -21 -22 -23 23 -25 -26 -27 28 -29 -30 -31
leaf_value=0.22071090524404516 0.099105886548669461 0.016990948050386489 0.073839763199575886 -0.062679708710695156 -0.011541064110572756 0.075765944224891191 0.075513241502962777 0.082098960030131368 0.079868866279853248 -0.054613223591667315 -0.00072503020248918069 -0.0069277049642470501 0.020797587340898691 -0.058414244126346465 0.076635400998019743 -0.001097021512483598 0.076186047195495751 -0.020735326809620407 0.013415667417910849 -0.077866996987281348 -0.052546393139665248 0.019861884947997815 -0.1537878155260618 0.028469470132488999 -0.050367514359455703 -0.013201898473559294 0.027909592079826035 -0.11318012185517237 0.12067070865565616 0.12236031517918761
leaf_weight=6.9993390212766817 71.480902478098869 422.30087832827121 89.528018448501825 74.491631736978889 407.67476309649646 411.78967439290136 75.921914910897613 78.445696610957384 715.99613207392395 191.5548123200424 508.94906691275537 1124.8996467513498 598.272082622163 66.090200844686478 139.44286471232772 145.80784814292565 49.565107880160213 915.05896818707697 554.13592893932946 1606.185909532709 133.27093892125413 237.73610886931419 19.512413702905178 154.12302825599909 14.121582791209219 182.96696929610334 307.77524529304355 40.460792990168557 19.841089806519449 4.090439334511756
leaf_count=48 1174 10464 1362 12503 9353 16222 1629 1860 34392 8047 3924 27747 6184 7321 5651 3727 784 41311 4028 626982 39472 2502 174 2065 183 1191 2209 341 423 40
internal_value=-0.00169328 -0.0298773 0.024683 -0.0646728 0.0119495 0.0303289 -0.00049048 0.0130745 0.066352 -0.00608325 0.0115693 -0.0138663 0.00769187 -0.0129777 0.0431283 0.000964452 0.0185093 -0.000153693 -0.0078546 -0.0747382 -0.0389111 0.0333325 0.026278 0.00798817 0.0569173 0.0114703 0.0171817 0.00560966 0.0335274 -0.0478779
internal_weight=9368.49 4529.04 4839.45 2086.5 3706.72 1496.18 2210.54 1084.39 1132.72 1896.88 580.43 1316.45 1005.95 340.045 416.728 265.554 195.373 2442.54 1469.19 1746.46 140.27 313.658 277.285 173.635 103.65 973.345 790.378 462.762 327.616 70.1806
internal_count=873313 750844 122469 690877 78642 33619 45023 17397 43827 40892 5098 35794 15537 24375 9435 11872 4511 59967 45339 666502 39520 4131 3784 2239 1545 14628 13437 10805 2632 7361
is_linear=0
shrinkage=0.08


Tree=48
num_leaves=31
num_cat=0
split_feature=10 14 0 11 16 7 2 5 6 4 10 16 5 6 2 5 0 0 5 0 7 6 10 6 7 2 0 11 4 16
split_gain=959.526 738.288 387.363 183.086 146.019 121.289 66.0323 70.3216 66.0765 63.536 57.1214 66.5689 50.9984 47.2513 40.102 39.6471 69.0011 38.3424 85.5341 103.01 75.9333 100.857 53.0365 40.5847 31.7708 28.6244 25.0537 25.4917 24.9096 33.6699
threshold=0.21807064861059192 0.60081303119659435 0.91715687513351452 0.41428571939468389 1.0000000180025095e-35 0.97993290424346935 0.2237871661782265 0.069971442222595229 0.2522727251052857 0.84523808956146251 0.12310606241226198 1.0000000180025095e-35 0.18795289844274524 1.0000000180025095e-35 0.21132376790046695 0.19098278135061267 0.5604878067970277 0.13994288444519046 0.080322578549385085 0.47140522301197058 0.71471861004829418 0.21103239059448245 0.91833335161209118 0.2522727251052857 0.99812734127044689 0.12945119291543963 0.76833632588386547 0.19090909510850909 0.35416667163372045 1.0000000180025095e-35
decision_type=2 2 2 2 2 2 2 2 2 2 2 2 2 2 2 2 2 2 2 2 2 2 2 2 2 2 2 2 2 2
left_child=1 10 4 9 17 6 8 -8 -6 13 -1 15 14 -4 -7 25 -17 20 22 -20 21 -2 -19 -22 -15 -12 -3 28 29 -28
right_child=2 26 3 -5 5 12 7 -9 -10 -11 11 -13 -14 24 -16 16 -18 18 19 -21 23 -23 -24 -25 -26 -27 27 -29 -30 -31
leaf_value=-0.077697471735704446 0.51351268094430558 -0.017161171793311076 0.058342562965454689 0.077163437902615192 0.014844377557668861 0.025900152719098842 -0.06820223045880576 -0.018453904186014093 -0.04280229231766907 0.075185518707533663 0.057647185231495507 -0.068585940935773512 0.058122912633113581 -0.0022334982877473299 -0.024303412514960737 0.63278503063303804 0.016549320084968386 -0.018388543194530135 0.133606389638384 0.027208250173369811 0.062468651945276184 -0.0089152484066647684 0.062446039950270822 -0.016511329598424922 0.079268113921441799 -0.065935882914952504 0.072933291645852813 0.058230875578804152 -0.00038263211071401255 0.0045618126473927628
leaf_weight=1291.2682638140395 5.1873132155742478 403.36316653853282 122.02096812054515 905.16021999251097 459.01929990295321 275.17725095897913 277.90261910809204 526.12879966874607 176.06831957539544 128.95315934484825 14.070477199507875 332.0560499872081 178.01135369949043 480.5951622640714 161.64908590167761 1.1759464442729939 104.81590274698101 393.33524316200055 63.906986031215638 656.26814956753515 190.21193346288055 4.3468556937295943 59.851398210972548 53.309948609210551 32.693276001140475 81.315767759922892 73.178290404845029 55.69422043254599 1467.1783961448818 124.56129776407033
leaf_count=525194 273 22489 3977 44415 7375 2842 36154 15895 7816 3646 2358 107147 5394 4100 1065 190 3971 18622 987 11197 1924 560 397 504 733 30166 892 834 10100 2096
internal_value=-0.00160968 -0.0312787 0.0211394 0.0528194 0.00594362 -0.00771191 -0.0204187 -0.0356487 -0.00113728 0.0239872 -0.0685999 -0.0465777 0.0220303 0.0135952 0.00732215 -0.0102879 0.0233863 0.0256068 0.0195156 0.0366498 0.05385 0.275325 -0.00771289 0.045179 0.00295765 -0.0477061 0.000783864 0.00499072 0.00320975 0.0298643
internal_weight=9098.48 3948.68 5149.8 1669.42 3480.37 2053.96 1439.12 804.031 635.088 764.263 1824.7 533.434 614.838 635.309 436.826 201.378 105.992 1426.42 1173.36 720.175 253.056 9.53417 453.187 243.522 513.288 95.3862 2123.98 1720.61 1664.92 197.74
internal_count=873313 705437 167876 56871 111005 76541 67240 52049 15191 12456 669026 143832 9301 8810 3907 36685 4161 34464 31203 12184 3261 833 19019 2428 4833 32524 36411 13922 13088 2988
is_linear=0
shrinkage=0.08


Tree=49
num_leaves=31
num_cat=0
split_feature=10 15 7 1 5 1 11 4 4 11 2 6 4 6 6 15 4 6 4 6 2 11 7 7 1 11 11 1 10 5
split_gain=853.556 496.911 413.344 244.094 139.269 115.21 96.5138 130.007 74.9637 151.429 76.1189 62.6365 77.4444 58.2312 54.3966 51.474 41.2539 47.7235 37.7483 37.0816 36.9285 36.8726 34.6938 33.7539 33.5988 41.3291 32.7838 31.9501 28.93 26.275
threshold=0.42481203377246862 0.59814515709877025 0.61323601007461559 0.89009663462638866 0.15655637532472613 0.270728349685669 0.86607143282890331 0.13392857462167743 0.2264957278966904 0.23611111193895343 0.85565477609634411 0.41967740654945379 1.0000000180025095e-35 0.52803984284400951 0.31311275064945226 0.6700209677219392 0.26136364042758947 0.21807064861059192 0.87301588058471691 0.76253134012222301 0.75582656264305126 0.087121214717626586 0.82785561680793773 0.99812734127044689 0.15504807978868487 0.080128207802772536 0.47222222387790685 0.12579113990068438 0.57518798112869274 0.18469785153865817
decision_type=2 2 2 2 2 2 2 2 2 2 2 2 2 2 2 2 2 2 2 2 2 2 2 2 2 2 2 2 2 2
left_child=1 2 24 6 5 14 18 20 10 16 11 21 -13 -6 -4 -11 17 -10 23 -7 27 -3 -15 28 25 -1 -5 -8 -2 -25
right_child=3 8 4 26 13 19 7 -9 9 15 -12 12 -14 22 -16 -17 -18 -19 -20 -21 -22 -23 -24 29 -26 -27 -28 -29 -30 -31
leaf_value=0.19712731869627317 0.0074830262275575252 -0.010514109170579808 0.014906579121061532 0.045287217715943295 0.10634677160150698 -0.066175295705007978 0.038439468006193897 0.075107274027953447 0.094376661626453875 0.18884452200041427 0.06055177048736491 0.12255828374562867 -0.076471302354096521 0.59582505476371073 -0.035297633687502314 0.053221391789304226 -0.002214137962925813 -0.022084508623240087 0.076747648211339364 0.42177843246260954 0.083075900445608503 -0.066592024120589052 0.22653655392715272 0.0093315811383391876 -0.074726906684484798 -0.039670011203433185 0.079540683502736617 0.0023855545732653491 -0.017589789232999468 0.068636426950143853
leaf_weight=4.9360543559305361 681.15106516331434 105.50784464972094 593.59220706112683 267.52170133404434 18.693197782384235 207.12425242969766 221.66538685746491 357.92099892161787 60.929355264641345 19.186759290052578 56.113292110618204 31.411870414623991 20.795762710273266 2.8045882957521817 180.01248436723836 269.19019951112568 1947.0414602383971 35.721420653164387 44.298808859661222 1.0015584253706027 51.138544887304306 259.87290847022086 3.8815785683691502 125.43547500483692 1496.0344182497356 106.38122648070566 539.37080921605229 541.79639156442136 518.88891910389066 77.263479221612215
leaf_count=57 7556 4521 11537 7406 1159 31460 2908 16777 1477 749 743 936 1679 46 11326 5819 29985 2185 1207 43 1549 13739 23 1105 643377 31150 30532 5562 4787 1913
internal_value=-0.00154238 -0.0212998 -0.0463929 0.0297114 -0.0062072 -0.0109904 0.0178608 0.0349197 0.00208245 0.00797592 -0.0269315 -0.0386871 0.0432792 0.178819 0.0032244 0.0622449 0.000318248 0.0513335 0.00403815 -0.0638271 0.0172619 -0.0503989 0.381439 0.00174197 -0.0715719 -0.0291699 0.0681841 0.0128535 -0.00335828 0.031937
internal_weight=8846.68 5420.23 2614.46 3426.45 1007.11 981.731 2619.56 1172.52 2805.77 2332.07 473.702 417.588 52.2076 25.3794 773.605 288.377 2043.69 96.6508 1447.04 208.126 814.6 365.381 6.68617 1402.74 1607.35 111.317 806.893 763.462 1200.04 202.699
internal_count=873313 792011 730178 81302 55594 54366 43364 26796 61833 40215 21618 20875 2615 1228 22863 6568 33647 3662 16568 31503 10019 18260 69 15361 674584 31207 37938 8470 12343 3018
is_linear=0
shrinkage=0.08


Tree=50
num_leaves=31
num_cat=0
split_feature=7 15 1 16 7 7 5 14 11 8 15 2 11 1 4 7 5 5 5 1 14 11 9 1 11 4 15 7 6 1
split_gain=721.951 678.563 360.478 111.737 130.372 94.5662 73.068 62.193 52.8191 36.1311 32.6551 31.4897 26.8061 32.6123 31.665 26.2363 170.489 26.6418 25.126 25.9953 24.5017 35.8509 31.2782 24.4798 32.2037 24.0664 25.2831 21.1745 27.7268 18.9809
threshold=0.63842603564262401 0.60675668716430675 0.89512962102890026 1.0000000180025095e-35 0.97993290424346935 0.93116611242294323 0.18795289844274524 0.50147929787635814 0.41428571939468389 0.31948553025722509 0.35542106628417974 0.08191221579909326 0.63333335518836986 0.16784037649631503 0.2264957278966904 0.51661145687103283 0.3440061509609223 0.29758481681346899 0.090326342731714263 0.12579113990068438 0.30451765656471258 0.23611111193895343 0.55391839146614086 0.84028983116149913 0.19090909510850909 0.2264957278966904 0.64203718304634105 0.57207792997360241 0.19098278135061267 0.96051946282386791
decision_type=2 2 2 2 2 2 2 2 2 2 2 2 2 2 2 2 2 2 2 2 2 2 2 2 2 2 2 2 2 2
left_child=1 7 3 5 9 12 10 -1 29 -5 -6 -11 13 -2 -14 23 17 -17 19 -7 22 -22 -3 -9 -25 -23 -27 28 -24 -4
right_child=2 20 8 4 6 18 -8 15 -10 11 -12 -13 14 -15 -16 16 -18 -19 -20 -21 21 25 27 24 -26 26 -28 -29 -30 -31
leaf_value=-0.074909624131493685 0.036455922721860629 -0.052604691362503023 0.024901576827742182 0.14532895420274455 0.021954806618767631 0.069537825242481172 0.059717997341714256 -0.053571153211153855 0.079254721628955485 -0.064231294873807507 -0.023352231799257165 -0.01449494338830676 0.015339285990921802 -0.0045691774372171408 0.072540831307062417 0.013607111427512752 2.3999262055111248 0.81341673366542899 0.062224099558245774 0.015355880695963747 0.0030031362481669696 -0.0030048092932068765 0.24294258313578823 -0.028986025268091069 0.17729740747965467 0.32032922544601683 0.09105785743135264 -6.6212963491043319e-05 -0.053268521581484853 0.062203433097156813
leaf_weight=1355.0778563404456 148.69555820780806 107.85366980778053 217.75322433561087 8.8083163923583907 282.35112981311977 77.894308585673571 250.36181524395943 146.93239685008302 543.32451003137976 86.040541217895225 159.22740652039647 1533.885219814023 275.12401512661017 747.0370600328315 79.930151623673737 38.990149239543825 0.19343954371288319 0.26837963168509205 343.35473469831049 208.00363467633724 1738.2278289904352 16.207426982466131 5.5845418912358564 15.329295426141472 7.0807246575132003 3.4995393585413721 25.57323260512203 46.002655904507264 3.1707247430458665 145.73391001857817
leaf_count=655716 1747 17491 3322 218 2937 1090 9450 30916 32508 2118 1089 44416 4328 15364 2842 4985 21 39 10497 1437 17496 1508 337 2540 92 95 295 1936 373 6110
internal_value=-0.00147623 -0.0294084 0.0177193 0.00784469 -0.00389896 0.0223408 0.0251926 -0.0686473 0.0634626 -0.016258 0.00561769 -0.0171366 0.00961466 0.00224117 0.0282166 -0.0280045 0.0307485 0.0190748 0.0476369 0.030118 0.00212333 0.00483378 -0.0276046 -0.0416923 0.0361918 0.075109 0.118656 0.0216366 0.13567 0.0398571
internal_weight=8617.52 3509.99 5107.53 4200.71 2320.67 1880.04 691.94 1563.87 906.812 1628.73 441.579 1619.93 1250.79 895.733 355.054 208.794 39.452 39.2585 629.253 285.898 1946.12 1783.51 162.612 169.342 22.41 45.2802 29.0728 54.7579 8.75527 363.487
internal_count=873313 733840 139473 97533 60228 37305 13476 694309 41940 46752 4026 46534 24281 17111 7170 38593 5045 5024 13024 2527 39531 19394 20137 33548 2632 1898 390 2646 710 9432
is_linear=0
shrinkage=0.08


Tree=51
num_leaves=31
num_cat=0
split_feature=10 14 10 1 2 11 4 16 15 7 2 15 6 15 11 14 8 16 2 8 8 16 9 1 7 15 2 4 1 4
split_gain=665.738 433.778 311.226 217.782 109.886 80.4418 121.766 68.9258 68.3213 39.7378 38.2473 37.3248 46.598 35.9651 34.8814 34.7598 36.826 34.4124 34.1809 29.6605 39.6321 28.8203 28.5652 28.0515 49.0284 36.4828 28.0025 25.3751 22.6781 22.9397
threshold=0.42481203377246862 0.41781598329544073 0.19292803853750232 0.89009663462638866 0.6351073980331422 0.86607143282890331 0.13392857462167743 1.0000000180025095e-35 0.63494759798049938 0.90967366099357616 0.94185259938240062 0.94490003585815441 0.20881782472133639 0.24392151087522509 0.47222222387790685 1.0000000180025095e-35 0.9656854271888734 1.0000000180025095e-35 0.75582656264305126 0.90250155329704296 0.99824562668800365 1.0000000180025095e-35 0.58027890324592601 0.19433516263961795 0.76609560847282421 0.49996094405651098 0.23606811463832858 0.87301588058471691 0.96051946282386791 0.64583334326744091
decision_type=2 2 2 2 2 2 2 2 2 2 2 2 2 2 2 2 2 2 2 2 2 2 2 2 2 2 2 2 2 2
left_child=1 2 22 5 17 15 18 9 21 23 -10 12 13 -9 28 19 27 -4 26 -2 -21 -6 -1 24 -3 -25 -7 -17 29 -5
right_child=3 7 4 14 8 6 -8 11 10 -11 -12 -13 -14 -15 -16 16 -18 -19 -20 20 -22 -23 -24 25 -26 -27 -28 -29 -30 -31
leaf_value=-0.076742021534327132 0.016248330582671524 0.10773200452830928 -0.011150669497855543 0.057306644741742095 0.24389494299973116 0.026845470812213109 0.073895845519549738 0.014215593303408353 -0.0010224422212068065 0.065786321425003277 0.062616080736168492 0.0055784693438161491 -0.043897145845924398 -0.023049946432352288 0.079007808072203811 0.0027756599403824587 0.069763948628965192 -0.051836068694517894 0.082639565839317322 -0.077138220723698039 0.083503606029030591 0.021972115705054827 0.0016443327284198742 -0.038977028042584426 0.0065590232475384019 0.010337139395486292 -0.0040738832447072652 0.073663725882463546 0.075774975857607021 -0.0025742349665630461
leaf_weight=1135.229383221129 51.088107745163143 49.529919291730039 212.58386070630513 75.122905654832721 11.759648822247984 371.97594849998131 318.35613740421832 278.52223475242499 329.26751935039647 86.537680609151721 74.031937731429935 562.23690393846482 347.64075542683713 409.34764103917405 462.9460567291826 1189.7442650832236 58.331871006637812 355.63218074315228 45.547234490513802 86.811200879514217 11.083962192758916 5.495345559436827 30.554134459234774 105.3375492420746 80.440981746651232 1084.4781108198222 377.92408958403394 33.220210198312998 83.765033915638924 89.992221396416426
leaf_count=570280 563 1731 24145 1366 259 4255 16777 4609 5507 1244 2132 2578 41193 27317 30532 13273 872 68613 1549 529 308 886 4260 21624 488 15145 4215 1023 4663 1377
internal_value=-0.00141601 -0.0192931 -0.0466857 0.0269082 -0.0136707 0.0159639 0.0320842 0.000353229 0.017329 0.0132695 0.0106594 -0.0110156 -0.0200254 -0.00796093 0.0660232 0.00341059 0.00766326 -0.0366146 0.0153502 -0.0331636 -0.0589499 0.173217 -0.0746876 0.009826 0.0451145 0.00597122 0.0112632 0.00470124 0.0418702 0.0246699
internal_weight=8414.54 5158.63 2154.55 3255.91 988.77 2544.08 1113.8 3004.07 420.554 1406.32 403.299 1597.75 1035.51 687.87 711.826 1430.28 1281.3 568.216 795.447 148.983 97.8952 17.255 1165.78 1319.79 129.971 1189.82 749.9 1222.96 248.88 165.115
internal_count=873313 792011 676082 81302 101542 43364 26796 115929 8784 40232 7639 75697 73119 31926 37938 16568 15168 92758 10019 1400 837 1145 574540 38988 2219 36769 8470 14296 7406 2743
is_linear=0
shrinkage=0.08


Tree=52
num_leaves=31
num_cat=0
split_feature=10 14 1 15 11 4 11 4 2 15 11 14 11 10 1 15 11 4 1 4 6 9 6 4 4 4 11 9 8 1
split_gain=585.868 591.422 311.84 97.9717 69.8596 143.391 66.0097 123.471 58.7762 52.0815 51.5236 35.9524 29.0067 23.4783 25.9683 29.734 20.99 27.3865 18.9027 24.8445 79.0434 17.1106 16.891 42.8493 19.5263 32.6072 22.8505 13.9501 12.71 12.3615
threshold=0.21807064861059192 0.48404073715209966 0.91010102629661571 0.99885582923889171 0.63333335518836986 0.19090909510850909 0.087121214717626586 1.0000000180025095e-35 0.76253134012222301 0.61178705096244823 0.30384616553783422 0.65722313523292553 0.34848485887050634 0.050641026347875602 0.73546314239501964 0.72835320234298717 0.23611111193895343 0.38750000298023229 0.96051946282386791 0.64583334326744091 0.045983087271451957 0.6062217950820924 0.10102041065692903 0.73214286565780651 0.35416667163372045 0.2264957278966904 0.14835165441036227 0.33714398741722112 0.37939876317977911 0.16784037649631503
decision_type=2 2 2 2 2 2 2 2 2 2 2 2 2 2 2 2 2 2 2 2 2 2 2 2 2 2 2 2 2 2
left_child=1 9 3 4 6 8 7 -2 -6 -1 -8 13 18 -3 29 -16 21 28 19 -4 -21 -11 24 -24 25 -13 -26 -19 -18 -15
right_child=2 11 12 -5 5 -7 10 -9 -10 16 -12 22 -14 14 15 -17 17 27 -20 20 -22 -23 23 -25 26 -27 -28 -29 -30 -31
leaf_value=-0.076329231515421453 0.10077705049662326 -0.080283643961333695 0.059082495603841767 0.079038719673566182 0.0032485479192221195 0.066980041842550755 -0.045435322622183548 0.0045909099618828596 0.086182907366633948 -0.062069498243136345 -0.005569451943351701 0.0070103322392935999 0.079716652148939596 -0.0076813329488851917 0.12441321165300882 -0.013052464057137945 0.44170029950102085 0.30358207593941461 0.068328976596816457 -0.28109385204857207 0.018258225816491277 0.011402927173331997 -0.011987322422448838 0.026669719867662246 0.0018645346553021588 0.073529454003324751 0.10797036982085795 0.055104838149869155 -0.056337168785116798 -0.051551137645702537
leaf_weight=1089.9536623149179 97.608683405909687 47.602138335001655 67.476776143535972 122.5586498202756 1177.0880729443161 322.90852551721036 246.64847404963803 683.5362158883363 57.355423983186483 98.285825040657073 1306.6622635610402 122.46076890220866 428.85663879057392 72.940919177490287 15.834033814142456 27.665374917909503 0.33270389982499438 1.5331209455616797 123.29092949302867 6.2306511774659148 60.081670785322785 25.561893479898572 909.63761810120195 229.89188176067546 640.42141094943509 76.703260269481689 13.258534533903001 25.46154290321283 22.933850431581959 94.189696025103331
leaf_count=616961 1904 16163 1342 7121 33528 15520 16126 7461 1807 15594 46249 2712 29810 4255 704 257 12 17 5939 51 1018 449 19710 1147 4007 1403 277 393 3725 17651
internal_value=-0.00134412 -0.0260504 0.0171301 0.00861232 0.00639449 0.0195173 -0.00235994 0.0166099 0.00710189 -0.0698391 -0.0118997 -0.00145632 0.0669794 -0.0295419 -0.0180744 0.0369858 -0.0292097 0.014393 0.0457314 0.024907 -0.00986865 -0.046905 0.00218387 -0.00418854 0.0106984 0.0326286 0.00401667 0.0692167 -0.0492154 -0.032405
internal_weight=8214.97 3514.67 4700.3 4014.37 3891.81 1557.35 2334.46 781.145 1234.44 1264.06 1553.31 2250.61 685.937 258.232 210.63 43.4994 174.109 50.2612 257.08 133.789 66.3123 123.848 1992.37 1139.53 852.844 199.164 653.68 26.9947 23.2666 167.131
internal_count=873313 705437 167876 129716 122595 50855 71740 9365 35335 637151 62375 68286 38160 39030 22867 961 20190 4147 8350 2411 1069 16043 29256 20857 8399 4115 4284 410 3737 21906
is_linear=0
shrinkage=0.08


Tree=53
num_leaves=31
num_cat=0
split_feature=10 14 10 1 4 15 11 4 11 5 11 6 4 2 11 14 10 9 2 9 10 14 10 0 15 4 11 7 14 1
split_gain=513.069 370.265 281.217 193.734 91.7602 67.9391 60.0631 70.7408 51.16 82.584 41.7127 39.5324 60.9119 38.9674 36.0538 32.5532 28.7334 28.483 28.211 28.2076 26.8511 26.1858 23.9353 22.5364 22.3015 81.5541 65.4724 57.8726 32.9895 22.371
threshold=0.42481203377246862 0.41781598329544073 0.19292803853750232 0.89009663462638866 0.2264957278966904 0.99885582923889171 0.080128207802772536 1.0000000180025095e-35 0.86607143282890331 0.18795289844274524 0.41428571939468389 0.12632978707551959 0.64583334326744091 0.84028983116149913 0.47222222387790685 1.0000000180025095e-35 0.065591398626565947 0.96712303161621105 0.23606811463832858 0.58027890324592601 0.20942982286214831 0.65722313523292553 0.57518798112869274 0.67068272829055797 0.24392151087522509 0.10555555671453477 0.19090909510850909 0.76609560847282421 0.52966317534446727 0.08191221579909326
decision_type=2 2 2 2 2 2 2 2 2 2 2 2 2 2 2 2 2 2 2 2 2 2 2 2 2 2 2 2 2 2
left_child=1 2 19 5 6 8 7 -4 15 18 -6 24 20 -8 -5 22 -14 -17 -10 -1 21 -13 -2 -22 27 -26 -27 28 -3 -29
right_child=3 11 4 14 10 -7 13 -9 9 -11 -12 12 16 -15 -16 17 -18 -19 -20 -21 23 -23 -24 -25 25 26 -28 29 -30 -31
leaf_value=-0.076076494528245317 0.025502801721362621 0.22665230960405083 0.14625369697216167 0.038762408083119787 0.0032861950417003138 0.078355265630327367 -0.044345179984676804 -0.07018983522002023 0.024768415207658857 0.059634835969508179 0.067187482614345248 -0.056248974324024544 0.0074804855392501283 0.075143335729101229 0.078456108148029849 0.0035054541125655557 0.06948757051391112 0.073843314657645917 -0.0079598060026770528 0.0031131099324311988 0.0071430606742077197 -0.019851836287619391 -0.052175604034861822 -0.047161717782987757 -0.065300783851351255 0.0056228073333798234 0.076914813076979144 -0.077716051586014023 0.072216471567584789 0.01861853026669812
leaf_weight=978.50434258033056 32.875826463103294 10.717090972117147 24.47579154279083 231.8861985988915 292.61848595668562 101.08056947402656 517.45616511942353 15.969520248123443 366.29256463702768 308.40240687970072 84.186840722104535 168.42215426487383 491.46822151192464 18.077652829233557 397.48242032993585 1204.6270816591568 52.984453993849456 38.008254327811301 312.24931364227086 29.660490460228175 297.77766645688098 508.31172118429095 111.45638021081686 58.52064288535621 95.616762050427496 923.47192837786861 90.525172324269079 16.739339925348759 50.876900091767311 196.89128796197474
leaf_count=570280 356 1241 275 7406 4813 6299 91997 1503 4263 14041 2755 50342 4814 199 30532 13641 1039 577 3260 4260 8280 16355 927 750 9084 19253 2336 101 1055 1279
internal_value=-0.00127004 -0.01733 -0.0442951 0.0241997 -0.0131316 0.0141218 -0.0332121 0.0607926 0.0113867 0.025309 0.0175632 0.000519961 -0.00813903 -0.0403117 0.0638313 0.00147988 0.0135148 0.00565687 0.00970764 -0.0737467 -0.0195516 -0.0289102 -0.0344821 -0.00177629 0.0103835 0.00532742 0.0119874 0.030768 0.0990876 0.0110701
internal_weight=8027.63 4923.27 1960.95 3104.36 952.784 2474.99 575.979 40.4453 2373.91 986.944 376.805 2962.32 1577.48 535.534 629.369 1386.97 544.453 1242.64 678.542 1008.16 1033.03 676.734 144.332 356.298 1384.84 1109.61 1014 275.225 61.594 213.631
internal_count=873313 792011 676082 81302 101542 43364 93974 1778 37065 21564 7568 115929 81580 92196 37938 15501 5853 14218 7523 574540 75727 66697 1283 9030 34349 30673 21589 3676 2296 1380
is_linear=0
shrinkage=0.08


Tree=54
num_leaves=31
num_cat=0
split_feature=10 15 1 16 7 7 2 7 11 8 2 2 6 2 11 11 8 4 8 15 2 1 16 15 6 15 1 4 6 7
split_gain=450.36 443.711 270.494 109.646 100.868 98.7153 62.3529 57.672 41.6558 48.0877 40.3341 57.3902 50.2263 36.4252 30.2324 28.7948 37.4138 28.0114 25.4675 23.5194 20.8018 19.5619 19.2605 22.4081 22.7591 20.3664 18.6658 23.022 57.5269 17.2009
threshold=0.21807064861059192 0.60675668716430675 0.91010102629661571 1.0000000180025095e-35 0.97993290424346935 0.57949233055114757 0.55217784643173229 0.93116611242294323 1.0000000180025095e-35 0.3940140306949616 0.2237871661782265 0.49397240579128271 0.2522727251052857 0.67962265014648449 0.34848485887050634 0.63333335518836986 0.51628047227859508 0.2264957278966904 0.47087104618549352 0.35542106628417974 0.50878274440765392 0.12579113990068438 1.0000000180025095e-35 0.2224610969424248 0.12973351776599887 0.56850549578666698 0.96051946282386791 0.64583334326744091 0.045983087271451957 0.99812734127044689
decision_type=2 2 2 2 2 2 2 2 2 2 2 2 2 2 2 2 2 2 2 2 2 2 2 2 2 2 2 2 2 2
left_child=1 5 3 7 10 22 19 15 -7 -10 12 -12 -5 -11 26 16 -2 -17 -3 -6 21 -9 23 24 -1 -25 27 -4 -29 -8
right_child=2 18 14 4 6 8 29 20 9 13 11 -13 -14 -15 -16 17 -18 -19 -20 -21 -22 -23 -24 25 -26 -27 -28 28 -30 -31
leaf_value=0.1357456878170456 0.053217308994027976 0.0026988086620572207 0.056402491910319388 0.014601970253672299 0.019786009416360842 0.12956067068245239 0.0073886005981224226 0.065220167518186975 0.024502191431620607 -0.051022617123252866 -0.054294903389882354 -0.012131364399165687 -0.037529263609034684 1.4405736785324077 0.079239315465062451 0.019679886300495348 -0.0022530866397811786 0.076414289292450061 -0.030502096841664893 -0.018572922238738365 0.058727509149707958 0.01723193537554675 -0.076872368205207334 -0.064421493313546199 -0.043967089725844614 0.022039382514699241 0.066411958953568856 -0.22514280002148668 0.014960404099635274 0.067998697774126843
leaf_weight=7.8558994299965006 87.515436617541127 1854.9740072209388 62.497874055057764 450.03329883760307 263.71923770010471 12.256907260511069 36.051635189913213 71.123223347589374 89.453933585318737 146.22194239811506 301.62581739458255 655.8418332231231 160.45213119068649 0.10485522879753162 368.46175770973787 251.52591570618097 702.40746183088049 71.536090821027756 160.67279117298312 167.13105650246143 283.06715503055602 230.73525287304074 773.90510653413367 255.46010334452149 10.589120449381879 18.713594727567397 113.18220068328083 7.1823781803250304 57.625101305544376 177.54849674459547
leaf_count=912 3486 26018 1342 7375 2859 1014 1099 1085 2457 29278 40201 14954 7817 9 29810 7779 16559 3186 14120 1380 10697 2081 479583 140112 3293 8641 5939 51 1018 9158
internal_value=-0.00120736 -0.0235301 0.0152421 0.00751849 -0.00421713 -0.0596895 0.0224273 0.0228102 -0.0142307 -0.0217056 -0.0151684 -0.0254139 0.000900468 -0.0499538 0.0648385 0.0121216 0.00389247 0.0322427 5.22725e-05 0.0049062 0.0431482 0.0285388 -0.0702617 -0.0527781 0.0325742 -0.0585201 0.0427744 0.0217593 -0.0116494 0.0577689
internal_weight=7849.47 3330.21 4519.26 3910.31 2212.4 1314.56 644.45 1697.91 248.038 235.781 1567.95 957.468 610.485 146.327 608.949 1112.98 789.923 323.062 2015.65 430.85 584.926 301.858 1066.52 292.619 18.445 274.174 240.488 127.305 64.8075 213.6
internal_count=873313 705437 167876 129716 84843 665299 14496 44873 32758 31744 70347 55155 15192 29287 38160 31010 20045 10965 40138 4239 13863 3166 632541 152958 4205 148753 8350 2411 1069 10257
is_linear=0
shrinkage=0.08


Tree=55
num_leaves=31
num_cat=0
split_feature=10 14 15 1 11 4 16 10 5 16 11 4 7 9 2 14 10 1 11 5 1 1 4 11 1 11 14 4 7 15
split_gain=397.875 360.968 195.307 192.852 67.6811 111.774 47.2203 45.8659 99.5368 43.3834 41.3329 36.4178 35.6441 32.6566 27.7824 27.092 27.0105 26.0374 40.7027 31.9537 46.511 24.8568 24.2344 24.026 23.9242 22.776 29.1577 20.8696 26.1198 20.8583
threshold=0.3514705896377564 0.41259920597076422 0.6222343146800996 0.89009663462638866 0.86607143282890331 0.21111111342906955 1.0000000180025095e-35 0.21132376790046695 0.26442842185497289 1.0000000180025095e-35 0.47222222387790685 0.87301588058471691 0.99812734127044689 0.35321478545665747 0.76253134012222301 0.3003759384155274 0.17519181966781619 0.19433516263961795 0.93750000000000011 0.080322578549385085 0.36758151650428778 0.96051946282386791 0.44949495792388922 0.38750000298023229 0.22401433438062671 0.38750000298023229 0.67281225323677074 0.53571429848670971 0.96984851360321056 0.30418914556503301
decision_type=2 2 2 2 2 2 2 2 2 2 2 2 2 2 2 2 2 2 2 2 2 2 2 2 2 2 2 2 2 2
left_child=1 2 7 4 11 14 17 -1 24 -4 21 12 15 25 29 -2 -15 18 -3 -19 -21 27 -10 -14 -9 26 -8 -5 -29 -6
right_child=3 6 9 10 5 -7 13 8 22 -11 -12 -13 23 16 -16 -17 -18 19 -20 20 -22 -23 -24 -25 -26 -27 -28 28 -30 -31
leaf_value=-0.076758435544998727 -0.010765991506731918 0.066832091285313103 0.016111815797214137 0.056804086210511244 0.024789868254280371 0.073785424461586993 -0.061137506051162964 -0.013813537309470124 0.19733335326348347 -0.037692611616214379 0.077600834741958502 0.074149407058901468 0.075027746123888461 -0.073248258890493786 0.075901375027927806 0.018613217139343004 -0.019959109193151151 -0.047955164463935773 -0.034593902073620279 0.20047214581938794 0.0083074388876075763 0.073625280197315401 0.90553284760167674 0.013109796564116741 -0.067238748621706895 0.05057867089082408 -0.0024591209637028779 -0.020951137332155811 0.078163325667730585 -0.00097453947490375853
leaf_weight=818.91470656287856 1214.9624793028925 107.50559995393269 268.02783777890727 58.24949958641082 333.2648483091034 242.04988661035895 57.421756399562582 85.862784968921915 8.8077311720699036 149.35620131623 357.7684411262162 41.722603806294501 54.971248421818018 75.416408820776269 42.017120069824159 240.67526750848629 315.70135992625728 65.095144575810991 33.124705145717598 8.1198041827883554 1113.0098383830627 73.79251229763031 0.3204972520470627 148.33370309602469 142.96449946751818 48.094283941667527 965.13366517750546 90.393589954823256 20.963079234585166 507.10881162295118
leaf_count=579605 16088 1930 7477 1276 4057 16333 21844 11741 545 14509 31735 1324 1286 23831 1867 3184 12063 11503 403 670 25972 5131 25 1863 48458 3459 16338 1206 520 7070
internal_value=-0.00114416 -0.017459 -0.0494761 0.0191544 0.0103991 0.0256272 -0.000532657 -0.0677748 -0.0368579 -0.0031415 0.0602988 0.000330556 -0.001526 -0.0104508 0.0124169 -0.00590843 -0.0302345 0.010394 0.0429417 0.00653536 0.0096992 0.0348667 0.222199 0.0298517 -0.047192 -0.0032237 -0.00575421 0.0180035 -0.00229267 0.00924279
internal_weight=7689.15 4262.88 1474.25 3426.27 2825.11 1124.44 2788.62 1056.87 237.956 417.384 601.167 1700.67 1658.94 1461.77 882.391 1455.64 391.118 1326.86 140.63 1186.22 1121.13 243.399 9.12823 203.305 228.827 1070.65 1022.56 169.606 111.357 840.374
internal_count=873313 780373 662360 92940 53072 29327 118013 640374 60769 21986 39868 23745 22421 77535 12994 19272 35894 40478 2333 38145 26642 8133 570 3149 60199 41641 38182 3002 1726 11127
is_linear=0
shrinkage=0.08


Tree=56
num_leaves=31
num_cat=0
split_feature=10 15 7 1 5 2 11 4 11 2 6 4 15 11 4 6 6 11 0 15 11 5 7 6 4 4 6 15 11 6
split_gain=350.168 246.24 318.856 167.585 126.931 106.768 56.2898 49.2453 102.731 62.7848 62.813 60.3276 48.9653 45.4933 40.1275 38.0211 35.6168 34.9202 51.1088 32.5787 32.2697 28.7004 26.2878 25.1873 52.6118 48.0977 25.0155 24.6649 31.1522 22.0206
threshold=0.43874999880790716 0.59814515709877025 0.58633655309677135 0.86526826024055492 0.15655637532472613 0.270728349685669 0.080128207802772536 0.2264957278966904 0.23611111193895343 0.85565477609634411 0.38138528168201452 1.0000000180025095e-35 0.99885582923889171 0.47222222387790685 0.26136364042758947 0.32466214895248419 0.51754924654960643 0.86607143282890331 0.7897985875606538 0.68625652790069591 0.087121214717626586 0.20550528168678286 0.74443343281745922 0.13100686669349673 0.64583334326744091 0.64583334326744091 0.71010184288024913 0.2224610969424248 0.080128207802772536 0.27823315560817724
decision_type=2 2 2 2 2 2 2 2 2 2 2 2 2 2 2 2 2 2 2 2 2 2 2 2 2 2 2 2 2 2
left_child=1 2 27 12 5 6 -4 9 14 10 20 -12 17 -5 15 -9 21 23 -19 29 -3 -6 -18 24 -2 -25 -7 28 -1 -10
right_child=3 7 4 13 16 26 -8 8 19 -11 11 -13 -14 -15 -16 -17 22 18 -20 -21 -22 -23 -24 25 -26 -27 -28 -29 -30 -31
leaf_value=0.21699392107024781 0.022600538578701097 -0.0090438303535246029 0.11914908127324532 0.033240921412861647 -0.041642795784356944 -0.063158072687632377 0.00021215069794610481 0.07415800992064818 0.17275276493909045 0.057101241188096889 0.095427135921796261 -0.063982208342831623 0.076716208280907028 0.077299848180121478 -0.0026777709704655585 -0.048959152555588921 0.54924280067905229 0.01381057131521906 0.073216426161190604 0.042043183757377534 -0.063241538687827614 0.16294631238259197 0.2188173480757282 -0.018659462817675845 -0.11740031054161776 0.031349614963553749 0.13578008673466008 -0.071711080046558143 -0.033896377394830361 0.013931264466013091
leaf_weight=3.3331119418144217 378.28321096859872 99.323456488549709 26.336740412050858 259.50303608179092 6.3357503190636697 211.17697725852486 771.09659428871237 79.604796785861254 21.506319021107632 55.587123985751532 42.12656042992603 23.765374003443867 70.497521786950529 355.41307571996003 1987.1794165873434 20.108610617578961 1.9631248494843001 746.02720504952595 105.83575276192278 252.78871691552922 240.6882529114373 14.277413487085139 7.1653435584157705 611.96684772940353 17.996426913887262 154.07450828514993 4.1243245780933639 906.16576590167824 63.701106326654553 7.5480848769657305
leaf_count=56 4135 4269 354 7413 1712 45675 29488 2292 520 839 1389 2065 5328 33262 31078 1429 44 9916 7804 7078 13439 483 48 6819 168 1789 308 628599 25173 341
internal_value=-0.0010838 -0.0139469 -0.0353158 0.0220061 -0.00457295 -0.00935679 0.00414027 0.00127194 0.00592978 -0.0226358 -0.0335555 0.0379327 0.0111807 0.0587064 -0.000192812 0.0493297 0.158322 0.00888687 0.0211912 0.0512642 -0.0474094 0.100063 0.289877 -0.000130926 0.0162426 -0.0086011 -0.0593472 -0.0682471 -0.0214215 0.131492
internal_weight=7545.5 4845.9 2015.68 2699.6 1042.48 1012.73 797.433 2830.23 2368.74 461.491 405.904 65.8919 2084.68 614.916 2086.89 99.7134 29.7416 2014.18 851.863 281.843 340.012 20.6132 9.12847 1162.32 396.28 766.041 215.301 973.2 67.0342 29.0544
internal_count=873313 796679 731940 76634 78112 75825 29842 64739 42738 22001 21162 3454 35959 40675 34799 3721 2287 30631 17720 7939 17708 2195 92 12911 4303 8608 45983 653828 25229 861
is_linear=0
shrinkage=0.08


Tree=57
num_leaves=31
num_cat=0
split_feature=8 14 7 2 11 0 4 4 16 4 6 11 7 15 2 9 16 14 2 2 7 5 2 5 5 6 11 11 6 0
split_gain=278.224 314.96 177.2 145.185 93.8456 123.216 58.6682 57.7965 56.2038 42.9014 71.8524 52.4314 42.3031 40.5191 31.9455 29.3119 29.0299 25.0145 27.4238 23.1979 37.0205 32.7812 18.863 17.9092 46.7619 45.3609 17.0159 16.7354 13.9995 12.8646
threshold=0.69482603669166576 0.38913471996784216 0.57544103264808666 0.94185259938240062 0.86607143282890331 0.77459675073623668 0.84523808956146251 0.58571431040763866 1.0000000180025095e-35 0.73214286565780651 0.11215933039784433 0.087121214717626586 0.90967366099357616 0.61178705096244823 0.08191221579909326 0.52865353226661693 1.0000000180025095e-35 0.49212549626827246 0.2237871661782265 0.24068965017795566 0.77826943993568432 0.080322578549385085 0.2237871661782265 0.083920188248157515 1.0000000180025095e-35 0.30839161574840551 0.23611111193895343 0.58571431040763866 0.20185185223817828 0.085410334169864668
decision_type=2 2 2 2 2 2 2 2 2 2 2 2 2 2 2 2 2 2 2 2 2 2 2 2 2 2 2 2 2 2
left_child=1 2 13 4 6 23 9 16 12 11 -11 -2 19 -1 -10 26 27 18 -16 20 -3 -21 -18 24 -6 -25 -15 -4 -17 -19
right_child=3 8 7 -5 5 -7 -8 -9 14 10 -12 -13 -14 15 17 28 22 29 -20 21 -22 -23 -24 25 -26 -27 -28 -29 -30 -31
leaf_value=-0.077269462778414233 0.021103508040366904 0.083285071382513037 -0.016815361569964757 0.072737184853845394 0.014967974994385059 0.075499542061915989 0.077160893549278048 0.036532763830027175 -0.065034281432495289 -0.16972279524236755 -0.018269233362273707 -0.010630544999396032 0.064318755199637603 -0.068181410291982478 0.00016694679835036058 0.13313718205831518 -0.013983920124016344 0.16076076527336805 -0.065043443491030861 -0.057965087151111414 0.0038487390335959406 0.0081078442352886266 -0.052502865280110222 -0.0054984553919248383 -0.059704529822790536 0.078206722410361848 0.029167595919438724 0.031186443658777329 -0.03059296531157734 -0.0036110970635548161
leaf_weight=676.98733332706615 540.13999498123303 66.475340644363314 160.40894989459775 283.16082408279181 486.8237708825618 290.85407248325646 61.352441002614796 115.21765317674726 62.506240512593649 24.458181172609329 111.17025009077042 869.77492247894406 95.214132646098733 41.195001853280701 74.436206929036416 10.815415885881519 123.14178428053856 3.0539477228885508 92.642658360186033 50.220641475403681 86.284615229815245 1115.5596710543614 239.84108581533656 82.087871964089572 60.322997441282496 83.663314033299685 15.936987646389751 65.449943578219973 4.8369514088844872 1408.0723799165571
leaf_count=556124 6236 3244 14447 23895 5320 25947 2381 2236 2323 492 1388 13264 1623 11717 5147 902 12024 53 40383 12402 593 29398 46111 2094 560 1524 1654 4491 842 44498
internal_value=-0.00103112 -0.0134573 -0.0441067 0.0183278 0.0124263 0.0316176 0.000438467 -0.0152847 0.00113085 -0.00260713 -0.0455812 0.00152681 0.0128214 -0.0711715 -0.00894255 -0.0144527 -0.0254237 -0.00672099 -0.0359912 0.00910267 0.0384164 0.00526149 -0.0394353 0.0137143 0.00673532 0.0367519 -0.0410259 -0.00290528 0.0825407 -0.00325536
internal_weight=7402.11 4508.3 1453.83 2893.81 2610.65 1003.75 1606.9 704.059 3054.47 1545.54 135.628 1409.91 1413.75 749.772 1640.71 72.7844 588.842 1578.21 167.079 1318.54 152.76 1165.78 362.983 712.898 547.147 165.751 57.132 225.859 15.6524 1411.13
internal_count=873313 790212 650548 83101 59206 35445 23761 79309 139664 21380 1880 19500 47260 571239 92404 15115 77073 90081 45530 45637 3837 41800 58135 9498 5880 3618 13371 18938 1744 44551
is_linear=0
shrinkage=0.08


Tree=58
num_leaves=31
num_cat=0
split_feature=10 14 1 16 15 15 6 2 4 15 1 6 5 16 2 6 11 11 16 8 11 15 15 15 6 4 8 6 1 5
split_gain=273.77 403.981 205.837 82.291 61.2226 49.6723 36.4504 66.4233 50.3192 33.5937 32.2305 52.036 35.0384 24.5223 24.111 26.497 21.9508 20.2194 19.8462 29.7659 18.4953 36.0125 20.6987 16.6218 15.3873 15.2844 13.7813 12.4368 11.754 22.2538
threshold=0.21132376790046695 0.48404073715209966 0.92031747102737438 1.0000000180025095e-35 0.99885582923889171 0.61178705096244823 0.12632978707551959 0.12945119291543963 0.64583334326744091 0.96515408158302318 0.13423423469066623 0.25962962210178381 0.055946791544556625 1.0000000180025095e-35 0.58380147814750682 0.18561584502458575 0.34848485887050634 0.23611111193895343 1.0000000180025095e-35 0.2779617458581925 0.38750000298023229 0.6700209677219392 0.58760663866996776 0.62853223085403453 1.0000000180025095e-35 0.30384616553783422 0.49748717248439794 0.22611077129840854 0.96051946282386791 0.77167919278144848
decision_type=2 2 2 2 2 2 2 2 2 2 2 2 2 2 2 2 2 2 2 2 2 2 2 2 2 2 2 2 2 2
left_child=1 5 3 9 6 -1 7 -5 -8 10 11 -2 -12 17 15 18 28 -7 19 -3 22 27 26 -24 -19 -23 -16 -22 29 -4
right_child=2 14 16 4 -6 13 8 -9 -10 -11 12 -13 -14 -15 20 -17 -18 24 -20 -21 21 25 23 -25 -26 -27 -28 -29 -30 -31
leaf_value=-0.075036390786416274 0.06287096951591041 0.12318462311641035 0.06670571636530305 0.031083925461410443 0.075857389979588352 -0.024493876203990732 -0.020842137885985056 -0.015939741972322213 0.023623255610883815 0.063169794532808243 -0.007796671066198386 -0.029397247426344308 0.02036323746217758 -0.06658545877574136 -0.052178747892122762 -0.039699948660970014 0.078664927158061448 0.14416429470558212 -0.021102836406121591 0.0059308201737819097 0.11332105367037423 -0.041942288966231436 0.10075229137243534 0.0023263137453940542 0.018072089604046507 0.076473051481565218 1.0812259102433388 0.28180697419702627 0.061683369381021536 -0.014602710640020737
leaf_weight=702.51952360256109 187.74236655281857 18.078407379915006 38.551324092783034 381.31826630816795 59.414456453174353 63.132274776464328 1141.7768899054499 387.7377446545288 189.98267229506746 105.34929755795747 410.23957593692467 49.414286219980568 910.23644217778929 54.343394635245204 47.497133973287418 197.11608078924473 258.94837519386783 8.8206960249226558 96.190894499770366 59.329303788486868 10.03391365916468 17.912437462247912 11.052940443507394 1685.5166772180237 20.799011849449016 11.426022038795052 0.068758608773349716 3.8912865623133248 97.382799215149134 48.831471225246787
leaf_count=612755 2352 749 933 5294 5005 4909 57788 18503 3819 6736 19119 1034 18200 13802 13304 26961 27787 131 8749 2944 475 195 1033 12496 897 316 11 153 5966 897
internal_value=-0.000972278 -0.0194571 0.0120575 0.00607161 -0.00422622 -0.0661851 -0.00649111 0.00737583 -0.0144989 0.0194486 0.0164915 0.0436458 0.0116146 -0.0239119 -0.001061 -0.0196284 0.0636346 0.00109062 0.00316219 0.0333152 0.00278997 0.05446 0.00150828 0.00296755 0.0556221 0.00417521 -0.0505404 0.160403 0.0425697 0.0212687
internal_weight=7274.65 3007.73 4266.93 3823.21 2160.23 849.615 2100.82 769.056 1331.76 1662.98 1557.63 237.157 1320.48 147.095 2158.11 370.715 443.714 92.752 173.599 77.4077 1787.4 43.2637 1744.14 1696.57 29.6197 29.3385 47.5659 13.9252 184.766 87.3828
internal_count=873313 699880 173433 137850 90409 632494 85404 23797 61607 47441 40705 3386 37319 19739 67386 39403 35583 5937 12442 3693 27983 1139 26844 13529 1028 511 13315 628 7796 1830
is_linear=0
shrinkage=0.08


Tree=59
num_leaves=31
num_cat=0
split_feature=10 14 10 1 16 11 15 14 1 11 16 10 4 7 11 2 2 1 5 6 4 15 11 6 14 1 11 6 4 14
split_gain=247.478 195.549 250.274 134.693 68.3351 45.9015 40.2267 39.9606 38.4614 36.0241 35.8721 32.2971 27.4153 27.1465 26.7033 45.5622 25.3439 24.8928 47.9215 33.8293 21.2962 18.2568 21.2551 17.6466 17.4192 18.788 16.4462 14.5481 18.7793 15.4819
threshold=0.43874999880790716 0.42583425343036657 0.17902930825948718 0.86526826024055492 1.0000000180025095e-35 0.47222222387790685 0.99885582923889171 1.0000000180025095e-35 0.94570022821426403 0.63333335518836986 1.0000000180025095e-35 0.26794873178005224 0.30384616553783422 0.93116611242294323 0.86607143282890331 0.70396453142166149 0.08191221579909326 0.2014492750167847 0.055946791544556625 0.24037037044763568 0.13392857462167743 0.63494759798049938 0.30384616553783422 0.65881377458572399 0.49212549626827246 0.11679454520344736 0.30384616553783422 0.14434523880481723 0.73214286565780651 0.57540708780288707
decision_type=2 2 2 2 2 2 2 2 2 2 2 2 2 2 2 2 2 2 2 2 2 2 2 2 2 2 2 2 2 2
left_child=1 2 21 6 8 7 14 26 9 -4 13 -6 -13 27 17 20 -12 19 -19 -2 -16 -1 -23 -15 25 -18 -5 29 -29 -3
right_child=3 10 4 5 11 -7 -8 -9 -10 -11 16 12 -14 23 15 -17 24 18 -20 -21 -22 22 -24 -25 -26 -27 -28 28 -30 -31
leaf_value=-0.077337938386135299 0.03653154871689572 0.050216385513166345 -0.0087023763774407882 -0.019805151561181029 -0.061734726219331411 0.076330127376999457 0.075495667886881959 0.044250224545440288 0.073922726736174255 0.041683471046473582 -0.062761478912553875 -0.032036809445921702 0.016807661724148312 0.064016141379879765 0.0071224957248137641 0.066609754762311277 0.01719095694075206 -0.045918737134591332 0.0021453602458023102 -0.021239813970462203 0.057281299316261851 -0.056425632289198523 0.054364536368319512 0.33308916955903478 -0.0034769183981044473 -0.064833012489184758 -0.15736665038744627 -0.0059678970287911515 0.032395231719385492 0.012194750583455833
leaf_weight=576.77431245497428 216.37629828415811 77.557525684474967 414.5352189745754 36.418103321455419 154.79189554869663 289.9919720608741 57.647674114443362 198.83852478116751 52.811801408417523 116.29121387051418 51.515521820168942 256.42898196598981 103.11657097283751 38.92310677934438 651.51318990066648 110.05509114451706 25.359886608552188 165.47548173274845 671.51636702055112 92.646403647959232 59.086805026978254 52.777525303885341 14.028299529105423 1.6250374633818854 1371.2775321245426 60.531909244833514 6.5649734148755661 547.45412821765058 95.981557121034712 589.46874163439497
leaf_count=550195 1888 6812 23358 639 68461 33262 5328 6688 2900 11302 1922 20219 1458 708 6976 7740 1495 2999 7253 771 3004 8089 675 12 44278 23730 86 22872 1130 7063
internal_value=-0.000919468 -0.012007 -0.0331405 0.019039 -0.00992197 0.0548677 0.00962638 0.0291301 0.00881363 0.00233594 0.000863292 -0.031182 -0.0180284 0.0103317 0.0076956 0.0187115 -0.00761558 -0.000192852 -0.00735704 0.0192114 0.0112932 -0.0727522 -0.0331612 0.0747997 -0.005666 -0.0406151 -0.0408155 0.00833697 -0.000245254 0.0166157
internal_weight=7157.38 4601.25 1741.56 2556.13 1097.98 531.814 2024.32 241.822 583.638 530.826 2859.69 514.337 359.546 1351.01 1966.67 820.655 1508.68 1146.01 836.992 309.023 710.6 643.58 66.8058 40.5481 1457.17 85.8918 42.9831 1310.46 643.436 667.026
internal_count=873313 796679 686657 76634 127698 40675 35959 7413 37560 34660 110022 90138 21677 38597 30631 17720 71425 12911 10252 2659 9980 558959 8764 720 69503 25225 725 37877 24002 13875
is_linear=0
shrinkage=0.08


Tree=60
num_leaves=31
num_cat=0
split_feature=9 1 1 15 1 11 2 11 0 15 11 2 7 16 4 4 11 5 7 14 9 7 11 5 4 1 5 5 2 4
split_gain=189.216 147.447 160.532 141.86 104.823 99.5196 75.5106 62.891 77.1396 60.4445 56.7639 54.942 49.5913 45.8988 39.7146 47.2225 56.0455 36.4797 35.3652 47.7894 96.4265 35.035 31.0209 22.7298 21.2437 20.4523 26.9348 18.2986 17.718 15.0385
threshold=0.70986828207969677 0.7243877947330476 0.23132664710283282 0.52044934034347545 0.95040982961654674 0.41428571939468389 0.84660634398460399 0.86607143282890331 0.77459675073623668 0.58760663866996776 0.080128207802772536 0.08191221579909326 0.90206736326217662 1.0000000180025095e-35 0.84523808956146251 0.35416667163372045 0.10555555671453477 0.38529014587402349 0.45078563690185552 0.52449017763137828 0.35321478545665747 0.99812734127044689 0.30384616553783422 0.067989215254783644 0.41428571939468389 0.12579113990068438 0.093933824449777617 0.65669643878936779 0.072948999702930464 0.38750000298023229
decision_type=2 2 2 2 2 2 2 2 2 2 2 2 2 2 2 2 2 2 2 2 2 2 2 2 2 2 2 2 2 2
left_child=1 2 10 12 7 9 13 14 25 -3 -1 -12 27 -5 15 16 -2 29 19 20 -7 -17 -13 -14 -20 28 -27 -4 -9 -11
right_child=4 5 3 6 -6 18 -8 8 -10 17 11 22 23 -15 -16 21 -18 -19 24 -21 -22 -23 -24 -25 -26 26 -28 -29 -30 -31
leaf_value=0.11043755534450721 0.056011920385301679 -0.064159281904765109 -0.069653974876594346 -0.0031888002238664548 0.075784628456195047 2.7149885906017546 0.11842098028070894 -0.071185317935321665 0.074201178838921231 0.10206442746721556 -0.051731494440485193 -0.029034992868341592 -0.0085132890512623002 -0.038092330657326354 0.076243359075117242 -0.024554373725301951 0.00081848161437966631 0.0021651859438502831 0.017533851781928966 0.16772921003387264 0.40839223825885224 0.063866448728146286 0.013183964466038776 0.16140799686309451 0.07646426203942755 -0.004315011710244605 0.038282980052854319 1.4047194307208954 0.052425594637682614 0.0034941901434708635
leaf_weight=30.672360996541101 150.90836279373616 87.201740973105188 675.95050631853519 481.55028693494387 187.41609181463718 0.14306529390159894 25.645539438235573 7.9143512248992911 197.81849535414949 33.66381913179066 116.23986956477165 131.1334697054117 51.508687582798302 482.9532235316583 44.501201740000397 476.83652794035152 535.81004975480027 1776.619003605505 59.546606998250354 5.666896297596395 0.61298248014645651 30.514917112421244 739.53075017913943 5.584498291835188 114.29519120021723 318.05173014721368 135.45807093428448 0.053878800361416235 119.13298524031416 14.036193700216243
leaf_count=1085 2335 70299 508026 25497 21671 64 546 112 20816 715 9216 16700 686 85893 1783 5117 6892 26372 2281 53 131 1515 47817 46 9124 2706 3271 52 2120 372
internal_value=-0.000868473 -0.00972833 -0.0219361 -0.0368139 0.0185549 0.00626722 -0.0170635 0.0132371 0.0310569 0.000908613 0.00325932 -7.17135e-05 -0.0634896 -0.020666 0.00203831 -0.000727198 0.0129474 0.00401883 0.0630897 0.247435 0.844865 -0.0192363 0.00682523 0.00810735 0.0562786 0.016356 0.00840851 -0.0695365 0.0447253 0.0730592
internal_weight=7036.97 4832.61 2740.82 1723.25 2204.36 2091.79 990.149 2016.95 778.376 1911.52 1017.58 986.904 733.098 964.504 1238.57 1194.07 686.718 1824.32 180.265 6.42294 0.756048 507.351 870.664 57.0932 173.842 580.557 453.51 676.004 127.047 47.7
internal_count=873313 804975 695564 620746 68338 109411 111936 46667 29025 97758 74818 73733 508810 111390 17642 15859 9227 27459 11653 248 195 6632 64517 732 11405 8209 5977 508078 2232 1087
is_linear=0
shrinkage=0.08


Tree=61
num_leaves=31
num_cat=0
split_feature=10 15 7 2 5 1 15 11 4 11 2 6 4 4 6 11 11 16 0 15 6 6 15 6 6 9 15 7 6 0
split_gain=189.175 140.207 257.574 118.239 100.99 76.6324 48.2397 45.1294 36.8263 83.0728 53.6918 66.5847 50.5909 34.4802 51.2618 30.9482 27.9384 27.5886 24.8379 24.4363 24.6122 23.7775 22.3763 54.3888 39.4846 19.6712 18.6635 18.6171 18.2828 17.744
threshold=0.43874999880790716 0.56850549578666698 0.58159646391868602 0.88153818249702465 0.15655637532472613 0.270728349685669 0.99885582923889171 0.080128207802772536 0.2264957278966904 0.41428571939468389 0.85565477609634411 0.32200460135936743 1.0000000180025095e-35 0.35416667163372045 0.27823315560817724 0.080128207802772536 0.47222222387790685 1.0000000180025095e-35 0.94201681017875682 0.2568363249301911 0.2314560413360596 0.73192510008811962 0.35542106628417974 0.47114317119121557 0.32037734985351568 0.23345498740673068 0.6700209677219392 0.93629321455955516 0.83752354979515087 0.86729559302330028
decision_type=2 2 2 2 2 2 2 2 2 2 2 2 2 2 2 2 2 2 2 2 2 2 2 2 2 2 2 2 2 2
left_child=1 2 19 6 5 7 17 -4 10 13 11 15 -13 14 -10 -3 -5 27 -15 20 25 -7 24 -24 -19 -1 -11 28 -2 -12
right_child=3 8 4 16 -6 21 -8 -9 9 26 29 12 -14 18 -16 -17 -18 22 -20 -21 -22 -23 23 -25 -26 -27 -28 -29 -30 -31
leaf_value=0.27928467801480517 0.0078516723454397537 -0.0097627665304107734 0.11334465814315983 0.033795166947873358 0.18896022707097382 -0.058689814749526857 0.076065000626832177 0.0010237251089005967 0.048201514128199348 0.14344447512231648 0.11825625557051853 0.063571144624040996 -0.057297384705448706 -0.017497120068590492 -0.02890837853652356 -0.064108839607918466 0.075379421502835886 0.026573006914945727 0.0025128899464436642 -0.071812434886330961 -0.076194138526896146 0.20366887328184288 -0.019636532329635054 0.034689936216893161 -0.034318384756426748 0.0095966872587075671 0.052978378546962433 0.030369953445944928 -0.15696647001065903 0.021765317818961249
leaf_weight=1.8212926962878544 400.15518580377102 95.882186375732999 23.607907061814331 194.57523593585938 17.29325680056354 165.46585328131914 66.559394818730652 756.88334886886878 199.83448393299477 16.50042300473433 18.619903858634643 71.411452576576266 32.136563075415324 560.5778318218654 76.222191882145125 223.11361933371518 220.66806773096323 328.45917551079765 1360.6169049438322 615.66242587025044 28.409907680936158 2.2407705076038829 612.57188054686412 146.06384426914155 85.999319304712117 34.899691924219951 126.37874091952108 403.1171839563176 4.3542410098016253 35.359986305062193
leaf_count=78 6660 6280 369 6283 1036 45630 7365 30996 7153 478 260 4075 4449 14689 6323 18955 28224 3644 24749 593903 18313 205 12382 1651 704 12424 5582 9691 30 732
internal_value=-0.000830173 -0.0106517 -0.0291989 0.0169697 -0.00262703 -0.00612121 0.0090749 0.00442115 0.000188863 0.00431672 -0.0200824 -0.0296804 0.0260591 0.000473067 0.0269107 -0.0477738 0.0558938 0.00682379 -0.00332575 -0.0668827 -0.0202836 -0.0551844 -0.00101019 -0.00917679 0.0139382 0.0229727 0.0634259 0.0182028 0.00607753 0.055049
internal_weight=6925.46 4462.94 1646.28 2462.52 965.491 948.198 2047.28 780.491 2816.65 2340.13 476.524 422.544 103.548 2197.25 276.057 318.996 415.243 1980.72 1921.19 680.793 65.1309 167.707 1173.09 758.636 414.458 36.721 142.879 807.627 404.509 53.9799
internal_count=873313 796679 702954 76634 78236 77200 42127 31365 93725 58974 34751 33759 8524 52914 13476 25235 34507 34762 39438 624718 30815 45835 18381 14033 4348 12502 6060 16381 6690 992
is_linear=0
shrinkage=0.08


Tree=62
num_leaves=31
num_cat=0
split_feature=10 15 1 16 7 7 2 7 8 9 8 11 16 10 11 8 11 10 2 4 7 11 10 7 2 8 9 7 2 4
split_gain=164.617 264.18 151.642 59.5103 55.2622 54.4947 42.2877 35.9882 32.1437 30.8431 25.4522 27.8346 24.4301 24.3139 23.4032 22.8498 22.3265 18.669 103.539 17.9413 17.4343 16.1763 15.8168 15.5892 13.9346 13.4688 15.1808 21.9217 30.854 11.4813
threshold=0.20942982286214831 0.60675668716430675 0.92031747102737438 1.0000000180025095e-35 0.97993290424346935 0.57949233055114757 0.58204832673072826 0.93116611242294323 0.42378494143486029 0.3572948426008225 0.37688747048377996 1.0000000180025095e-35 1.0000000180025095e-35 0.26491229236125952 0.34848485887050634 0.51293200254440319 0.81666666269302379 0.10435571894049646 0.78319624066352855 0.61250001192092907 0.99812734127044689 0.19090909510850909 0.57518798112869274 1.0000000180025095e-35 0.25677657127380377 0.46882475912570959 0.57637089490890514 0.54847925901412975 0.89512962102890026 1.0000000180025095e-35
decision_type=2 2 2 2 2 2 2 2 2 2 2 2 2 2 2 2 2 2 2 2 2 2 2 2 2 2 2 2 2 2
left_child=1 5 3 7 8 12 21 15 9 -5 -7 29 17 -10 -4 24 -17 23 -19 22 -8 -6 -9 -1 -2 -3 -27 28 -28 -12
right_child=2 25 14 4 6 10 20 19 13 -11 11 -13 -14 -15 -16 16 -18 18 -20 -21 -22 -23 -24 -25 -26 26 27 -29 -30 -31
leaf_value=0.099370579584519739 0.067637581635077035 0.0020587833816576727 0.036898693668168676 0.1745161629675781 0.089051860115682169 0.023134124793414177 -0.00041820795588766462 0.054882258409414311 -0.044112753663332727 0.011183597433423103 0.16132563538662545 -0.0492156749890129 -0.074848989470034002 -0.010592509355861698 0.077645950015328452 -0.0030623477606723328 0.026828982833267238 -0.027687781716274236 0.45778094097740679 0.072560934756115122 0.064906166288677111 0.000502343912315692 0.019459827947980814 -0.060830412290435357 0.017641477883200817 -0.041381327925129031 -0.081144960506817174 0.0096435196336015772 0.93873115946953289 -0.081425200923089011
leaf_weight=4.0016278012190005 58.321040801005438 1819.5308907540748 167.51432763412595 11.05725369020365 13.644005597569047 69.291868250118569 32.861370258964598 106.42926526861265 154.79511192947393 22.366870391299017 5.9277929404051966 104.62303942657309 450.19574794737855 1314.8396825965028 195.48423274047673 734.33640575199388 204.44679877581075 50.85185209143674 2.9762006122618905 66.687883416656405 127.98641097871587 408.89262510882691 333.39730395935476 136.34341598016908 91.895422089961357 95.194502580096014 0.36895985680166532 37.561079481616616 0.39105719001963735 1.5791262843413276
leaf_count=696 1411 25399 7814 421 450 1854 1134 1489 38826 2298 84 24890 477100 36599 27795 18702 8141 40243 272 4525 9767 4060 8525 111092 5314 12289 70 1191 18 844
internal_value=-0.000788897 -0.0157802 0.00950996 0.00464637 -0.00424756 -0.0537143 0.0166508 0.0162769 -0.0123588 0.0652167 -0.0149837 -0.0385389 -0.0646189 -0.0141232 0.0588422 0.0080828 0.00344734 -0.0409002 -0.000845787 0.0338941 0.0515603 0.00336167 0.0280314 -0.0562626 0.0370523 0.000259146 -0.024266 0.0182505 0.443619 0.110262
internal_weight=6823.79 2778.84 4044.96 3681.96 2086.44 825.791 583.384 1595.51 1503.06 33.4241 181.422 112.13 644.369 1469.63 362.999 1089 938.783 194.173 53.8281 506.514 160.848 422.537 439.827 140.345 150.216 1953.05 133.516 38.3211 0.760017 7.50692
internal_count=873313 696042 177271 141662 93555 657075 15411 48107 78144 2719 27672 25818 629403 75425 35609 33568 26843 152303 40515 14539 10901 4510 10014 111788 6725 38967 13568 1279 88 928
is_linear=0
shrinkage=0.08


Tree=63
num_leaves=31
num_cat=0
split_feature=10 14 10 2 2 15 9 11 16 1 11 4 15 4 11 4 14 15 6 2 9 5 10 1 5 7 5 14 2 15
split_gain=143.91 146.684 196.672 102.397 52.5881 42.9868 39.9538 35.7992 30.3026 28.0383 27.8559 25.5733 24.0514 22.8312 21.0979 46.8283 29.322 19.4164 34.3697 28.4622 19.3527 19.2527 62.7511 38.9966 18.7169 20.7945 18.5947 18.089 16.1516 13.7713
threshold=0.43874999880790716 0.37850958108901983 0.17902930825948718 0.88153818249702465 0.47413024306297308 0.99885582923889171 0.78065484762191784 0.81666666269302379 1.0000000180025095e-35 0.25158227980136877 0.47222222387790685 0.84523808956146251 0.70402085781097423 0.84523808956146251 0.86607143282890331 0.13392857462167743 1.0000000180025095e-35 0.94490003585815441 0.26365442574024206 0.19399641454219821 0.58027890324592601 0.19098278135061267 0.061553031206130988 0.270728349685669 0.47114317119121557 0.85012078285217296 0.556623935699463 1.0000000180025095e-35 0.67006802558898937 0.92204877734184276
decision_type=2 2 2 2 2 2 2 2 2 2 2 2 2 2 2 2 2 2 2 2 2 2 2 2 2 2 2 2 2 2
left_child=1 2 20 5 6 13 9 11 12 -4 27 -6 21 14 16 -16 -2 18 19 -10 -1 23 -23 -3 28 -26 -20 29 -14 -5
right_child=3 8 4 10 7 -7 -8 -9 17 -11 -12 -13 24 -15 15 -17 -18 -19 26 -21 -22 22 -24 -25 25 -27 -28 -29 -30 -31
leaf_value=-0.075389453217410141 -0.039495565339477387 0.034721622074294807 -0.018335795495945613 0.085625034579519296 -0.0079226676543473745 0.075313100698393629 0.069564526066926993 0.056768607966571863 0.011507187306099826 -0.064136217910934906 0.074502761815168878 0.053731940961182931 0.00062121450926145769 0.072153858362158457 0.0064889801849544147 0.060834530583432474 0.0021538679889874842 0.0050597802117556588 -0.046257334823837037 -0.019693332491405719 0.014808185359447834 -0.025201814782031779 0.096520871944413347 -0.031962235204024053 0.0058478477635304565 0.063975216962093753 0.076615586497599766 0.042974318114759553 -0.042105541616624491 -0.045215817111187356
leaf_weight=460.23250043415464 120.99159829015844 185.66947081120452 179.59950535430107 6.3021862776949993 469.9932457873947 58.645202720537782 22.645007575163618 75.285999764571898 341.60880277812248 163.34903185890289 192.44342739833519 47.398336070938967 138.70681457128376 32.639056616462767 665.27354444470257 119.73921527480707 1021.8217936996371 557.89057498332113 209.81922408629907 413.77181919151917 15.744906689447815 42.007840113714337 76.407480487250723 80.443358743970748 712.12821607198566 41.694337952882051 8.1900449189706688 151.75871352571994 95.683787698857486 28.119601417332888
leaf_count=524742 1151 5879 25322 94 19493 7365 403 5142 7058 69415 28224 1323 1168 2437 8273 10548 12353 2584 43869 44253 2869 13660 3669 18374 4506 1522 657 5666 771 523
internal_value=-0.000746747 -0.00943989 -0.0303719 0.0149819 -0.00949347 0.00782288 -0.0333551 0.00522558 0.000898075 -0.0401509 0.0531595 -0.00227448 0.00952911 0.00580398 0.00468064 0.0147784 -0.00225563 -0.00683936 -0.0136593 -0.0055834 -0.0724058 0.0265048 0.0533397 0.0145637 0.00292363 0.0090629 -0.0416413 0.0310983 -0.0168209 -0.0212605
internal_weight=6736 4338.27 1434.25 2397.73 958.271 2019.11 365.594 592.678 2904.02 342.949 378.624 517.392 1372.74 1960.47 1927.83 785.013 1142.81 1531.28 973.39 755.381 475.977 384.528 118.415 266.113 988.213 753.823 218.009 186.181 234.391 34.4218
internal_count=873313 796679 648709 76634 121098 42127 95140 25958 147970 94737 34507 20816 49549 34762 32325 18821 13504 98421 95837 51311 527611 41582 17329 24253 7967 6028 44526 6283 1939 617
is_linear=0
shrinkage=0.08


Tree=64
num_leaves=31
num_cat=0
split_feature=10 14 1 4 16 15 7 2 7 5 11 4 15 14 14 1 11 8 11 1 5 4 2 4 1 11 10 1 10 8
split_gain=124.511 267.829 128.442 53.8366 44.6355 41.2183 40.1331 33.3428 30.3569 29.7347 23.8687 23.5558 23.3532 18.5073 16.5596 14.9684 15.0359 14.952 13.4358 11.2337 22.5973 13.2517 9.73968 10.3713 36.0907 23.6383 8.86416 8.42539 9.11852 8.41026
threshold=0.20942982286214831 0.42916174232959753 0.92031747102737438 0.84523808956146251 1.0000000180025095e-35 0.63494759798049938 0.97993290424346935 0.2237871661782265 0.93629321455955516 0.18795289844274524 0.34848485887050634 0.6904762089252473 0.52044934034347545 0.65722313523292553 0.28415071964263922 0.16784037649631503 0.080128207802772536 0.37688747048377996 0.30384616553783422 0.96051946282386791 0.77167919278144848 0.84523808956146251 0.44948978722095495 0.35416667163372045 0.84028983116149913 0.19090909510850909 0.048809524625539787 0.85880398750305187 0.12310606241226198 0.61125501990318309
decision_type=2 2 2 2 2 2 2 2 2 2 2 2 2 2 2 2 2 2 2 2 2 2 2 2 2 2 2 2 2 2
left_child=1 5 3 4 8 29 7 -6 11 -8 19 -2 13 15 -10 16 -3 26 27 20 -4 -22 -14 24 -24 -25 -15 -7 -29 -1
right_child=2 12 10 -5 6 18 9 -9 14 -11 -12 -13 22 17 -16 -17 -18 -19 -20 -21 21 -23 23 25 -26 -27 -28 28 -30 -31
leaf_value=-0.074570460700493307 0.0082729103230939662 0.1591456477193556 0.062892830121875104 0.067396409437275581 0.0021317947796305244 -0.060810081167479851 0.0015951704227590972 -0.022416118765433087 0.023951834777788804 0.04313367612527147 0.07707847476693469 -0.046186462728379701 -0.052325156682562483 -0.032687682413967155 0.067303954881542435 -0.068785351775171033 -0.02375080125812494 -0.047852152099138553 0.036133145336006874 0.055056896649995329 -0.040575555684813323 0.085947029035909117 0.0014362038493478293 -0.0015542595807476614 0.064101321956997998 0.069937998023048634 0.024934404967481668 -0.058389159473713946 0.01818224023445885 0.045638249830611252
leaf_weight=452.22058992780512 1029.7042662033346 3.0421546926954752 33.169471140019596 83.706479049753398 603.01570615509991 37.634989770827815 401.1736352071166 857.95973122998839 377.08067874005064 152.10996407875791 169.61936856526881 53.471144480630755 20.788904976914637 21.68746800464578 66.307043080218136 73.10274469939759 52.90357211389346 35.034273685887456 23.033126883441582 80.203396299853921 39.843223764561117 6.1105563752353182 265.01996094384231 1472.1614940417348 75.598562382452656 30.206466133706272 80.528431713581085 15.459325331845319 27.946708143688738 3.7558603791985652
leaf_count=589711 32092 35 936 5817 17194 6309 3945 59960 11174 9507 27795 787 1979 5604 1186 49680 5916 942 1193 5975 687 216 14365 11529 558 638 2704 2462 464 1953
internal_value=-0.000706375 -0.0139832 0.00832781 0.0039838 0.0024847 -0.0632117 -0.00533478 -0.012284 0.0128023 0.013015 0.0561928 0.00558451 -0.00103984 -0.0232003 0.030435 -0.0449502 -0.0138055 -0.00275009 -0.017784 0.0339579 0.0125708 -0.0237516 0.00212647 0.00274069 0.0153444 -0.000116843 0.0127085 -0.033108 -0.00908913 -0.0735803
internal_weight=6643.6 2690.12 3953.47 3624.53 3540.82 560.051 2014.26 1460.98 1526.56 553.284 328.946 1083.18 2130.07 266.299 443.388 129.048 55.9457 137.25 104.074 159.327 79.1233 45.9538 1863.78 1842.99 340.619 1502.37 102.216 81.041 43.406 455.976
internal_count=873313 696042 177271 141662 135845 602092 90606 77154 45239 13452 35609 32879 93950 64881 12360 55631 5951 9250 10428 7814 1839 903 29069 27090 14923 12167 8308 9235 2926 591664
is_linear=0
shrinkage=0.08


Tree=65
num_leaves=31
num_cat=0
split_feature=10 14 10 1 15 5 0 8 4 11 4 8 14 6 4 11 9 7 15 4 1 7 14 1 6 15 0 14 1 4
split_gain=110.441 118.864 174.245 89.3763 45.4019 43.8697 59.2424 43.6934 33.0907 28.0248 23.7914 22.2412 28.176 20.6447 40.1209 24.5737 18.956 18.7637 17.1236 47.7373 57.4753 45.2466 27.5898 17.2681 16.3062 24.8542 19.3334 15.8608 14.285 9.07265
threshold=0.43874999880790716 0.37850958108901983 0.17902930825948718 0.99494948983192455 0.99885582923889171 0.15655637532472613 0.5025252401828767 0.80814999341964733 0.84523808956146251 0.080128207802772536 0.84523808956146251 0.97229894995689403 1.0000000180025095e-35 0.12632978707551959 0.64583334326744091 0.19090909510850909 0.58027890324592601 0.61027953028678905 0.2224610969424248 0.10555555671453477 0.32049381732940679 0.76609560847282421 0.52966317534446727 0.13423423469066623 0.52803984284400951 0.33756728470325476 0.2290398105978966 0.023952954448759559 0.08191221579909326 0.73214286565780651
decision_type=2 2 2 2 2 2 2 2 2 2 2 2 2 2 2 2 2 2 2 2 2 2 2 2 2 2 2 2 2 2
left_child=1 2 16 4 8 7 17 9 11 -4 -8 12 -2 18 24 29 -1 -7 21 23 -21 22 -3 -20 26 -26 -15 -13 -23 -16
right_child=3 13 5 -5 -6 6 10 -9 -10 -11 -12 27 -14 14 15 -17 -18 -19 19 20 -22 28 -24 -25 25 -27 -28 -29 -30 -31
leaf_value=-0.074525121011556519 -0.029369119599170119 0.18189773778876001 0.08005401324922555 0.07861596328046111 0.075819832245284491 0.61305993311840101 -0.0045041022283453793 0.08070942968104873 0.074794561968058185 -0.042460843180119938 0.052669279822885974 0.018060451199224288 0.005955022846991535 -0.0005855497837684735 -0.00078352571403484013 0.091109944962934689 0.015892286645814463 0.14702214646452583 0.0083544974264138337 0.54115300656129794 0.0084865414723255071 -0.065218762262728061 0.056389240057891837 -0.064015325628331385 -0.039219979853125801 0.039134490419816752 -0.026925020614210902 0.067235311845562543 0.013787953033758482 0.020741109258881223
leaf_weight=398.77812535851263 158.22455113963224 14.485713248373939 12.407725049648432 126.75653562461957 64.228228572756052 0.57622667937539418 514.71641104435548 21.114401385653764 45.849959699902683 323.46722212486202 51.216506079421379 224.54786335956305 1668.0103674281854 253.19374982395675 300.33014182705665 23.940908185439184 15.413177123235071 13.664633505395612 28.167712534312159 1.2981396322138596 987.22968862968264 15.920359520241616 49.560311602894217 84.113562371232547 39.020669131656177 77.106813347840216 603.3590046018362 51.629311884287745 183.03436778811738 215.07720291335136
leaf_count=524742 1837 1680 1085 21402 8727 349 17809 264 3949 99034 2133 5663 33467 9935 3922 711 2869 424 266 157 26261 109 981 12369 5175 9734 73196 1589 1233 2241
internal_value=-0.000661864 -0.00837983 -0.0279496 0.0132851 0.00954218 -0.00885204 0.00472525 -0.0309176 0.00756062 -0.037935 0.000670046 0.00609437 0.00289455 0.000816002 -0.00562138 0.0118789 -0.0711604 0.165879 0.007953 0.0035714 0.00918604 0.0262925 0.0847763 -0.0458601 -0.0153252 0.0128062 -0.0191392 0.0272533 0.00746583 0.00819861
internal_weight=6566.44 4227.19 1351.35 2339.25 2212.49 937.163 580.174 356.989 2148.26 335.875 565.933 2102.41 1826.23 2875.84 1512.03 539.348 414.191 14.2409 1363.81 1100.81 988.528 263.001 64.046 112.281 972.68 116.127 856.553 276.177 198.955 515.407
internal_count=873313 796679 648709 76634 55232 121098 20715 100383 46505 100119 19942 42556 35304 147970 104914 6874 527611 773 43056 39053 26418 4003 2661 12635 98040 14909 83131 7252 1342 6163
is_linear=0
shrinkage=0.08


Tree=66
num_leaves=31
num_cat=0
split_feature=10 14 2 15 16 9 2 2 4 15 15 16 7 6 6 14 10 5 7 7 5 8 6 2 4 4 4 15 14 12
split_gain=96.0872 226.203 109.021 54.0082 47.4473 42.7238 29.6557 46.0142 25.8492 23.0315 20.9684 18.0639 37.8911 71.0843 17.9972 16.6739 15.1134 22.6312 35.9635 13.7453 41.496 12.9999 10.1126 8.75264 10.2635 31.0149 18.0908 8.20706 8.19789 7.59604
threshold=0.20942982286214831 0.42916174232959753 0.94185259938240062 0.99885582923889171 1.0000000180025095e-35 0.55123156309127819 0.08191221579909326 0.21132376790046695 0.84523808956146251 0.29889015853405004 0.52044934034347545 1.0000000180025095e-35 0.53368237614631664 0.60749301314353954 0.31643131375312811 0.65722313523292553 0.12310606241226198 0.65669643878936779 0.46679636836051946 0.44908872246742254 0.3440061509609223 0.37688747048377996 0.16035714000463488 0.44948978722095495 0.35416667163372045 0.2264957278966904 0.58571431040763866 0.65980625152587902 0.28215467929840093 1.0000000180025095e-35
decision_type=2 2 2 2 2 2 2 2 2 2 2 2 2 2 2 2 2 2 2 2 2 2 2 2 2 2 2 2 2 2
left_child=1 5 3 4 8 16 14 -8 9 -2 15 12 13 -7 -6 19 -1 28 -19 -3 -21 22 -17 -12 25 -25 -26 -14 -18 -4
right_child=2 10 29 -5 6 11 7 -9 -10 -11 23 -13 27 -15 -16 21 17 18 -20 20 -22 -23 -24 24 26 -27 -28 -29 -30 -31
leaf_value=-0.078552174202033753 0.031962114517027691 -0.073257399897897701 0.042863702975730743 0.075859609672951092 -0.023395610287999441 0.39719341551358328 0.012451574031078733 -0.01291421558634653 0.073846961055369503 0.0068007535705884191 -0.050783243564598866 -0.055599319896228759 0.13441256546246488 3.8001441464807328 -0.097200732598718587 0.033766433559839222 -0.076653304737600667 0.52969796505253042 0.010822941238455499 -0.022880202520936813 1.1484646234650868 -0.045990302218842948 -0.016655553077203924 -0.0096709867103334304 -0.012339241440304969 0.038899645606427571 0.0060924733049232613 0.011279839428227171 -0.027259571670602233 0.074539874872297893
leaf_weight=322.32753495359793 286.17106871807482 55.455141632759478 75.301113098394126 65.98189056944102 59.670277354656719 0.83189245889661734 743.52207110199379 1190.5935370726511 43.759868111461401 1249.0402914462029 19.967338636110071 21.126659899542574 3.8825343467178746 0.041233674215618521 32.751149011659436 56.463050810387358 65.207235847774427 0.89806109823985281 17.788686042767949 67.376084194460418 0.19411800801753898 34.062997426604852 46.357439294224605 165.04074494738597 524.71258677955484 171.64902165596141 972.36153122124961 32.163238601060584 32.087072958529461 135.87983216741122
leaf_count=479866 4823 39442 4500 9966 1249 452 16129 72137 3519 41781 1979 12503 2185 38 1631 2738 76547 140 397 16186 3 942 5570 9382 6118 5541 6049 384 29580 21536
internal_value=-0.00062946 -0.0124996 0.00734986 0.00413481 0.00282223 -0.0610999 -0.00527847 -0.00316298 0.0132191 0.011491 -0.00108664 0.0033964 0.0371564 0.557899 -0.0495497 -0.0223665 -0.0696412 -0.0448763 0.0357594 -0.0437401 -0.0195151 -0.00315685 0.0110333 0.00189699 0.00247061 0.015091 -0.000367696 0.0245426 -0.0603636 0.0632451
internal_weight=6492.67 2609.99 3882.67 3671.49 3605.51 496.354 2026.54 1934.12 1578.97 1535.21 2113.64 58.0456 36.9189 0.873126 92.4214 259.909 438.309 115.981 18.6867 123.025 67.5702 136.883 102.82 1853.73 1833.76 336.69 1497.07 36.0458 97.2943 211.181
internal_count=873313 696042 177271 151235 141269 602092 91146 88266 50123 46604 93950 15562 3059 490 2880 64881 586530 106664 537 55631 16189 9250 8308 29069 27090 14923 12167 2569 106127 26036
is_linear=0
shrinkage=0.08


Tree=67
num_leaves=31
num_cat=0
split_feature=10 14 10 2 2 6 0 9 11 4 0 6 6 4 11 2 4 5 16 11 1 9 11 4 11 7 10 4 6 2
split_gain=87.535 97.5894 151.526 79.9526 39.2329 30.671 37.7858 30.2773 26.3055 26.2099 73.5995 38.2414 32.605 62.3223 73.0914 48.1207 142.221 48.096 23.6669 23.4794 23.3833 17.4623 17.3716 15.8496 52.1049 41.6353 22.6007 21.5184 16.2969 15.6973
threshold=0.43874999880790716 0.37850958108901983 0.17902930825948718 0.88153818249702465 0.51191151142120372 0.40651482343673712 0.64899963140487682 0.73854896426200878 0.47222222387790685 0.61250001192092907 0.94201681017875682 0.21103239059448245 0.12632978707551959 0.35416667163372045 0.93750000000000011 0.12945119291543963 0.10555555671453477 0.10566188395023347 1.0000000180025095e-35 0.81666666269302379 0.25158227980136877 0.58027890324592601 0.73214286565780651 0.35416667163372045 0.19090909510850909 0.73357313871383678 0.35857143998146063 0.41428571939468389 0.48863048851490026 0.08191221579909326
decision_type=2 2 2 2 2 2 2 2 2 2 2 2 2 2 2 2 2 2 2 2 2 2 2 2 2 2 2 2 2 2
left_child=1 2 21 9 7 19 -7 20 -5 12 11 22 15 17 -15 -2 -17 -14 23 -6 -4 -1 -11 25 27 26 -3 -25 -27 -20
right_child=3 18 4 8 5 6 -8 -9 -10 10 -12 -13 13 14 -16 16 -18 -19 29 -21 -22 -23 -24 24 -26 28 -28 -29 -30 -31
leaf_value=-0.073505664403510598 0.046948872829470516 0.04410894071494257 -0.016345595323272205 0.027223814280452837 -0.0075819938503411564 0.19904300679507345 0.02918714655247542 0.033312713617340207 0.072802869104899734 -0.14375086300776926 0.050879442657313922 0.021979486389742241 -0.010725281290665818 -0.090118552024469931 0.070047702653250873 -0.064384360572241867 0.040354977809151961 0.026591775042138159 -0.051408625239149651 0.04690326967956808 -0.059562576576924417 0.012670681130281034 0.08086736161637316 -0.041405062515443784 0.068205898920777872 -0.0081185892574813477 0.50876396396632884 0.0004635241271001487 0.047586388508154068 -0.0047598532972113758
leaf_weight=346.18614811234875 223.11182047240436 221.27045042224927 163.08106540126028 172.3959119101055 445.29860110313166 10.428941953810861 42.705408574489411 43.827630377956666 152.92639859393239 24.201999407727275 203.51500228280202 20.542437202297151 708.95799088757485 97.23523892601952 22.443939783610404 136.32582943886518 211.99378457060084 321.18068687338382 47.676206827280112 57.110413084679749 157.52219489275012 15.732824025966691 2.4243122395128003 88.768188011890743 69.006249567319173 248.95231794053689 0.67198178335092862 683.31704146414995 38.858829818665981 1457.6176861533313
leaf_count=524742 3162 28113 25150 6283 15814 496 827 1124 28224 204 11256 603 7457 1095 3132 1745 7011 6174 2404 4043 73644 2869 288 3396 2472 3186 16 11752 614 96017
internal_value=-0.000617357 -0.00756927 -0.0259075 0.0119051 -0.00865611 0.00472451 0.0625256 -0.0290537 0.0486495 0.00584314 0.0300108 -0.0600291 0.00232334 -0.00543874 -0.0600819 0.017942 -0.000638054 0.000909577 0.000661311 -0.00138848 -0.0375794 -0.0697595 -0.123299 0.00834871 0.00160258 0.0194798 0.0455158 -0.00435019 -0.00059758 -0.00623733
internal_weight=6435.29 4138.03 1281.89 2297.26 919.974 555.543 53.1344 364.431 325.322 1971.93 250.684 47.1687 1721.25 1149.82 119.679 571.431 348.32 1030.14 2856.14 502.409 320.603 361.919 26.6263 1350.85 841.091 509.754 221.942 772.085 287.811 1505.29
internal_count=873313 796679 648709 76634 121098 21180 1323 99918 34507 42127 12351 1095 29776 17858 4227 11918 8756 13631 147970 19857 98794 527611 492 49549 17620 31929 28129 15148 3800 98421
is_linear=0
shrinkage=0.08


Tree=68
num_leaves=31
num_cat=0
split_feature=16 7 2 15 7 14 7 9 11 14 8 4 6 4 4 2 1 4 1 7 14 2 6 1 11 8 4 11 2 14
split_gain=78.3894 84.9096 63.1798 51.6186 99.552 68.8134 49.5685 33.2652 32.9061 34.2007 29.994 29.4545 25.9343 25.872 40.5631 47.5665 23.352 71.1769 51.8517 46.3549 87.6254 41.0235 22.8971 20.2859 19.1339 16.2447 14.924 14.5469 14.9222 13.2779
threshold=1.0000000180025095e-35 0.97993290424346935 0.73499399423599254 0.85031488537788402 0.61980068683624279 0.67281225323677074 0.93116611242294323 0.31608681380748754 0.63333335518836986 0.041841737926006324 0.8668593466281892 0.43650794029235845 0.13397436589002612 0.64583334326744091 0.35416667163372045 0.75582656264305126 0.13423423469066623 0.10555555671453477 0.36461389064788824 0.70814895629882824 0.5534847378730775 0.82009246945381176 0.58102023601531994 0.84660634398460399 0.19090909510850909 0.9656854271888734 0.41428571939468389 0.34848485887050634 0.62575301527977001 0.43910679221153265
decision_type=2 2 2 2 2 2 2 2 2 2 2 2 2 2 2 2 2 2 2 2 2 2 2 2 2 2 2 2 2 2
left_child=6 3 24 4 5 -2 12 -6 9 10 -5 29 16 14 15 -14 19 21 -19 20 -1 -18 -9 -7 -3 -11 -16 28 -15 -8
right_child=1 2 -4 8 7 23 11 22 -10 25 -12 -13 13 27 26 -17 17 18 -20 -21 -22 -23 -24 -25 -26 -27 -28 -29 -30 -31
leaf_value=0.37712745978106932 -0.069853066642290171 0.075912160257407255 0.06502969635425615 0.041457121687927749 0.078730683868089513 -0.012001450049904416 0.015570562149509446 -0.015159329483373743 0.064445370521435022 8.2389956071976539e-05 -0.059133960406626461 0.063808577037743716 -0.0070084791784946537 -0.060349699632564591 -0.069089396285397411 0.068569094880125137 -0.063942256791207769 0.31768350850095312 0.016884244025712338 0.022474381805820322 0.044273550293580571 0.097505776659137122 0.028143626516670413 0.2117285454758715 0.00063287281343302388 0.093073574426128902 -0.025769858532406067 0.064311017503016848 0.012375921474180032 0.066522723403079256
leaf_weight=7.3328068185946931 383.26914424850838 22.70684900181368 142.86543505312875 22.890066457912326 26.444360573485028 165.78059305436909 350.02829316770658 1075.4300506594591 46.886746159289032 956.09654655540362 110.8121251934208 134.48275652807206 601.24185489374213 18.960966959886719 71.502513984334655 58.479878176702186 106.03470864071278 3.6853038697736329 766.34252070600633 96.745621454436332 16.343674469739199 11.130032133136408 84.273220345552545 2.6349666488822541 446.87616593716666 12.175958989653735 176.62527828477323 32.835160364571493 378.6056082569412 36.109617906622589
leaf_count=1142 529309 861 19173 430 781 12210 7979 46667 5603 7682 1049 15796 108070 1213 7575 1643 21566 412 45610 814 138 295 4308 67 6896 224 10806 2404 12124 466
internal_value=-0.000574534 -0.00860965 0.0184457 -0.0143498 -0.0230478 -0.0511238 0.009234 -0.00998953 -0.0011926 -0.00398536 -0.0419126 0.031565 0.00427805 -0.0030208 -0.0106797 -0.000309037 0.0139719 0.009485 0.0183239 0.0470287 0.147361 -0.0486055 -0.0120126 -0.00850105 0.00427303 0.00125175 -0.0382532 0.0131342 0.00890745 0.0203353
internal_weight=6365.63 3499.14 612.448 2886.69 1737.83 551.685 2866.49 1186.15 1148.86 1101.97 133.702 520.621 2345.87 1338.25 907.85 659.722 1007.61 887.193 770.028 120.422 23.6765 117.165 1159.7 168.416 469.583 968.273 248.128 430.402 397.567 386.138
internal_count=873313 635260 26930 608330 593342 541586 238053 51756 14988 9385 1479 24241 213812 143835 128094 109713 69977 67883 46022 2094 1280 21861 50975 12277 7757 7906 18381 15741 13337 8445
is_linear=0
shrinkage=0.08


Tree=69
num_leaves=31
num_cat=0
split_feature=1 11 10 14 5 15 15 8 6 5 1 14 1 8 2 14 7 8 7 5 6 7 10 2 15 10 1 6 5 15
split_gain=69.7027 91.6532 72.8939 171.306 42.6289 62.3647 34.5821 32.0447 31.515 109.024 44.8997 28.9685 24.1094 21.4675 17.5173 16.1847 18.5861 14.515 12.8559 11.5408 10.7701 15.9962 10.2232 12.867 9.94875 19.3723 9.77163 30.6146 14.065 8.4368
threshold=0.92031747102737438 0.21111111342906955 0.20942982286214831 0.42916174232959753 0.77913278341293346 0.28577616810798651 0.99885582923889171 0.45622551441192633 0.48863048851490026 0.065395578742027297 0.2014492750167847 0.65722313523292553 0.18321678787469867 0.6062217950820924 0.94185259938240062 0.65722313523292553 0.41943350434303289 0.36151385307312017 0.97446763515472423 0.87939393520355236 0.65881377458572399 0.6304883360862733 0.12310606241226198 0.9299050271511079 0.72835320234298717 0.061553031206130988 0.94185259938240062 0.029857398010790352 0.93440860509872448 0.65980625152587902
decision_type=2 2 2 2 2 2 2 2 2 2 2 2 2 2 2 2 2 2 2 2 2 2 2 2 2 2 2 2 2 2
left_child=2 4 3 13 5 -2 7 11 10 -10 -9 12 -4 22 15 16 -5 -13 26 -17 -15 -22 -1 -24 25 -7 27 -6 -28 -3
right_child=1 29 6 14 18 24 -8 8 9 -11 -12 17 -14 20 -16 19 -18 -19 -20 -21 21 -23 23 -25 -26 -27 28 -29 -30 -31
leaf_value=-0.078450516226128017 5.1624854440716481 0.15188770820335457 0.12425332194449755 -0.072191425127550557 -0.2011692529330231 -0.080267703322515982 0.073331142150362502 0.011696584981633416 -0.0056222401336072239 0.074061268378543321 -0.010240753957487225 0.069811767608729161 0.025908396888221854 0.0038206289436791257 0.088561734318630694 -0.0030519217327106547 -0.013112082264549374 -0.002891293388050989 0.081298979276303127 0.070293150483000291 1.1578531595844606 -0.024947714669957179 -0.050759488550206351 0.33964446507717327 0.042966881120500199 0.25536395541310031 0.038782842760104436 -0.015165266664979134 -0.0038731956643952175 0.067699473365507704
leaf_weight=250.01806433463935 0.01525627262890239 7.9759790968964799 33.939781666267663 45.162022389529739 6.0638938933261661 1.5686872116057191 43.972957549616694 874.516455250734 369.26189200964291 156.45058463216992 1882.3938639349071 21.671865624841303 30.104840711515862 22.715391030680625 12.808850971166974 1297.701707716682 138.88027421303559 92.964831813704222 11.671887592878191 13.876978334505109 0.12920125358505075 0.16875760001130402 104.90117071996792 0.54309081775136192 130.26077261148021 3.6885840477189049 55.837809826363809 85.711445270862896 433.9476482765167 169.85576532362029
leaf_count=460597 1 239 1123 35619 227 1612 7603 17035 16544 3107 87875 251 7004 2731 78 25401 27047 1120 1258 65 71 52 116543 8 1882 287 1637 2485 23896 29915
internal_value=-0.000541284 0.0199827 -0.00399202 -0.0166697 0.00741756 0.0478973 0.00283242 0.00193679 0.000140916 0.0180914 -0.00328204 0.0349296 0.0780253 -0.0647919 -0.00459549 -0.00539331 -0.0276095 0.0108531 -0.00183066 -0.0022759 0.0100886 0.48794 -0.0696398 -0.0487487 0.0473215 0.155217 -0.00349907 -0.0274552 0.00098979 0.0714754
internal_weight=6298.78 906.598 5392.18 1886.91 728.766 135.533 3505.28 3461.3 3282.62 525.712 2756.91 178.681 64.0446 378.476 1508.43 1495.62 184.042 114.637 593.233 1311.58 23.0133 0.297959 355.462 105.444 135.518 5.25727 581.561 91.7753 489.785 177.832
internal_count=873313 63439 809874 668212 33285 3782 141662 134059 124561 19651 104910 9498 8127 580002 88210 88132 62666 1371 29503 25466 2854 123 577148 116551 3781 1899 28245 2712 25533 30154
is_linear=0
shrinkage=0.08


Tree=70
num_leaves=31
num_cat=0
split_feature=2 11 5 10 14 6 5 4 0 4 2 6 11 7 2 4 2 7 7 11 2 6 5 0 0 9 15 8 6 5
split_gain=64.2226 123.838 87.6356 61.4762 155.842 34.2626 105.126 93.1916 69.8042 167.622 123.503 90.3355 71.0599 44.8509 41.661 38.846 29.583 23.0175 22.7576 21.289 21.0529 63.2275 45.5853 17.6624 19.6038 14.5692 14.3109 13.9055 13.7141 17.5899
threshold=0.85565477609634411 0.41428571939468389 0.58411949872970592 0.17519181966781619 0.50147929787635814 0.48863048851490026 0.065395578742027297 0.087121214717626586 0.21132376790046695 0.19090909510850909 0.72255688905715953 0.32037734985351568 0.86607143282890331 0.70025381445884716 0.10596491396427156 0.43650794029235845 0.15831244736909869 0.83899769186973583 0.97446763515472423 0.14835165441036227 0.94185259938240062 0.087595909833908095 0.81934732198715221 0.94804319739341747 0.90070420503616344 0.27461755275726324 0.60675668716430675 0.9492306411266328 1.0000000180025095e-35 0.30825792253017431
decision_type=2 2 2 2 2 2 2 2 2 2 2 2 2 2 2 2 2 2 2 2 2 2 2 2 2 2 2 2 2 2
left_child=3 2 -2 4 26 8 14 17 11 10 -10 13 -11 -5 27 -9 -13 -8 20 -16 21 -4 -22 24 25 -6 -1 -7 29 -28
right_child=1 -3 18 5 23 6 7 15 9 12 -12 16 -14 -15 19 -17 -18 -19 -20 -21 22 -23 -24 -25 -26 -27 28 -29 -30 -31
leaf_value=-0.075870967764356506 0.075249996190284496 0.070151931160858119 -0.059859324229637564 0.098632549534259123 -0.00053398264574532246 -0.072928261490249432 0.19089391865894084 -0.073008644406765341 -0.050658138039809598 0.0010399995258340751 0.045820457439258493 -0.086323828832485128 0.062519197789955197 0.016837676427958626 0.10940554436972838 0.048254809733564302 0.016738468221160336 0.099259963811572413 0.06552058108190148 0.000305098924092261 0.070404611836601613 0.0001807089743252471 8.6537931524578274e-05 0.0086451662793159568 -0.053554857758065393 -0.029016289275381288 1.0144418942698252 -0.26291830258062826 -0.035218802905517467 0.10807284949320836
leaf_weight=272.24289447217598 103.78115392976906 213.11122905404773 142.05099009504193 45.04484903550474 428.92389512766385 32.490119318128563 22.506012625643052 28.131087289919378 719.04720027282019 755.47521053315722 96.288916138873901 72.035754864278715 143.11677329885424 902.76015470200218 11.835327103384769 42.374232578848023 23.685539956437424 79.570673280395567 31.866467639338225 348.6596790344629 67.15559904530528 535.16042956136516 485.99693220641348 388.93671114224708 67.966146416787524 157.01366127404617 0.14602280082181041 2.6679596509784451 33.286106070154347 2.2264846527250484
leaf_count=537472 2419 35575 4821 9302 19697 2084 1133 1388 95977 13337 2229 4246 15153 10641 457 1723 1216 1027 2289 24465 1202 17054 25881 3491 955 24622 62 27 12902 466
internal_value=-0.00051687 0.0134324 0.00458356 -0.00522721 -0.0196199 0.000618426 0.0185059 0.0706064 -0.00306769 -0.0129996 -0.0392643 0.0132448 0.0108317 0.020725 -0.00422005 -0.000128388 -0.0608218 0.119464 -0.00122667 0.00388695 -0.00295542 -0.0124132 0.00862352 -0.00485452 -0.012884 -0.00816639 -0.069629 -0.0873456 -0.0219734 0.163858
internal_weight=6255.55 1579.12 1366.01 4676.43 1350.74 3325.69 568.235 172.582 2757.45 1713.93 815.336 1043.53 898.592 947.805 395.653 70.5053 95.7213 102.077 1262.23 360.495 1230.36 677.211 553.153 1042.84 653.904 585.938 307.902 35.1581 35.6586 2.37251
internal_count=873313 89241 53666 784072 599667 184405 32304 5271 152101 126696 98206 25405 28490 19943 27033 3111 5462 2160 51247 24922 48958 21875 27083 48765 45274 44319 550902 2111 13430 528
is_linear=0
shrinkage=0.08


Tree=71
num_leaves=31
num_cat=0
split_feature=16 10 14 15 10 10 1 14 4 10 4 4 2 4 14 6 8 0 1 4 2 2 8 4 15 9 10 10 4 15
split_gain=65.2956 57.7675 136.354 48.406 40.7789 30.8502 55.1445 48.5479 26.2154 25.0331 25.2342 23.5189 25.886 23.3984 23.0962 78.8995 23.9375 19.1112 17.4607 15.7804 15.1105 14.9408 13.2274 14.61 12.7178 10.2093 15.3223 11.1167 7.9235 6.56424
threshold=1.0000000180025095e-35 0.36939570307731634 0.47508865594863897 0.99885582923889171 0.23669467866420749 0.11882352828979494 0.94185259938240062 0.42916174232959753 0.84523808956146251 0.85960590839385997 0.84523808956146251 0.73214286565780651 0.85565477609634411 0.35416667163372045 0.4328813254833222 0.077677227556705489 1.0000000180025095e-35 0.96590468287467968 0.054804805666208274 0.41428571939468389 0.08191221579909326 0.9495762586593629 0.69482603669166576 0.58571431040763866 0.63494759798049938 0.44489428400993353 0.23669467866420749 0.30901856720447546 0.6904762089252473 0.63494759798049938
decision_type=2 2 2 2 2 2 2 2 2 2 2 2 2 2 2 2 2 2 2 2 2 2 2 2 2 2 2 2 2 2
left_child=5 2 4 8 -2 7 9 -1 11 10 18 12 -3 14 15 -9 -16 -13 -7 21 -4 -15 23 -6 -8 26 -22 -27 -21 -12
right_child=1 3 20 -5 22 6 24 13 -10 -11 29 17 -14 19 16 -17 -18 -19 -20 28 25 -23 -24 -25 -26 27 -28 -29 -30 -31
leaf_value=-0.067215293053049394 -0.072140998202806519 -0.0021939567198432488 -0.05746610385642259 0.074982574018413739 -0.042959020973328592 -0.12244001450566151 0.26785652289166384 2.8496951055216102 0.074065078919241065 0.051714418237417292 0.34934403564985161 -0.10148085205738137 0.034000885904302038 -0.044516906288976532 0.057246684117132823 -0.080081704941277324 -0.012559980920669575 -0.016360441223605669 0.0075234440669539665 -0.0061962197213076501 -0.0023660964503644968 0.12246775059474427 0.018662340914412209 0.029334837847333262 0.063315636987563498 -0.034596603924881494 0.035784001548691144 0.011542434421237167 0.012580000793341803 0.065146599509761913
leaf_weight=70.526518081023823 293.0009063903708 1244.3643096641172 32.992108761856798 58.209348001284525 163.80377754830988 6.6433410308090961 1.9777831305982534 0.081874858937225237 30.469295264221728 90.952738551422954 0.52648137713549559 24.958232852630317 140.7647066693753 77.489591956138611 83.498222117777914 0.20899028098210692 50.424495786079206 52.162694561993703 1611.1474097791652 412.00541889970191 1055.8924925111351 3.5880488871480329 34.894320901134051 20.084244262427092 119.17717650707345 116.31250400806312 71.969703622511588 46.895791439106688 220.99464849749347 43.217149032279849
leaf_count=108039 502310 21268 1438 13262 32266 373 35 27 3337 3712 10 392 8472 2638 1607 238 11379 1716 81709 6843 41744 32 1308 217 15896 5911 1079 540 2265 3250
internal_value=-0.000488399 -0.00795572 -0.0175589 0.00341167 -0.0526275 0.00856818 0.0144566 -0.00343937 0.000620724 0.010848 0.00861092 -0.000909656 0.00148437 0.00186293 0.0325097 0.744613 0.0309631 -0.0439075 0.00698976 -0.00389725 -0.00400407 -0.0371271 -0.0264942 -0.0350631 0.0666546 -0.00263789 6.82889e-05 -0.0213391 0.000358984 0.0685671
internal_weight=6179.23 3386.77 1835.85 1550.93 511.783 2792.46 1873.64 918.818 1492.72 1752.49 1661.53 1462.25 1385.13 848.291 134.214 0.290865 133.923 77.1209 1617.79 714.078 1324.06 81.0776 218.782 183.888 121.155 1291.07 1127.86 163.208 633 43.7436
internal_count=873313 635260 586813 48447 536101 238053 104985 133068 35185 89054 85342 31848 29740 25029 13251 265 12986 2108 82082 11778 50712 2670 33791 32483 15931 49274 42823 6451 9108 3260
is_linear=0
shrinkage=0.08


Tree=72
num_leaves=31
num_cat=0
split_feature=16 7 2 7 0 2 15 2 2 7 4 11 4 0 11 6 4 0 2 1 4 11 2 7 14 11 2 15 4 11
split_gain=55.6826 57.4059 48.9767 37.9828 35.3423 43.9656 83.9205 35.0328 26.4828 25.9019 25.2684 23.1534 20.3411 27.4905 19.2625 17.9777 20.116 35.5405 43.4621 17.4483 55.6996 46.3169 33.3825 32.8086 43.6596 17.1264 16.4227 13.6132 13.4336 13.3043
threshold=1.0000000180025095e-35 0.97993290424346935 0.73499399423599254 0.93116611242294323 0.94804319739341747 0.23132664710283282 0.55394813418388378 0.08856209367513658 0.90521115064620983 0.68500718474388134 0.43650794029235845 0.080128207802772536 0.53571429848670971 0.98213717341423046 0.47222222387790685 0.13397436589002612 0.64583334326744091 0.85053193569183361 0.82413583993911754 0.13423423469066623 0.10555555671453477 0.34848485887050634 0.82009246945381176 0.71471861004829418 0.56017240881919872 0.19090909510850909 0.7320508360862733 0.68625652790069591 0.095454547554254546 0.080128207802772536
decision_type=2 2 2 2 2 2 2 2 2 2 2 2 2 2 2 2 2 2 2 2 2 2 2 2 2 2 2 2 2 2
left_child=3 4 25 15 5 7 9 29 -8 -7 -5 -9 13 -6 27 19 17 18 -17 23 22 -22 -21 24 -1 -3 -15 -14 -19 -2
right_child=1 2 -4 10 12 6 8 11 -10 -11 -12 -13 14 26 -16 16 -18 28 -20 20 21 -23 -24 -25 -26 -27 -28 -29 -30 -31
leaf_value=0.24285061433686067 0.10791436081030613 0.074570216589784577 0.061490658276439736 0.017975711890985301 0.05856385245942082 -0.076573481110888228 -0.018874104607521605 0.098607322892962299 0.025460702141304362 -0.031362051349508653 0.060651247492031213 0.0033523187104916273 -0.080199672225220855 0.0079186282855031077 0.068109795741112616 -0.0033535699688465484 0.0117824842858848 0.10421110067530542 0.11770909953468098 -0.059890740802561258 0.007972001843873958 0.068014374537042302 0.09483089969881682 0.017361987477925174 0.037430608746086828 0.00035956135063969083 -0.049814987513641384 0.0067223455800667466 -0.038394700508803559 -0.046676954394074634
leaf_weight=10.728607826691588 3.6782249733805648 20.848133608698845 118.05207959772088 373.46847308566794 23.587488492223201 224.27619617708842 798.95633782731602 16.821506954816869 96.661623789201258 127.03518532332964 116.49590620282106 560.37273701481172 11.75542318104999 43.426764095056569 32.659653523471206 624.40121093794005 422.464729403815 4.305347292800433 19.573794978583464 98.513632777612656 656.57631018641405 93.996457949018804 9.8138338581775297 93.312672379892319 17.298565776203759 438.935193317011 115.13479571032804 604.87907811556943 234.26691573791322 113.61791182938032
leaf_count=1157 50 861 19173 8445 827 435531 61324 482 2014 10309 15796 48380 19480 4911 4087 114141 15741 79 580 21566 38470 7552 295 800 137 6896 5981 5000 13294 9954
internal_value=-0.000470842 -0.00741221 0.0155262 0.00790992 -0.0121923 -0.0181029 -0.0270875 -0.00197142 -0.0140892 -0.0602249 0.0281224 0.00612839 0.00160887 -0.0220159 0.00823643 0.0035763 -0.00257332 -0.00944528 0.000326163 0.0117634 0.0077517 0.0154913 -0.0458739 0.0401602 0.116064 0.00372452 -0.0340029 0.00506528 -0.0358212 -0.0418292
internal_weight=6125.91 3350.7 577.835 2775.22 2772.86 1941.42 1246.93 694.49 895.618 351.311 489.964 577.194 831.443 182.149 649.294 2285.25 1305.01 882.547 643.975 980.24 858.9 750.573 108.327 121.34 28.0272 459.783 158.562 616.635 238.572 117.296
internal_count=873313 635260 26930 238053 608330 568044 509178 58866 63338 445840 24241 48862 40286 11719 28567 213812 143835 128094 114721 69977 67883 46022 21861 2094 1294 7757 10892 24480 13373 10004
is_linear=0
shrinkage=0.08


Tree=73
num_leaves=31
num_cat=0
split_feature=16 7 2 7 1 2 6 2 5 6 2 2 15 11 5 10 14 6 11 11 5 6 1 10 14 1 5 1 15 6
split_gain=47.667 49.3899 45.0441 33.0711 31.4923 70.8746 53.2253 63.8034 36.3533 32.4129 43.1279 24.2609 23.7187 22.2397 20.1422 19.7324 19.4145 16.525 15.5662 14.8762 29.9843 22.7585 14.2215 18.3398 17.5343 14.2182 41.0933 16.3826 13.6674 11.8063
threshold=1.0000000180025095e-35 0.97993290424346935 0.73499399423599254 0.93116611242294323 0.6569296419620515 0.23132664710283282 0.48863048851490026 0.78738203644752514 0.27823315560817724 0.27823315560817724 0.12945119291543963 0.52419984340667736 0.64990136027336132 0.087121214717626586 0.32583418488502508 0.3514705896377564 0.039538821205496795 0.83752354979515087 0.19090909510850909 0.63333335518836986 0.51389962434768688 0.41967740654945379 0.12060606107115747 0.92582416534423839 0.033520599827170379 0.16784037649631503 0.065395578742027297 0.093386627733707442 0.64990136027336132 0.26953603327274328
decision_type=2 2 2 2 2 2 2 2 2 2 2 2 2 2 2 2 2 2 2 2 2 2 2 2 2 2 2 2 2 2
left_child=3 4 18 17 5 9 7 -7 28 13 -11 -8 15 -2 22 -10 -14 19 -3 25 21 -21 29 24 -24 27 -27 -1 -6 -5
right_child=1 2 -4 14 8 6 11 -9 12 10 -12 -13 16 -15 -16 -17 -18 -19 -20 20 -22 -23 23 -25 -26 26 -28 -29 -30 -31
leaf_value=-0.021177855398269343 0.10210031046056475 0.073228065184468658 0.060194866099605789 0.074324868921143233 -0.08007279499015954 -0.055362306449258505 -0.019030363884228442 0.089317906229704078 -0.068665966265083589 -0.076408070607999465 0.007900157224936314 0.048481317628894731 -0.028859744779356808 0.0047300433964210841 0.047964482690514905 1.5275886206781106 0.0011517709908109072 -0.094511833211348581 0.00033082142273655629 -0.0056191879718418417 0.073266656898648724 0.043763398049282552 -0.086497517307006971 0.046152970270417371 0.0018509675085143533 -0.042817711196285593 0.0025092340763909903 0.037602998224415131 0.13268297284009259 -0.021197719682196154
leaf_weight=39.990827132540289 15.458061408950014 19.583885092753917 111.22743342863396 38.146958282217383 2.1875191163562731 516.17339797908789 101.50422310858266 20.273892253724625 37.942791173845762 77.132750560180284 78.205848458135733 51.275537317793351 156.80549928621622 520.93992610697751 175.77156414301135 0.049627490341662361 1147.3899661984178 11.000451910746049 438.90330005786382 204.57363576989155 54.954931209736969 84.356895055097993 15.601504227612166 57.687565982574597 183.19322016043589 139.03034107713029 1614.6600444996438 125.81119594105985 16.570990744337905 10.577082553878425
leaf_count=1650 366 861 19173 901 4583 382405 60835 977 71333 12999 19335 7619 3751 26211 20180 1 17483 1223 6896 22284 7252 9682 160 923 1964 55628 111536 4557 432 113
internal_value=-0.000440876 -0.00690904 0.0145241 0.00733312 -0.0113624 -0.0198737 -0.0380303 -0.0498944 -0.00272595 -0.00178303 -0.0339628 0.00362773 -0.00427169 0.00753609 0.0263918 -0.0665809 -0.00245656 0.00330264 0.00344456 0.00377804 0.019101 0.00879868 0.0139679 0.00644117 -0.00508266 0.00103285 -0.00108423 0.0234253 0.107873 0.0535887
internal_weight=6066.98 3311.62 569.715 2755.36 2741.91 1380.96 689.227 536.447 1360.95 691.737 155.339 152.78 1342.19 536.398 480.978 37.9924 1304.2 2274.38 458.487 2263.38 343.885 288.931 305.206 256.482 198.795 1919.49 1753.69 165.802 18.7585 48.724
internal_count=873313 635260 26930 238053 608330 510747 451836 383382 97583 58911 32334 68454 92568 26577 24241 71334 21234 213812 7757 212589 39218 31966 4061 3047 2124 173371 167164 6207 5015 1014
is_linear=0
shrinkage=0.08


Tree=74
num_leaves=31
num_cat=0
split_feature=6 4 6 2 4 11 7 1 4 11 2 2 7 0 0 6 5 0 4 6 15 5 1 2 2 4 7 10 11 1
split_gain=41.0633 92.5411 61.4261 57.5248 113.075 40.6887 39.4351 37.0646 127.982 98.5247 71.8126 36.0097 42.1131 33.8578 69.9741 60.2727 50.8813 151.162 58.3672 40.3504 33.4258 32.8517 62.102 51.8 26.0805 21.9798 21.6218 33.1746 20.7592 18.623
threshold=0.12632978707551959 0.64583334326744091 0.48863048851490026 0.47856706380844122 1.0000000180025095e-35 0.41428571939468389 0.65830647945404064 0.12579113990068438 0.10555555671453477 0.34848485887050634 0.82009246945381176 0.14670014381408694 0.61323601007461559 0.22401433438062671 0.13423423469066623 0.21807064861059192 0.19625350087881091 0.59299960732460033 0.30384616553783422 0.35355392098426824 0.6700209677219392 0.58411949872970592 0.93127068877220165 0.85565477609634411 0.15831244736909869 0.2264957278966904 0.73357313871383678 0.45643940567970281 1.0000000180025095e-35 0.58204832673072826
decision_type=2 2 2 2 2 2 2 2 2 2 2 2 2 2 2 2 2 2 2 2 2 2 2 2 2 2 2 2 2 2
left_child=7 2 13 11 6 -3 -5 26 10 21 24 -4 -13 14 15 -2 18 -18 -15 -16 -11 23 -23 -10 -9 -22 -1 -28 -26 -6
right_child=1 5 3 4 29 -7 -8 8 9 20 -12 12 -14 16 19 -17 17 -19 -20 -21 25 22 -24 -25 28 -27 27 -29 -30 -31
leaf_value=0.067137122279184655 0.0027832121246885891 0.010187402590381157 -0.054952004765137619 0.4255546828889436 -0.060430368503800784 0.066535054901468368 0.11372592693714779 0.0010822427082019068 0.0091789946366758433 0.15449999346030843 0.082610448585673651 -0.059068116262843334 0.014973024077825737 -0.054305077185576603 0.05783735550820205 -0.063173158750853775 0.085903922301371671 -0.026179437329831232 0.094175270134237682 -0.03646100573095571 -0.0093423294232219314 -0.04005126278226509 0.0071188669381933049 0.084713111143895875 0.081288263357011087 0.059978689704852255 0.0026863882169537753 0.046026323697100045 -0.070281981362333643 0.020395336771329535
leaf_weight=71.010331633791793 225.1046348051168 850.65770432839054 77.464268098992761 2.7002558935491825 33.500071165821282 90.768056276836433 66.942401749023702 42.975926242856076 393.68536213986226 21.110137299867347 25.980551889399067 57.210828512499575 349.56689834437566 447.68239444348728 138.76287410841906 146.30327659583418 84.228237437870121 898.45535273093265 17.610321352491155 36.728356662817532 34.685782625572756 247.16997327949503 644.16109790874179 68.167544057796476 5.9287438548053606 187.60153245984111 286.33057775488123 186.76094730244949 235.46681255407748 40.063415923650609
leaf_count=8769 7746 29644 8637 867 12521 13338 981 1621 90007 1283 1183 78524 12439 264797 7933 13862 11844 133929 6161 5256 1606 9351 32092 1385 1404 32073 2230 2967 74280 4583
internal_value=-0.000413572 -0.00589543 -0.0136196 0.00821231 0.0527553 0.0156202 0.125816 0.00755693 0.00230199 0.0114395 -0.0447052 -0.00496049 0.00455959 -0.0204864 -0.00352789 -0.023198 -0.0268917 -0.0165725 -0.0486854 0.0381018 0.0582979 0.00301108 -0.00596161 0.0203275 -0.056337 0.0491618 0.0259741 0.0197956 -0.0665594 -0.0164119
internal_weight=6014.78 3563.75 2622.32 627.448 143.206 941.426 69.6427 2451.04 1906.93 1596.58 310.352 484.242 406.778 1994.88 546.899 371.408 1447.98 982.684 465.293 175.491 243.397 1353.18 891.331 461.853 284.371 222.287 544.102 473.092 241.396 73.5635
internal_count=873313 613062 570080 118552 18952 42982 1848 260251 246285 167797 78488 99600 90963 451528 34797 21608 416731 145773 270958 13189 34962 132835 41443 91392 77305 33679 13966 5197 75684 17104
is_linear=0
shrinkage=0.08


Tree=75
num_leaves=31
num_cat=0
split_feature=8 16 4 7 11 15 14 11 4 2 10 1 14 7 2 4 15 4 14 15 2 1 4 2 1 6 10 16 7 9
split_gain=40.3596 45.1282 27.7762 82.9514 51.9326 45.0469 39.6192 34.0263 46.0075 34.2384 19.1478 46.9831 42.3547 27.0171 22.7337 19.1589 19.4785 18.9579 16.8139 13.8706 12.3274 12.7126 12.1419 10.2894 15.2529 14.7122 8.77612 10.6396 8.71383 5.29955
threshold=0.97229894995689403 1.0000000180025095e-35 0.2264957278966904 0.61980068683624279 0.76388889551162731 0.65980625152587902 0.053262412548065192 1.0000000180025095e-35 1.0000000180025095e-35 0.27334994077682501 0.11882352828979494 0.94185259938240062 0.42916174232959753 0.66833335161209118 0.12422839552164079 0.35416667163372045 0.44420772790908819 0.84523808956146251 0.71063503623008739 0.92204877734184276 0.85565477609634411 0.16784037649631503 0.41428571939468389 0.072948999702930464 0.12579113990068438 0.26138716936111456 0.79057019948959362 1.0000000180025095e-35 0.4652314186096192 0.58027890324592601
decision_type=2 2 2 2 2 2 2 2 2 2 2 2 2 2 2 2 2 2 2 2 2 2 2 2 2 2 2 2 2 2
left_child=1 10 3 20 5 18 -7 8 -5 -9 12 13 29 14 -12 16 -14 -15 -4 23 21 -3 -17 25 -25 -2 -26 -28 -13 -1
right_child=19 2 4 7 -6 6 -8 9 -10 -11 11 28 15 17 -16 22 -18 -19 -20 -21 -22 -23 -24 24 26 -27 27 -29 -30 -31
leaf_value=-0.071963662084168489 0.01537201622690096 -0.018958543556315568 -0.075422012929861157 0.10239515336584405 0.072150460229984767 -0.036603683480513731 0.0050127941962218895 -0.0018551854788550481 -0.038415856082552345 -0.030891860366695327 0.11340774673856059 0.2241946677819826 -0.024624029327873043 0.0023584760541889463 0.026061795648190271 -0.033745483144834866 0.04608837787987044 0.065748250399630948 0.023780746257452245 0.059766198524966167 0.011066066405707018 -0.069830241434051324 -0.00040044718279842777 0.064840669562185177 0.064463068799772094 -0.32674513839298563 0.033868315578560709 -0.010573042393313704 0.059116045784370387 0.020594755979945513
leaf_weight=60.640089443535544 2.0340521391481157 37.159125272039091 71.888145186094334 39.488260057987645 60.07590520082158 167.36274102219613 1169.1249377379427 851.94473816530081 23.801226987037808 373.98431226078537 21.687517648824723 2.0876797803211948 33.005709375720471 1414.0273325660964 158.04393178439932 78.629906892776489 101.9103543034289 30.853563036536798 12.896121778176164 70.372965338639915 15.742584456689654 204.21664264486753 628.64978930505458 41.084296405315399 17.37312723044306 1.3307955116033552 52.137526568025351 101.78312653675675 103.69777470489498 4.2355443228734648
leaf_count=107892 37 28041 155716 898 9614 2635 18569 20337 975 31066 2775 34 8604 32264 47629 2670 4647 3167 2664 14086 954 349121 9108 1011 381 11 492 2145 15623 147
internal_value=-0.00039036 -0.00187091 -0.00853509 -0.0160349 -0.000706299 -0.00378589 -0.000198663 -0.00776015 0.0494405 -0.0107132 0.00577924 0.0107144 -0.00363549 0.00735065 0.0366015 0.00116244 0.0287894 0.00371208 -0.0603328 0.0289249 -0.0575252 -0.0619987 -0.00410749 0.0188648 0.0210639 -0.119935 0.0105642 0.00448057 0.0623739 -0.0659208
internal_weight=5951.27 5665.15 3027.68 1546.34 1481.35 1421.27 1336.49 1289.22 63.2895 1225.93 2637.47 1730.4 907.071 1624.61 179.731 842.196 134.916 1444.88 84.7843 286.116 257.118 241.376 707.28 215.743 212.378 3.36485 171.294 153.921 105.785 64.8756
internal_count=873313 855150 620590 431392 189198 179584 21204 53276 1873 51403 234560 101492 133068 85835 50404 25029 13251 35431 158380 18163 378116 377162 11778 4077 4029 48 3018 2637 15657 108039
is_linear=0
shrinkage=0.08


Tree=76
num_leaves=31
num_cat=0
split_feature=9 1 1 1 5 6 4 11 5 4 6 15 11 1 11 15 11 1 4 6 11 4 10 4 4 1 6 4 1 5
split_gain=35.7121 44.1877 39.5796 54.4407 62.0832 67.3967 74.5762 50.3971 45.6787 43.3693 39.3446 42.6587 33.8233 29.4192 25.8436 24.2371 23.0655 43.2489 37.1193 36.0566 35.8706 25.9268 23.0296 22.431 21.8707 20.129 24.114 16.9885 12.2792 11.5454
threshold=0.76728257536888134 0.99494948983192455 0.69614070653915416 0.270728349685669 0.42146381735801702 0.48863048851490026 0.2264957278966904 0.080128207802772536 0.24264069646596911 1.0000000180025095e-35 0.31643131375312811 0.26773250102996832 0.41428571939468389 0.58643677830696117 0.23611111193895343 0.56850549578666698 0.86607143282890331 0.58204832673072826 0.35416667163372045 0.34654632210731512 0.10555555671453477 0.84523808956146251 0.4463601559400559 0.44949495792388922 0.64583334326744091 0.12579113990068438 0.17902930825948718 0.35416667163372045 0.072948999702930464 0.57259953022003185
decision_type=2 2 2 2 2 2 2 2 2 2 2 2 2 2 2 2 2 2 2 2 2 2 2 2 2 2 2 2 2 2
left_child=2 16 3 7 5 6 -5 -1 -4 -7 14 -12 15 -6 -9 -10 18 25 20 21 -2 -20 -22 -14 -21 28 -27 -17 -18 -15
right_child=1 -3 8 4 13 9 -8 10 12 -11 11 -13 23 29 -16 27 17 -19 19 24 22 -23 -24 -25 -26 26 -28 -29 -30 -31
leaf_value=0.10726322348234835 0.056142219375160445 0.076582911486502023 0.16708855255272531 -0.058723373225821662 0.1048478908415585 0.042539250506770376 -0.0048266151274167311 -0.050019827089526646 -0.056977103488223761 -0.031089590760939225 -0.061794799987266232 0.0033867979591233072 0.0051012476793673876 0.00081210721790354672 0.010493204958098253 0.020917794732019407 -0.049397570517977718 0.060906402596804909 -0.032635338077373927 -0.02215159663367678 0.065152945548395444 0.064904706451140964 -0.00289213106021746 0.06643268619110676 0.066660280319241039 -0.043618601110726719 0.0098997586949237243 -0.0014243343034801611 0.052179701104072801 0.080259709502085594
leaf_weight=27.953881169320084 105.70635637547821 61.534521204419434 10.907593019539489 535.55659949613619 23.295804550463799 113.22142371287919 237.02470095170429 47.953659064922249 46.461037308210507 93.465235412528273 127.1839248452161 129.88272085398785 69.035393138154177 130.71710819960572 777.65737799191265 250.63156183899264 8.442141614854334 128.98394220997579 343.88661769125611 28.529163424391299 35.090251822140999 18.372463992098346 342.90096038486809 85.3472921642242 46.950849131913856 67.927226298954338 260.59246283536777 1663.4825222820218 77.877953862771392 12.857961808214894
leaf_count=2723 2148 17466 893 366225 1085 37180 109578 5935 75625 38891 23711 38866 3494 15320 42400 6954 112 21503 5339 299 696 1321 3929 12083 767 1107 3285 32100 1826 452
internal_value=-0.000366008 0.0101706 -0.0040367 -0.0114154 -0.0236468 -0.0313328 -0.0421881 0.00120696 0.0037964 0.00924374 -0.00153133 -0.0288618 0.00295425 0.0214576 0.00697845 0.000115318 0.00738162 0.0204469 -0.000329375 -0.017208 0.0149455 -0.0276885 0.00342473 0.0390071 0.0330921 0.00786699 -0.0011661 0.00150111 0.0422454 0.00792709
internal_weight=5909.43 1526.79 4382.64 2256.77 1146.14 979.268 772.581 1110.63 2125.87 206.687 1082.68 257.067 2114.96 166.871 825.611 1960.58 1465.26 543.824 921.437 437.739 483.698 362.259 377.991 154.383 75.48 414.84 328.52 1914.11 86.3201 143.575
internal_count=873313 59798 813515 682366 568731 551874 475803 113635 131149 76071 110912 62577 130256 16857 48335 114679 42332 27833 14499 7726 6773 6660 4625 15577 1066 6330 4392 39054 1938 15772
is_linear=0
shrinkage=0.08


Tree=77
num_leaves=31
num_cat=0
split_feature=16 10 14 10 15 7 4 4 4 6 7 14 10 11 1 2 0 4 9 6 6 2 2 4 11 2 4 9 11 7
split_gain=34.265 35.0221 101.057 33.5903 33.2086 25.1715 20.823 20.2019 20.5292 19.2155 15.5978 15.388 17.6762 15.3546 13.2813 12.3601 12.3396 30.5332 16.8975 12.1423 16.4237 26.5935 18.1305 12.246 37.8929 33.6312 11.6529 12.0264 10.8141 9.82394
threshold=1.0000000180025095e-35 0.36939570307731634 0.41781598329544073 0.23669467866420749 0.99885582923889171 0.94151845574378978 0.61250001192092907 0.84523808956146251 0.73214286565780651 0.15047170221805575 0.90206736326217662 0.32510161399841314 0.85960590839385997 0.47222222387790685 0.054804805666208274 0.51456862688064586 0.23845060169696811 0.2264957278966904 0.31267458200454717 0.10102041065692903 0.39504285156726843 0.5388936996459962 0.78319624066352855 0.41428571939468389 0.34848485887050634 0.89512962102890026 0.2264957278966904 0.78065484762191784 0.23611111193895343 0.96984851360321056
decision_type=2 2 2 2 2 2 2 2 2 2 2 2 2 2 2 2 2 2 2 2 2 2 2 2 2 2 2 2 2 2
left_child=5 2 3 -2 7 14 11 8 9 -3 16 12 15 -10 -1 -7 18 -18 -4 23 22 -22 -21 25 -25 -16 27 -5 -28 -12
right_child=1 4 10 26 -6 6 -8 -9 13 -11 29 -13 -14 -15 19 -17 17 -19 -20 20 21 -23 -24 24 -26 -27 28 -29 -30 -31
leaf_value=-0.11609416369668761 -0.072006746839814326 0.013276650232694922 0.080481245211994484 -0.042335610040606146 0.072849089110122126 -0.015326843127105583 0.075035144148781596 0.072273355482130569 -0.052153892985407645 -0.0062085581819413252 -0.048851673879664673 0.066798746959955177 0.044093075591085287 0.070139318561365627 0.013158896384266691 0.024190899004172071 -0.041987143104125199 0.0012365607951830958 0.0091772936743239625 -0.015896145519997164 -0.0057584082692379067 0.035469706031103568 0.0048288887693041325 -0.004985274204865657 0.08318487716959562 0.08709195144769169 -0.017735602768113864 0.2041844849651494 0.056395505543404022 -0.0079759543750144921
leaf_weight=5.959008192876353 206.23837089139852 564.13176222331822 24.139511262445012 109.85672874713782 42.436951087787747 129.65278680692427 47.418526752153412 25.029697689926252 69.204774896148592 760.65343128901441 72.440326231066138 37.22901358269155 80.652674266602844 7.2600414687767616 338.47758566198172 83.134108545258641 119.05626067149569 861.06125511357095 178.96279986959416 562.15685445695999 220.45760913405684 183.45617449635756 520.06481138151139 391.4869870171824 33.896784789802041 44.561308610573178 42.716210298589431 1.2812859588302661 17.859810951747932 78.308284740429372
leaf_count=530 479553 16076 1057 30699 13262 1477 8980 3337 830 13664 1021 840 3381 1278 30696 6283 40318 22238 9879 84182 43965 9954 19623 20274 6146 1722 1015 54 368 611
internal_value=-0.000338922 -0.00595317 -0.0137287 -0.0502449 0.00310993 0.00632757 0.0254572 0.00103494 -0.000237549 0.00208881 -0.00338263 0.0183477 0.0122006 -0.0405426 0.00318363 0.000112417 -0.000294878 -0.00401388 0.017652 0.0034934 -0.00079881 0.0129673 -0.00593667 0.0113838 0.00204058 0.02176 -0.0241076 -0.0394935 0.0041207 -0.0276183
internal_weight=5859.24 3180.64 1711.92 377.952 1468.72 2678.6 378.087 1426.28 1401.25 1324.79 1333.97 330.669 293.44 76.4648 2300.52 212.787 1183.22 980.118 203.102 2294.56 1486.14 403.914 1082.22 808.423 425.384 383.039 171.714 111.138 60.576 150.749
internal_count=873313 635260 586813 511689 48447 238053 20961 35185 31848 29740 75124 11981 11141 2108 217092 7760 73492 62556 10936 216562 157724 53919 103805 58838 26420 32418 32136 30753 1383 1632
is_linear=0
shrinkage=0.08


Tree=78
num_leaves=31
num_cat=0
split_feature=8 16 7 2 9 10 11 7 10 1 14 7 0 4 4 7 4 8 11 4 5 4 2 1 6 10 16 7 9 4
split_gain=29.7072 32.9384 22.1555 34.9326 24.7796 106.359 24.5378 18.4795 15.2603 38.2618 37.2108 23.5336 19.0955 15.8992 15.7413 15.6137 12.5394 12.3231 12.1357 11.7556 11.4422 8.40485 7.9197 11.8202 10.6857 9.02486 9.75821 6.72281 5.46345 5.23097
threshold=0.97229894995689403 1.0000000180025095e-35 0.99812734127044689 0.68614074587821972 0.27461755275726324 0.15075758099555972 0.47222222387790685 0.94555336236953746 0.11882352828979494 0.94185259938240062 0.42916174232959753 0.66833335161209118 0.19560018926858905 0.84523808956146251 0.35416667163372045 1.0000000180025095e-35 0.61250001192092907 0.30147859454154974 0.19090909510850909 0.2264957278966904 0.46737588942050939 0.2264957278966904 0.072948999702930464 0.12579113990068438 0.3312236368656159 0.71008405089378368 1.0000000180025095e-35 0.43256238102912908 0.5085725486278535 0.6904762089252473
decision_type=2 2 2 2 2 2 2 2 2 2 2 2 2 2 2 2 2 2 2 2 2 2 2 2 2 2 2 2 2 2
left_child=1 8 4 18 6 -6 19 -7 10 11 -1 12 -10 -13 15 -12 22 -8 -4 -3 -16 -20 24 -24 -2 -25 -27 -11 29 -18
right_child=16 2 3 -5 5 7 17 -9 9 27 14 13 -14 -15 20 -17 28 -19 21 -21 -22 -23 23 25 -26 26 -28 -29 -30 -31
leaf_value=-0.064682077414343453 0.019272105122321165 -0.031385229429393285 0.098075661724559976 0.074371926258885279 -0.074174417049661573 -0.0045160275657255451 0.24021325333650925 -0.027155561381825566 0.092303966051601322 0.23406775864549489 0.047002705136157542 0.0018846519521744116 0.022178269006563344 0.063333578288630399 -0.029738542359994589 -0.0094954348653175646 -0.37712029847694667 0.042823453114972952 -0.0045715050718084559 0.0022219539513235048 0.00013357065731356218 0.065341625579392604 0.062165256504695086 0.087525654245100143 -0.25503610593813725 0.035741356714545293 -0.0034740218470352725 0.056095922475078663 0.075681869985890285 0.082334216445343333
leaf_weight=59.287331185943913 2.1502052489668126 72.364732355665183 8.0491936046164465 49.226706687128171 177.25858589657582 1245.3078876168292 3.963522331294369 283.22679133084603 29.776031197048724 1.3783031967468549 84.29916116851382 1392.4971197863924 150.27210031784489 27.479720499832183 94.795907186577097 49.798103082343005 0.33704511867836018 4.1369564663618803 259.29155047331005 838.10741006370517 611.05779942392837 11.492844438180326 37.33718788344413 9.8907284734304977 1.5743366256356237 59.791290970752016 126.59211787069216 94.081593313720077 33.060668183490634 0.29952750052325428
leaf_count=108039 38 14936 383 8642 423088 144219 130 5237 5282 17 1607 32264 45122 3167 3816 11644 25 1090 2322 19857 7962 686 1012 392 10 2679 5618 15640 8339 50
internal_value=-0.000316207 -0.00157979 -0.00735892 0.012242 -0.00980914 -0.0155136 0.000784153 -0.00871097 0.00499603 0.00946407 -0.00342831 0.00652864 0.0337755 0.00307383 0.000895244 0.0260217 0.0255451 0.139405 0.0012733 -0.00044916 -0.00387824 -0.0016042 0.0190613 0.0209065 -0.096676 0.0130579 0.00910617 0.0586656 0.071212 -0.160932
internal_weight=5818.18 5547.15 2952.43 328.06 2624.37 1705.79 918.573 1528.53 2594.72 1695.48 899.238 1600.02 180.048 1419.98 839.951 134.097 271.033 8.10048 278.834 910.472 705.854 270.784 237.336 233.611 3.72454 196.274 186.383 95.4599 33.6972 0.636573
internal_count=873313 855150 620590 12033 608557 572544 36013 149456 234560 101492 133068 85835 50404 35431 25029 13251 18163 1220 3391 34793 11778 3008 9749 9701 48 8689 8297 15657 8414 75
is_linear=0
shrinkage=0.08


Tree=79
num_leaves=31
num_cat=0
split_feature=6 4 6 2 0 2 0 2 15 10 2 4 2 2 7 7 1 15 2 8 1 15 7 9 10 7 8 12 2 6
split_gain=26.515 66.9856 48.1854 55.3048 95.4258 30.1624 29.2166 62.617 48.8733 30.7716 28.9975 105.654 60.7358 46.9299 29.2202 28.9304 28.2 40.846 26.4087 26.3359 26.1878 26.0954 23.4247 22.6 21.0454 22.9481 19.2177 16.999 15.468 14.8482
threshold=0.12632978707551959 0.64583334326744091 0.52803984284400951 0.44948978722095495 0.64051282405853283 0.10596491396427156 0.99494948983192455 0.82413583993911754 0.99885582923889171 0.75499999523162853 0.12945119291543963 0.10555555671453477 0.82009246945381176 0.72834226489067089 0.99812734127044689 0.60386699438095104 0.33508773148059851 0.56850549578666698 0.2674796879291535 0.22969662398099902 0.89009663462638866 0.72835320234298717 0.83899769186973583 0.5085725486278535 0.61324787139892589 0.76609560847282421 0.8668593466281892 1.0000000180025095e-35 0.15831244736909869 0.26598639786243444
decision_type=2 2 2 2 2 2 2 2 2 2 2 2 2 2 2 2 2 2 2 2 2 2 2 2 2 2 2 2 2 2
left_child=10 2 6 5 22 -4 7 18 9 -8 24 12 27 16 20 -7 19 -18 -2 -13 -15 -9 -5 26 25 -1 -3 -12 -29 -25
right_child=1 23 3 4 -6 15 8 21 -10 -11 11 13 -14 14 -16 -17 17 -19 -20 -21 -22 -23 -24 29 -26 -27 -28 28 -30 -31
leaf_value=0.048539579421730573 -0.0044555489728403267 0.0052355691665426432 -0.080935740882850743 0.21854976931023942 -0.017181931573277676 -0.063944751437146702 -0.070697005156460907 0.11597321366795525 -0.0059667830246307807 -0.28760540238005428 0.078848194138770519 0.56047763808550122 0.08007619533643022 -0.016313985440295848 0.071957473818114265 0.010281964270074818 -0.057312825190030121 0.041160154035354203 -0.025543125682260675 0.12557931563511351 0.0087848972414325769 0.02302097200633579 0.10119902679003387 0.013908351618447001 0.056717077455561524 0.0054530205676286579 -0.13065599322731244 -0.0061824663704055484 -0.066342299983524436 0.046381906017943834
leaf_weight=102.25843357824488 600.6250833011436 549.43848321159021 29.930811229685787 14.322576504026072 54.323453087941743 37.47473900183104 119.35769897865248 23.655976668815129 115.67859953083098 4.3379215428140006 5.8854768710734779 0.98961949313525011 23.06737004686147 409.59581385331694 37.256952829193324 325.50509284183499 29.696565850725165 292.3806173602934 1035.0929630348837 8.9565498762822227 759.18900696256605 105.6920220553875 45.375722811557353 190.34005668430473 94.516456708777696 349.50929186865687 6.742067829007282 31.320812590216519 215.90044739938457 171.13659018301405
leaf_count=9363 57277 26250 3855 4353 10800 59533 11403 4074 2549 205 1431 62 1183 27000 11335 11806 66233 11822 400831 1466 49888 2709 685 9682 2345 2569 241 1239 74315 6809
internal_value=-0.000295904 -0.00478782 -0.0115468 0.0104883 0.0595395 -0.00374628 -0.0171195 -0.0135627 -0.0433467 -0.0783038 0.00622931 0.0013638 -0.0441959 0.00954448 0.00221234 0.00261865 0.0361777 0.0320806 -0.0177999 0.168851 -1.09025e-05 0.0400207 0.129353 0.0137096 0.0223879 0.0152057 0.00358828 -0.0555217 -0.0587206 0.0292825
internal_weight=5789.55 3429.03 2511.37 506.932 114.022 392.911 2004.44 1765.07 239.374 123.696 2360.52 1814.24 276.174 1538.07 1206.04 362.98 332.023 322.077 1635.72 9.94617 1168.78 129.348 59.6983 917.657 546.284 451.768 556.181 253.107 247.221 361.477
internal_count=873313 613062 570080 91032 15838 75194 479048 464891 14157 11608 260251 245974 78168 167806 88223 71339 79583 78055 458108 1528 76888 6783 5038 42982 14277 11932 26491 76985 75554 16491
is_linear=0
shrinkage=0.08


Tree=80
num_leaves=31
num_cat=0
split_feature=10 14 1 8 4 4 6 11 15 14 15 6 1 11 8 6 6 14 8 6 10 15 15 5 4 10 1 10 11 6
split_gain=25.988 92.3865 50.2029 27.4393 27.1158 28.6789 70.7761 32.7003 27.0131 23.4142 16.1238 14.6737 14.3034 27.7846 15.4661 13.6315 35.7392 11.0906 10.1758 10.2166 10.0812 9.9062 9.39812 23.1085 41.4715 27.5596 8.63351 7.8704 7.78557 7.86156
threshold=0.20942982286214831 0.35149985551834112 0.99494948983192455 0.45622551441192633 0.84523808956146251 0.6904762089252473 0.080540537834167494 0.087121214717626586 0.62853223085403453 0.6431068778038026 0.4983199685811997 0.033908046782016761 0.24845679104328158 0.080128207802772536 0.37296918034553533 0.79205974936485302 0.8046129345893861 0.71063503623008739 0.32824160158634191 0.56711712479591381 0.25403225421905523 0.30876226723194128 0.68625652790069591 0.32173123955726629 0.30384616553783422 0.10435571894049646 0.16784037649631503 0.2788888961076737 0.30384616553783422 0.12632978707551959
decision_type=2 2 2 2 2 2 2 2 2 2 2 2 2 2 2 2 2 2 2 2 2 2 2 2 2 2 2 2 2 2
left_child=1 8 3 9 5 7 -7 -5 -1 11 12 -2 13 21 -15 17 -17 -14 -11 -20 -4 -3 23 24 -12 -25 -13 -6 -10 -30
right_child=2 10 20 4 27 6 -8 -9 28 18 22 26 15 14 -16 16 -18 -19 19 -21 -22 -23 -24 25 -26 -27 -28 -29 29 -31
leaf_value=-0.07077808677677995 0.17693563611638088 0.1152153837311881 0.0019582067197581638 0.017954549067284629 -0.012175638117077878 -0.16296789259792474 -0.011278699956338997 -0.0027386129402295666 -0.026865007846630321 0.10278638676571962 -0.038913487505479141 0.092418622952199214 -0.06718013614803918 0.012786626742144048 -0.037794709279065836 3.9304327389350386 -0.080259962826091449 0.0022932871677578941 0.00098761588143011191 0.10279827439023084 0.071907837320920431 0.41114047821436595 -0.00025470583707442923 0.0052732490200165707 0.11740396806203096 0.1246271324786523 0.024490250545438554 0.070739203009488896 0.089093254811138306 -0.021365856857907119
leaf_weight=170.79796274544788 7.9215678132604799 5.9769172403612165 15.71328382170759 617.79291250533424 8.7574038037564588 23.04420529899653 135.08650270639919 2339.6487342182081 58.331917167059146 7.6056437292136243 53.730153731710743 24.636231425392907 58.813501828131848 72.670173813283327 82.735149858606746 0.019946824089855819 0.049523594585480168 19.609389435034245 104.43144228099845 6.7136807721108189 81.990588413667865 0.82375528910779383 1708.2860669874353 24.878036223410163 13.614439136741565 24.649716119427467 23.299843815591885 44.849316523876041 8.4780964461388084 8.0288638728961796
leaf_count=531018 453 122 543 9623 139 334 4584 120976 10158 100 17032 926 84835 3096 13104 18 52 4010 1360 118 24666 158 13541 12871 2795 1913 6661 6788 515 804
internal_value=-0.00027397 -0.00683477 0.00413262 0.00248097 0.000779922 -0.00019074 -0.0333842 0.00158407 -0.0532169 0.0333553 -0.00131978 0.0760697 -0.0207818 -0.00721572 -0.014142 -0.0488163 1.07132 -0.0498085 0.0132635 0.00713745 0.0606581 0.15106 0.00124683 0.0231943 -0.00731222 0.0646751 0.0594013 0.0571939 -0.0131388 0.0353668
internal_weight=5752.98 2311.49 3441.49 3343.79 3169.18 3115.57 158.131 2957.44 245.637 174.608 2065.86 55.8576 240.698 162.206 155.405 78.4924 0.0694704 78.4229 118.751 111.145 97.7039 6.80067 1825.16 116.872 67.3446 49.5278 47.9361 53.6067 74.8389 16.507
internal_count=873313 696042 177271 152062 142444 135517 4918 130599 542495 9618 153547 8040 105395 16480 16200 88915 70 88845 1578 1478 25209 280 48152 34611 19827 14784 7587 6927 11477 1319
is_linear=0
shrinkage=0.08


Tree=81
num_leaves=31
num_cat=0
split_feature=8 16 2 6 6 5 0 2 0 7 2 7 14 2 0 6 15 5 14 15 0 14 7 6 15 2 6 6 1 10
split_gain=24.8875 27.0562 18.2793 19.8542 20.7823 34.6813 24.2573 18.2146 21.8321 18.5115 13.6376 13.4524 17.1126 19.8715 13.3034 26.4125 12.4843 48.1252 20.2615 10.8574 9.49851 8.55191 8.4387 8.3791 6.68295 8.38556 7.98166 7.12102 6.39122 5.41499
threshold=0.97229894995689403 1.0000000180025095e-35 0.08191221579909326 0.57259953022003185 0.12632978707551959 0.29198718070983892 0.13994288444519046 0.43534001708030706 0.57735043764114391 0.69255909323692333 0.054804805666208274 0.93116611242294323 0.088117647916078581 0.50878274440765392 0.0745370388031006 0.31643131375312811 0.70402085781097423 0.19098278135061267 0.041841737926006324 0.92204877734184276 1.0000000180025095e-35 0.023952954448759559 0.95260557532310497 0.11215933039784433 0.37699067592620855 0.072948999702930464 0.40175439417362219 0.29217478632926946 0.24845679104328158 0.74537035822868358
decision_type=2 2 2 2 2 2 2 2 2 2 2 2 2 2 2 2 2 2 2 2 2 2 2 2 2 2 2 2 2 2
left_child=1 10 14 4 6 -6 -4 9 -9 -5 -1 16 23 -14 15 22 17 -12 -18 21 -17 24 -3 -13 25 26 -2 28 -26 -16
right_child=19 2 3 7 5 -7 -8 8 -10 -11 11 12 13 -15 29 20 18 -19 -20 -21 -22 -23 -24 -25 27 -27 -28 -29 -30 -31
leaf_value=-0.11184361363572297 0.017526086850020221 0.010190726408902836 0.018094736427285742 -0.059492296129639514 -0.027387865378262807 -0.0025818276116244634 -0.0067263060286807388 0.14953557965475686 0.021453984840955377 0.023593182390908851 -0.0017447777371730128 0.025863114093987935 0.0093916748989928932 0.053377218836137212 -0.079688021876271872 0.25989992192168981 0.035757177247889127 0.043651602078122902 -0.0042504362714784793 0.054669241268982989 -0.09613797703177128 0.059105212286312762 0.11083777426286456 -0.023362765210070916 -0.158500630054875 0.034117248878447651 -0.21504894109542577 0.013848928760109102 -0.021079692938993172 0.058287077122514443
leaf_weight=6.4245726102672043 2.0859503597021098 15.942112530203305 357.07209943851922 21.421742469858145 648.31527523697878 813.11706163763301 856.26563854784763 14.298878114583202 21.064708410631283 86.309223607066087 536.76333429869555 31.797272230731323 141.44467475055717 122.8061406488996 42.195912540220888 0.49367856807657773 86.157755500287749 207.12642230128404 1357.3269217429915 57.153509886702523 16.768728990398813 24.946142759174109 8.0105219273827952 72.794233006774448 2.2835341393947592 69.157463547307998 1.7256339788436887 61.846599911339581 42.081625235732645 1.9025177527219046
leaf_count=528 36 1167 10078 33751 320282 79319 160287 1096 5745 2139 117792 2914 1513 14035 3339 90 2690 72812 19995 14086 3204 683 70 2281 11 1311 9 732 1295 23
internal_value=-0.000271056 -0.00142408 -0.00671222 -0.00560768 -0.00716087 -0.0135862 0.000578257 0.023425 0.0732424 0.00707207 0.00456677 0.00485935 0.0189923 0.0298332 -0.0431947 -0.0105174 0.00247621 0.0108953 -0.00186249 0.0238495 -0.0859558 0.0152203 0.0438503 -0.00839741 0.00911049 0.0277505 -0.0877685 -0.00369545 -0.0281529 -0.0737354
internal_weight=5727.1 5465.82 2903.18 2817.86 2674.77 1461.43 1213.34 143.095 35.3636 107.731 2562.64 2556.22 368.842 264.251 85.3135 41.215 2187.37 743.89 1443.48 261.28 17.2624 204.127 23.9526 104.592 179.181 72.969 3.81158 106.212 44.3652 44.0984
internal_count=873313 855150 620590 612697 569966 399601 170365 42731 6841 35890 234560 234032 20743 15548 7893 4531 213289 190604 22685 18163 3294 4077 1237 5195 3394 1356 45 2038 1306 3362
is_linear=0
shrinkage=0.08


Tree=82
num_leaves=31
num_cat=0
split_feature=11 4 15 7 11 14 5 11 8 14 1 6 5 4 2 0 4 6 2 14 7 9 14 7 11 4 11 8 4 6
split_gain=23.3504 89.1684 36.2334 64.3678 84.2532 45.9882 24.6143 22.9365 29.7495 49 21.3548 77.822 78.9988 67.1758 112.681 46.4387 45.5414 35.2135 46.9526 26.7386 43.1904 19.4621 19.3986 19.2827 17.1325 60.3705 22.0838 27.7631 18.479 16.6481
threshold=0.47222222387790685 0.43650794029235845 0.56850549578666698 0.57544103264808666 1.0000000180025095e-35 0.30451765656471258 0.17108014225959781 0.81666666269302379 0.9492306411266328 1.0000000180025095e-35 0.23132664710283282 0.38397435843944555 0.083920188248157515 0.19090909510850909 0.76506900787353527 0.98213717341423046 0.087121214717626586 0.32037734985351568 0.14670014381408694 0.15165043622255328 0.76609560847282421 0.59163263440132152 0.65722313523292553 0.99812734127044689 0.080128207802772536 1.0000000180025095e-35 0.23611111193895343 0.90250155329704296 0.35416667163372045 0.85857143998146068
decision_type=2 2 2 2 2 2 2 2 2 2 2 2 2 2 2 2 2 2 2 2 2 2 2 2 2 2 2 2 2 2
left_child=2 10 3 22 -5 6 -6 8 -3 -10 17 13 21 14 -12 -15 -14 19 -19 -2 -21 -13 -1 24 25 -4 -26 -28 -27 -20
right_child=1 7 23 4 5 -7 -8 -9 9 -11 11 12 16 15 -16 -17 -18 18 29 20 -22 -23 -24 -25 26 28 27 -29 -30 -31
leaf_value=-0.072311927060861647 0.042975420107264135 0.031898225106326089 0.1106365522611478 0.10675371395540563 -0.045474488063255318 0.007521219411023709 0.19440187580564139 0.079398403055086372 -1.2055129822478718 -0.11046806116089625 -0.057076618271289743 -0.047939050338610317 0.090866422003305275 0.026780678993068165 0.073475465305167478 -0.17816090712716018 -0.042649964861520777 -0.062200709695318171 0.0046003341104722253 0.059754982356337173 -0.0028542103234978872 0.0070749277146968615 -0.0082795281105309537 0.065789622654631327 -0.073449459165948888 0.015627144227403977 -0.0012362922760913706 -0.063357141786145099 -0.0028242836593886708 0.11585957669866734
leaf_weight=154.85615309186687 206.02697218240064 78.225375874331803 32.143072621576721 39.455984879488824 211.78099597696564 263.33120308232901 2.7735964261373729 120.18063919612905 0.31025398336350818 1.6650856683263553 371.8730940908863 55.869797600607853 112.55253647867357 160.00251397374086 47.744485216855537 7.40363314829301 19.128741818014532 90.40464498543588 127.41070538376516 86.095881553643267 389.69668209785596 156.26061143775587 37.639342493959703 28.094908520346507 38.540992629146785 417.90650386450579 329.45260976391728 53.52451385743916 2058.2431078585942 9.2310267514549178
leaf_count=436854 7960 7757 778 1934 30511 16310 264 35979 23 287 126859 52333 4087 10270 2543 932 2084 7590 13699 8692 2894 3715 8581 2563 5181 23577 15150 737 42903 266
internal_value=-0.000250504 0.00661034 -0.00406666 -0.0202981 -0.00560325 -0.0148798 -0.0423736 0.057288 0.0241556 -0.28246 0.0010905 -0.00742632 0.0227991 -0.0251289 -0.0422223 0.017717 0.0714711 0.0098132 -0.0174748 0.0189001 0.00847508 -0.00741437 -0.0597914 -0.000171439 -0.000803961 0.00170388 -0.0157271 -0.00991824 0.000289814 0.0121166
internal_weight=5707.83 2040.08 3667.74 709.837 517.342 477.886 214.555 200.381 80.2007 1.97534 1839.7 930.835 343.812 587.024 419.618 167.406 131.681 908.866 227.046 681.82 475.793 212.13 192.495 2957.91 2929.81 2508.29 421.518 382.977 2476.15 136.642
internal_count=873313 287970 585343 494454 49019 47085 30775 44046 8067 310 243924 202823 62219 140604 129402 11202 6171 41101 21555 19546 11586 56048 445435 90889 88326 67258 21068 15887 66480 13965
is_linear=0
shrinkage=0.08


Tree=83
num_leaves=31
num_cat=0
split_feature=16 10 14 4 8 9 9 7 4 7 7 2 10 7 9 10 10 14 9 11 14 1 11 2 0 4 11 14 2 10
split_gain=20.8562 22.5821 85.9468 26.2171 19.8482 18.2927 18.2708 18.2525 17.7241 15.9374 15.105 25.383 14.5833 42.6209 18.5734 13.5512 17.6308 13.275 12.5263 10.0934 12.0396 10.0212 10.1686 26.0883 16.4532 15.1365 61.9449 14.2944 9.32929 9.10899
threshold=1.0000000180025095e-35 0.30901856720447546 0.40068027377128607 0.84523808956146251 0.46882475912570959 0.41103501617908483 0.616968333721161 0.94151845574378978 0.61250001192092907 0.92444902658462536 0.99812734127044689 0.58204832673072826 0.19292803853750232 0.76609560847282421 0.36253654956817633 0.57518798112869274 0.85960590839385997 1.0000000180025095e-35 0.43874259293079382 0.73214286565780651 0.054200939834117896 0.054804805666208274 0.38750000298023229 0.87206766009330761 0.63224515318870556 0.35416667163372045 1.0000000180025095e-35 0.041841737926006324 0.80874970555305492 0.32071428000926977
decision_type=2 2 2 2 2 2 2 2 2 2 2 2 2 2 2 2 2 2 2 2 2 2 2 2 2 2 2 2 2 2
left_child=7 2 6 4 9 12 -2 21 15 29 17 -12 14 -14 -4 19 18 -6 -17 20 -9 -1 25 24 -24 26 -23 -27 -7 -3
right_child=1 3 5 -5 10 28 -8 8 -10 -11 11 -13 13 -15 -16 16 -18 -19 -20 -21 -22 22 23 -25 -26 27 -28 -29 -30 -31
leaf_value=-0.10829523250822791 -0.064819420415758028 0.3241258630979057 -0.0003073977578353123 0.073973617785680276 -0.027329104354896522 -0.023685132912778708 -0.0028226256504225674 -0.095625933760655285 0.073093405986577265 0.0015784363898914229 0.0026662048333733028 0.053374491244449401 0.14629527068520942 0.0037898707474299394 -0.073765638285398241 -0.37188175045488059 0.039852380826382261 -0.0017574957272481762 -0.0052168702769664231 0.00652336071020722 0.084543005564582926 0.043216264032605194 0.015975119985978229 0.072600984016327155 -0.013686367395769021 0.034589873323911655 -0.013365382281124525 -0.0077922294200550692 -0.13640657461975139 0.1182989242265297
leaf_weight=5.2235568361065807 204.50444338250963 1.658692354569214 952.90566762948583 31.707711121416651 149.52092090272345 178.4524812214222 35.739542470080778 2.5343142468482247 38.625149987172335 8.1192274596542102 302.09183099714573 79.884357001283206 16.904570224898634 65.38684853434097 22.550081986031728 0.5983298517530774 74.972609484917484 991.43700310483109 175.74221795599442 22.899997521308251 37.461178237921558 216.55782342891325 394.74527621104789 41.625167743244674 171.76479544093309 53.458678455644986 289.20726679194195 1077.1596041377634 4.8261949971783897 8.0766336480155569
leaf_count=530 490259 39 45582 8096 2349 21608 6133 40 8980 63 3825 15079 1386 928 12660 24 3381 26685 7105 762 669 36680 61779 8094 7584 5200 43158 54067 213 355
internal_value=-0.000226062 -0.00471067 -0.0117988 0.00196626 0.00048443 -0.00332021 -0.0555966 0.005036 0.0219533 0.0843425 -0.000498704 0.0132711 0.000722785 0.0330638 -0.00200557 0.0156667 0.00735538 -0.00510862 -0.00646098 0.0488766 0.0731266 0.00238281 0.00264039 0.0114733 0.00698181 -0.000642204 0.0108617 -0.00578829 -0.0266534 0.153367
internal_weight=5656.34 3053.77 1481.27 1572.5 1540.79 1241.03 240.244 2602.58 352.834 17.8546 1522.93 381.976 1057.75 82.2914 975.456 314.209 251.313 1140.96 176.341 62.8955 39.9955 2249.74 2244.52 608.135 566.51 1636.38 505.765 1130.62 183.279 9.73533
internal_count=873313 635260 578769 56491 48395 82377 496392 238053 20961 457 47938 18904 60556 2314 58242 11981 10510 29034 7129 1471 709 217092 216562 77457 69363 139105 79838 59267 21821 394
is_linear=0
shrinkage=0.08


Tree=84
num_leaves=31
num_cat=0
split_feature=2 11 4 1 6 5 4 7 15 7 11 6 7 11 8 7 6 14 2 15 8 2 11 4 10 14 10 15 6 15
split_gain=20.2804 22.849 71.594 30.5429 70.2316 66.6846 58.4639 28.9943 30.7276 55.4189 64.7561 24.0119 23.1107 22.8597 25.2864 26.6906 22.6236 20.1945 19.9743 15.6059 15.0952 14.7877 13.8792 54.1907 32.5647 9.89568 7.1449 6.79733 12.7276 6.44072
threshold=0.08856209367513658 0.47222222387790685 0.43650794029235845 0.21132376790046695 0.38397435843944555 0.086581710726022734 0.19090909510850909 0.99812734127044689 0.56850549578666698 0.57544103264808666 1.0000000180025095e-35 0.32037734985351568 0.73357313871383678 0.81666666269302379 0.91368666291236889 0.9492306411266328 0.20185185223817828 0.65722313523292553 0.14670014381408694 0.14003355056047442 0.53034487366676342 0.08191221579909326 0.080128207802772536 1.0000000180025095e-35 0.78019323945045482 0.19920635223388675 0.1490740776062012 0.15443053841590884 0.37602458894252783 0.15443053841590884
decision_type=2 2 2 2 2 2 2 2 2 2 2 2 2 2 2 2 2 2 2 2 2 2 2 2 2 2 2 2 2 2
left_child=16 7 3 11 6 -6 -5 8 9 17 -11 12 -3 14 25 -16 19 -2 -13 26 -9 -21 23 -10 -24 -4 -1 28 -18 -23
right_child=1 2 13 4 5 -7 -8 20 22 10 -12 18 -14 -15 15 -17 27 -19 -20 21 -22 29 24 -25 -26 -27 -28 -29 -30 -31
leaf_value=-0.087707999716912163 -0.072785637501304679 0.069848428951062358 0.0044643648606709418 -0.039617000227733672 -0.0040434512608304033 0.067630241931949817 0.016472973279959575 -0.010240548901483801 0.10904762321074218 0.11040788620314734 -0.013460284165641686 -0.050510696281568131 0.017208696382176866 0.078812641174470482 -0.58496060302581832 -0.070324990319503441 -0.0041922856866313044 -0.0057800794613492891 0.0087868831497674924 -0.065244131338423619 0.081075778356534262 0.07702706711826672 -0.010627256843810841 0.00036160706510902766 -0.15839231794524952 0.064313801518952052 0.053656074817503834 -0.094322221065146386 -0.080922142033458169 -0.006532494731302723
leaf_weight=2.4716738085262469 136.64384833720396 59.670574976422358 33.293889311869862 423.17028185469098 240.40348421233648 126.94855318864575 165.42393142871151 16.421356126200408 29.712436567322584 29.053071722169989 384.29956299952755 56.74683047371218 506.20476028742269 107.98755549005 0.71912235440686245 6.2547871362185106 27.245918847576831 36.469634160748683 101.17781771915907 31.237898240564391 39.343827477889135 6.7398194686393245 410.03343441305333 2475.674404179299 9.7726792853791249 37.703773053290206 30.829149639059324 23.744750378813478 28.109864306519739 47.586595519882394
leaf_count=511 432823 9347 3276 132148 60663 6112 11209 163 778 1519 43732 4734 5464 35979 70 988 2468 8525 8949 958 2895 419 20905 66480 163 3733 810 1653 4801 1038
internal_value=-0.000211647 0.000704788 0.00787868 0.0026644 -0.00672236 0.0207254 -0.023853 -0.00304704 -0.0039559 -0.0206689 -0.00475404 0.0150618 0.0227595 0.0549786 0.0219693 -0.123392 -0.025363 -0.0586696 -0.0125204 -0.00330134 0.0541856 -0.0213851 -0.000605142 0.00165056 -0.0140671 0.0362478 0.0431637 -0.0585153 -0.043156 0.00383403
internal_weight=5631.1 5433.13 1865.71 1679.75 955.946 367.352 588.594 3567.42 3511.66 586.466 413.353 723.8 565.875 185.959 77.9716 6.97391 197.966 173.113 157.925 118.865 55.7652 85.5643 2925.19 2505.39 419.806 70.9977 33.3008 79.1005 55.3558 54.3264
internal_count=873313 860655 282672 238626 210132 66775 143357 577983 574925 486599 45251 28494 14811 44046 8067 1058 12658 441348 13683 3736 3058 2415 88326 67258 21068 7009 1321 8922 7269 1457
is_linear=0
shrinkage=0.08


Tree=85
num_leaves=31
num_cat=0
split_feature=1 11 5 2 5 4 4 1 1 6 10 14 8 14 9 6 7 6 6 2 15 6 7 10 7 1 5 7 4 5
split_gain=18.69 40.348 30.284 28.5816 26.6783 21.8461 29.4344 30.3447 20.1187 27.186 20.0589 74.9775 22.6722 18.5529 17.8495 17.7873 11.1238 9.51328 8.32553 12.6863 7.10928 10.6998 18.4069 7.67784 6.17285 5.09041 6.51307 18.7351 7.62347 27.4601
threshold=0.92031747102737438 0.21111111342906955 0.77913278341293346 0.92718276381492626 0.88516482710838329 0.53571429848670971 0.77500000596046459 0.94185259938240062 0.8521554470062257 0.050641026347875602 0.20942982286214831 0.35149985551834112 0.44215816259384161 0.65722313523292553 0.57637089490890514 0.58411949872970592 0.73357313871383678 1.0000000180025095e-35 0.14160401374101642 0.99494948983192455 0.72835320234298717 0.10102041065692903 0.57949233055114757 0.061553031206130988 0.94151845574378978 0.99494948983192455 0.62192192673683178 0.50641131401062023 0.27922078967094427 0.86425063014030468
decision_type=2 2 2 2 2 2 2 2 2 2 2 2 2 2 2 2 2 2 2 2 2 2 2 2 2 2 2 2 2 2
left_child=3 2 20 4 10 18 7 -7 -5 17 11 14 13 -12 -1 -14 -13 -10 19 -4 21 23 -23 -2 -8 26 27 -3 29 -28
right_child=1 25 5 8 -6 6 24 -9 9 -11 12 16 15 -15 -16 -17 -18 -19 -20 -21 -22 22 -24 -25 -26 -27 28 -29 -30 -31
leaf_value=-0.069939789197872179 -0.080235116601783063 0.73169675867465667 0.011467797884771437 0.095611058388105671 0.083071579956568359 -0.02967549167975982 -0.01580417122746797 0.043995366810728756 -0.011696280755531441 0.083621378247446754 0.073723558915812074 -0.0020842406952062747 -0.002931433072572973 0.011747216336445441 0.0048082591456869083 0.017664048464646295 -0.026105345050551825 -0.18166441717876619 -0.16787077703711603 -0.04565620185143332 0.035920036709595746 -0.068134149527865548 1.4606421122880295 0.25080589795756075 0.082374870722078206 0.07412338122741971 -0.042389573809343731 0.078432849079431918 0.036884325379738375 -1.2827467567254076
leaf_weight=151.22531557938782 0.51976292759354636 0.2909258415165813 34.518808732842444 32.357329462261987 23.088607722776942 46.318471200458589 236.19323211663868 157.30917007121025 3.5811637403676304 9.5771167692873842 45.962662938807625 1303.0918934905785 2670.8979714390007 94.409796882420778 23.642466447068728 298.35677238466451 136.28473789046984 5.1216805488656973 2.8557902321626889 89.121489114389988 118.29017096548341 1.8621515267004722 0.051807347685098537 3.2652963384462055 4.170903943013399 57.162310719286324 4.3338064866256891 8.2103065901901555 30.968867095158203 0.11732448753900815
leaf_count=515639 955 6 1390 1200 668 1403 15207 5789 108 495 5509 142549 121568 1198 6478 11442 2859 161 108 4817 1882 764 2 179 789 21246 959 1295 6615 33
internal_value=-0.000192494 0.0111639 0.00429046 -0.00207567 -0.00271342 -0.00349772 0.0048584 0.0272377 0.0577096 -0.00937976 -0.0031327 -0.0103681 0.000623294 0.0320404 -0.0598337 -0.000861957 -0.00435863 -0.111724 -0.0328271 -0.0297079 0.0401248 0.127399 -0.026753 0.205347 -0.0141005 0.0583869 0.0379062 0.100789 0.0228137 -0.0750833
internal_weight=5593.16 795.561 694.477 4797.6 4746.96 570.488 443.992 203.628 50.6373 18.28 4723.87 1614.24 3109.63 140.372 174.868 2969.25 1439.38 8.70284 126.496 123.64 123.989 5.69902 1.91396 3.78506 240.364 101.084 43.9212 8.50123 35.42 4.45113
internal_count=873313 63439 33285 809874 807910 29503 23188 7192 1964 764 807242 667525 139717 6707 522117 133010 145408 269 6315 6207 3782 1900 766 1134 15996 30154 8908 1301 7607 992
is_linear=0
shrinkage=0.08


Tree=86
num_leaves=31
num_cat=0
split_feature=8 6 4 0 5 6 6 6 7 5 11 2 4 2 0 2 2 1 6 2 6 10 0 7 14 10 4 15 8 10
split_gain=17.6877 16.2225 52.0771 34.8715 199.602 47.9947 33.015 23.934 25.0133 22.4412 21.1224 18.3874 69.6598 42.6889 45.9747 39.0521 20.2198 19.2574 15.5669 56.0722 14.8567 11.4962 11.4285 11.3981 22.5128 16.4917 9.27346 8.98897 8.94783 7.16345
threshold=0.97229894995689403 0.12632978707551959 0.64583334326744091 0.69614070653915416 0.29198718070983892 0.58411949872970592 0.17274536192417148 0.15450928360223773 1.0000000180025095e-35 0.22276159375905993 0.73214286565780651 0.12422839552164079 0.10555555671453477 0.67006802558898937 0.79277813434600841 0.82009246945381176 0.15831244736909869 0.33508773148059851 0.26365442574024206 0.85127449035644542 0.045983087271451957 0.13840996474027636 0.13423423469066623 0.71471861004829418 0.56768208742141735 0.45643940567970281 0.61250001192092907 0.15443053841590884 0.48157843947410589 0.71008405089378368
decision_type=2 2 2 2 2 2 2 2 2 2 2 2 2 2 2 2 2 2 2 2 2 2 2 2 2 2 2 2 2 2
left_child=1 11 3 4 5 -3 -6 9 -9 -5 18 20 15 17 -15 16 -13 -14 19 -4 22 -20 27 24 -22 -25 29 -1 -24 -2
right_child=26 2 10 7 6 -7 -8 8 -10 -11 -12 12 13 14 -16 -17 -18 -19 21 -21 23 -23 28 25 -26 -27 -28 -29 -30 -31
leaf_value=-0.072130333454200515 0.086202409022464774 -0.019822815348803396 -0.07230006697820672 0.34713309393900998 -0.028950323539463692 0.018364158776040918 0.11905971867016206 -0.010904779461123405 -0.042217984901993612 0.0041940982416892019 0.07693349765642736 -0.0020646352660490595 0.15177171896224045 -0.059026589092708387 0.0051798707053817795 0.074537586184742724 -0.059436775546470158 0.035041871383905521 0.0095191598692003342 0.010328269320658803 0.1298186113376732 0.036653126161013433 0.30865921990920325 0.0075240031304312366 0.011767478828047439 0.047698572095511732 0.067253024857391014 0.00059879355154727695 0.051271975132988395 0.012678052751331445
leaf_weight=11.67562084388919 8.8384111431660113 1049.5298221167468 61.231669057000545 1.2332605000556203 10.773387519002425 263.53190246006125 92.099719591147732 263.26441975031048 429.82678106857929 125.05693640463869 30.586319616064429 49.890777727065142 9.4743259714887227 75.982480089194723 1176.8564077294868 18.142320965591352 185.45799760072259 199.66134116348985 251.87058252475981 371.21614600195608 19.375367566870409 165.66145114769461 1.2615183127636544 181.9663621825166 22.167444963357411 102.0799913094379 24.82262969261501 158.82663065829547 2.7460974959831219 209.64019038691185
leaf_count=503 400 398842 3199 114 2143 47844 5678 3941 94990 11355 7800 1843 1519 16493 78326 942 75587 63308 13235 12607 4852 2442 31 1513 344 1547 8414 4099 53 9349
internal_value=-0.000177292 -0.00113993 -0.00486109 -0.0113524 -0.00375132 -0.0121587 0.103559 -0.0244876 -0.0303239 0.007543 0.0116172 0.00409336 0.000158367 0.00687113 0.00128586 -0.0385566 -0.0472747 0.04033 0.00926678 -0.00137134 0.0175914 0.0202849 -0.00124282 0.0276862 0.066826 0.0219619 0.0209169 -0.00438154 0.132292 0.0156524
internal_weight=5574.75 5331.45 3115.88 2235.32 1415.93 1313.06 102.873 819.381 693.091 126.29 880.566 2215.56 1715.47 1461.97 1252.84 253.491 235.349 209.136 849.98 432.448 500.099 417.532 174.51 325.589 41.5428 284.046 243.301 170.502 4.00762 218.479
internal_count=873313 855150 604190 564907 454507 446686 7821 110400 98931 11469 39283 250960 238018 159646 94819 78372 77430 64827 31483 15806 12942 15677 4686 8256 5196 3060 18163 4602 84 9749
is_linear=0
shrinkage=0.08


Tree=87
num_leaves=31
num_cat=0
split_feature=16 10 14 9 4 7 4 7 11 15 1 4 10 10 7 15 2 10 15 7 2 6 11 14 11 10 2 4 6 10
split_gain=17.6248 17.0976 61.5645 26.1547 19.9265 14.4952 15.2664 13.8886 13.3754 21.3943 12.4705 15.2389 11.988 14.5958 11.2435 10.8858 26.9039 50.5095 29.6975 26.12 22.4132 22.0577 16.0929 14.816 12.3811 10.5018 25.8876 10.1971 9.99327 9.57833
threshold=1.0000000180025095e-35 0.36939570307731634 0.40068027377128607 0.59609016776084911 0.84523808956146251 0.94151845574378978 0.61250001192092907 0.71471861004829418 0.6904762089252473 0.14003355056047442 0.99494948983192455 0.73214286565780651 0.57518798112869274 0.85960590839385997 0.90206736326217662 0.70402085781097423 0.48050633072853094 0.053342817351222045 0.63494759798049938 1.0000000180025095e-35 0.27334994077682501 0.65881377458572399 0.080128207802772536 0.041841737926006324 0.11805555596947671 0.51086956262588512 0.88153818249702465 0.38750000298023229 0.48304596543312078 0.43874999880790716
decision_type=2 2 2 2 2 2 2 2 2 2 2 2 2 2 2 2 2 2 2 2 2 2 2 2 2 2 2 2 2 2
left_child=5 2 3 -2 7 15 12 8 9 -3 11 -9 -7 28 -4 16 20 19 -19 -18 22 -22 -1 24 -17 -25 -27 -12 -14 -10
right_child=1 4 14 -5 -6 6 -8 10 29 -11 27 -13 13 -15 -16 23 17 18 -20 -21 21 -23 -24 25 -26 26 -28 -29 -30 -31
leaf_value=0.12188981181190997 -0.060083324921931421 2.0131120760363213 -3.051270056285274e-05 -0.008611741827993763 0.071859174459623615 0.046246316771982023 0.071447044783204364 0.001098415942869079 -0.05389358034231153 0.11682777341222936 -0.75807107586353728 -0.036088978188640132 0.0051951387494137101 0.036949364056128656 -0.023746416842519828 0.056697077999108489 0.054269701137002267 0.089379757037637481 0.024266985104606509 -0.069481156721770451 -0.034862485639068116 0.05816988281163249 0.0086025271661984808 -0.0019315209580850615 -0.0047031957920836793 -0.054609435257186797 0.053564433235874169 0.071203680047319959 -0.039028988252374767 0.16267139290824362
leaf_weight=8.2128862303798069 195.12582359161752 0.038204447366298022 1173.2381076798338 93.437527399248211 25.785169276059605 60.974373274249956 33.41044999146834 1242.2117774966173 6.5476908172713593 11.477407699218018 0.095415056217464378 74.769564286340028 130.00289317988791 71.813483758945949 143.597933501238 49.312499200226739 15.110707485582678 79.568389966385439 102.68230908055557 39.320872685406357 146.02606608322822 18.361581188408309 351.04086711104901 1287.6217188201845 36.631804638891481 65.444697264349088 18.067734116571955 17.536183661432005 43.69213717803359 1.6330427494831381
leaf_count=477 488970 5 82102 14101 8035 1471 8980 28612 1186 652 27 2500 6612 3381 1640 812 781 20307 4064 60770 74768 2415 27984 17108 2164 2304 3138 7342 517 88
internal_value=-0.000161951 -0.00433708 -0.0099503 -0.0434167 0.00219252 0.00471227 0.020096 0.000866108 0.0675537 0.123119 -0.000118074 -0.00101284 0.0144981 0.00661315 -0.00261668 0.00235418 0.0101138 0.0324975 0.0526944 -0.0351268 -3.50403e-06 -0.0244711 0.0111924 -0.00169489 0.0305266 -0.00371457 -0.0312063 0.066716 -0.00592922 -0.0106628
internal_weight=5542.79 2985.49 1605.4 288.563 1380.09 2557.3 339.893 1354.31 19.6963 11.5156 1334.61 1316.98 306.483 245.509 1316.84 2217.4 760.324 236.682 182.251 54.4316 523.641 164.388 359.254 1457.08 85.9443 1371.13 83.5124 17.6316 173.695 8.18073
internal_count=873313 635260 586813 503071 48447 238053 20961 40412 1931 657 38481 31112 11981 10510 83742 217092 191566 85922 24371 61551 105644 77183 28461 25526 2976 22550 5442 7369 7129 1274
is_linear=0
shrinkage=0.08


Tree=88
num_leaves=31
num_cat=0
split_feature=2 6 0 1 5 0 1 15 2 6 11 5 2 0 6 6 0 5 14 14 4 8 0 8 1 6 14 2 8 6
split_gain=16.9915 19.6451 24.7973 19.0856 47.3627 119.704 57.7264 49.5435 49.2281 35.5365 32.8658 27.4953 25.3074 24.4188 32.7864 32.3103 23.0363 20.8863 15.6645 15.0328 14.437 13.7527 11.5529 11.6033 11.0345 10.5753 9.23395 8.68887 8.66958 8.12774
threshold=0.08856209367513658 0.37602458894252783 0.0745370388031006 0.19433516263961795 0.069971442222595229 0.45199692249298101 0.53144779801368724 0.54435744881629955 0.33508773148059851 0.32037734985351568 0.86607143282890331 0.10741758346557619 0.1366749703884125 0.13423423469066623 0.20638945698738101 0.2419017776846886 0.38507877290248876 1.0000000180025095e-35 0.50917509198188793 0.65722313523292553 0.30384616553783422 0.87526825070381176 0.0745370388031006 0.80814999341964733 0.16784037649631503 0.60749301314353954 0.18776709586381915 0.072948999702930464 0.92374780774116527 0.37377451360225683
decision_type=2 2 2 2 2 2 2 2 2 2 2 2 2 2 2 2 2 2 2 2 2 2 2 2 2 2 2 2 2 2
left_child=1 2 -1 9 6 11 8 19 17 13 -9 16 25 15 24 21 -6 -5 -16 -7 -10 -2 23 -14 -15 28 -13 -4 -11 -29
right_child=3 -3 27 4 5 7 -8 10 20 12 -12 26 22 14 18 -17 -18 -19 -20 -21 -22 -23 -24 -25 -26 -27 -28 29 -30 -31
leaf_value=0.040343414314728883 0.010758310234195203 -0.079320169039390626 -0.1130023245607812 -0.0041664264911891085 0.11103025118717351 -0.071879687974371692 0.16663037920636481 -0.0011441121812097777 -0.062690796070534432 -0.076579738480690301 0.026179487232888227 0.09745158576618243 0.53812542757282056 0.026492410955269267 0.062650035320876027 -0.06194641451353311 -0.060200159020684499 -0.060584995394812088 0.14801774178044155 -0.0023566548277962514 0.14389647563324498 0.048092016494218869 -0.0013622911937099689 0.036175286470102673 -0.057851738485203107 -0.017229561775823098 0.15993910338074718 -0.027511263219353887 -0.23506757952489579 0.16388793174495997
leaf_weight=42.797432156497962 558.15801750062383 33.312717296576011 7.6832688773429245 378.4158047389501 9.0752835095481732 78.990712260725559 10.197672603855606 3214.7177093898063 179.22599140336388 40.241794138346449 308.80350401978649 36.693748227320611 0.50871550846204516 90.026170290831942 41.267522559675854 36.995755663752789 11.276424498850245 47.237168300591293 20.635324207309168 26.610582066117786 2.1914249945111797 71.204970894847065 105.4451924723835 0.70072903856635094 11.15742865152424 22.254681055739638 25.760152708782698 108.8403259220504 2.3372469171881667 1.4387085622875009
leaf_count=1981 16911 5504 562 126311 3071 311822 1262 138745 128867 6433 51054 3919 43 3108 2323 3274 11113 25370 359 6067 322 2022 11285 8 1089 2231 3630 4562 16 49
internal_value=-0.00015461 -0.0234065 -0.01182 0.000692001 -0.00160983 0.00180243 -0.0221294 -0.000367643 -0.0253002 0.0106478 0.00125054 0.0969102 -0.0225036 0.0175018 0.045248 0.0107112 0.0161553 -0.0104275 0.0911074 -0.0543605 -0.0601953 0.0149822 0.00145755 0.247305 0.0171919 -0.0619208 0.123226 -0.0307452 -0.0852794 -0.0250143
internal_weight=5524.2 194.072 160.76 5330.13 4329.2 3711.93 617.268 3629.12 607.07 1000.93 3523.52 82.8056 171.488 829.445 163.086 666.359 20.3517 425.653 61.9028 105.601 181.417 629.363 106.655 1.20944 101.184 64.8337 62.4539 117.962 42.579 110.279
internal_count=873313 12658 7154 860655 811553 529421 282132 507688 280870 49102 189799 21733 20016 29086 6879 22207 14184 151681 2682 317889 129189 18933 11336 51 4197 8680 7549 5173 6449 4611
is_linear=0
shrinkage=0.08


Tree=89
num_leaves=31
num_cat=0
split_feature=16 7 2 4 2 6 5 2 11 15 10 2 6 6 14 7 4 6 15 5 10 2 5 4 14 10 9 11 11 2
split_gain=14.967 14.2516 21.6977 14.9445 40.7313 35.368 52.8561 30.0103 22.2266 20.3884 20.6421 19.4491 40.8583 17.3669 13.4244 12.52 12.6878 12.0248 11.4612 40.9296 73.552 22.8547 18.2116 17.7105 11.3002 12.0739 14.605 9.28008 8.69379 7.27918
threshold=1.0000000180025095e-35 0.98421010375022899 0.73499399423599254 0.2264957278966904 0.23132664710283282 0.3551971316337586 0.17274536192417148 0.82413583993911754 0.76388889551162731 0.65980625152587902 0.72902098298072826 0.1366749703884125 0.21807064861059192 0.14854215830564502 0.71063503623008739 0.93116611242294323 0.61250001192092907 0.83752354979515087 0.68625652790069591 0.19625350087881091 0.097167581319808974 0.27334994077682501 0.12034482508897783 0.19090909510850909 0.28415071964263922 0.85960590839385997 0.47229200601577764 0.73214286565780651 0.30384616553783422 0.71010184288024913
decision_type=2 2 2 2 2 2 2 2 2 2 2 2 2 2 2 2 2 2 2 2 2 2 2 2 2 2 2 2 2 2
left_child=15 3 28 4 11 7 -7 -6 9 14 -11 12 -2 -13 -5 17 24 18 19 21 -21 -1 -20 -24 25 26 -17 -26 29 -3
right_child=1 2 -4 8 5 6 -8 -9 -10 10 -12 13 -14 -15 -16 16 -18 -19 22 20 -22 -23 23 -25 27 -27 -28 -29 -30 -31
leaf_value=0.01266137591988189 0.0036438758761255059 0.067179373006051007 0.053928540189836366 -0.073246317365510308 -0.057865992080373324 -0.03326661723775147 0.067828227281360925 0.011355787621693463 0.062406155965656226 0.0013021112420713216 -0.057882882387833894 -0.037339461659615519 -0.053037742895669003 0.045917535172563133 0.019022893760379484 -0.22034388970778374 0.059954730317142498 -0.087917970391094613 0.17250551013339765 -0.023505196639810037 0.089818938416979896 -0.022888242193573449 -0.031059427163372479 0.00059805889949747666 0.066361358562114017 0.035341332479812533 -0.00070755091864694013 -0.00085017782048370076 -0.00043935038092419624 -0.15158130980773124
leaf_weight=325.24983285482449 449.56690633570543 17.821218399098147 59.743258798727766 40.926367921303608 259.70548836809758 99.718220474445843 49.544170116394525 47.399101655173581 34.6557031799166 1260.3590390531463 38.878095940803178 19.634702842406114 99.383717717850232 87.45497914752923 13.394478601519948 1.9541897132294241 40.206517419195734 9.4929180438630265 3.8343322905711821 58.986221276994911 96.819121950495173 179.67995999212144 123.51519721443765 1341.124756218167 40.171427462249994 70.106600077124313 228.8059936867794 19.544006718089804 377.33914533234201 1.0297203434165556
leaf_count=27025 17024 767 18228 155714 242891 104484 19225 2665 5809 16386 781 2841 18293 20753 2664 72 10547 1223 40 62059 9028 90986 1620 21831 780 3381 8681 780 6647 88
internal_value=-0.000152181 -0.00402131 0.00898643 -0.00639299 -0.0133018 -0.0316558 0.000289459 -0.0471822 -0.000856801 -0.00247655 -0.000468928 -0.000534044 -0.00661794 0.0306525 -0.0504945 0.00435238 0.0173282 0.00192073 0.00232127 0.0110714 0.0469156 1.09955e-05 -0.00161582 -0.00207166 0.0125752 0.00626581 -0.00256754 0.044364 0.00220941 0.0552297
internal_weight=5496.05 2956.55 455.933 2500.62 1112.41 456.367 149.262 307.105 1388.21 1353.56 1299.24 656.04 548.951 107.09 54.3208 2539.49 400.789 2138.7 2129.21 660.735 155.805 504.93 1468.47 1464.64 360.582 300.867 230.76 59.7154 396.19 18.8509
internal_count=873313 635260 25730 609530 428176 369265 123709 245556 181354 175545 17167 58911 35317 23594 158378 238053 24241 213812 212589 189098 71087 118011 23491 23451 13694 12134 8753 1560 7502 855
is_linear=0
shrinkage=0.08


Tree=90
num_leaves=31
num_cat=0
split_feature=2 6 1 5 0 1 2 15 6 11 5 2 10 0 0 6 6 6 14 14 6 0 6 2 6 6 10 0 0 6
split_gain=14.2067 17.5386 15.3165 39.0846 104.081 48.2114 43.8066 41.4546 30.039 26.3517 23.4915 21.2808 20.2832 19.7246 19.5796 23.0177 22.1591 19.5659 15.1157 14.5919 14.1969 13.0902 12.9563 12.1575 11.1901 8.72847 8.41056 7.70229 7.47686 11.6311
threshold=0.08856209367513658 0.20185185223817828 0.19433516263961795 0.069971442222595229 0.45199692249298101 0.53144779801368724 0.33508773148059851 0.54435744881629955 0.32037734985351568 0.86607143282890331 0.10741758346557619 0.14670014381408694 0.58578431606292736 0.38507877290248876 0.13423423469066623 0.20638945698738101 0.2419017776846886 0.26138716936111456 0.32087117433547979 0.65722313523292553 0.71010184288024913 0.0745370388031006 0.85857143998146068 0.08191221579909326 0.59549137949943554 0.78192934393882763 0.62731480598449718 0.085410334169864668 0.085410334169864668 0.40175439417362219
decision_type=2 2 2 2 2 2 2 2 2 2 2 2 2 2 2 2 2 2 2 2 2 2 2 2 2 2 2 2 2 2
left_child=1 21 8 5 10 6 17 19 12 -9 13 24 14 -5 16 -16 -2 -4 -14 -6 -8 -1 25 -23 -10 -13 -12 -25 29 -3
right_child=2 28 3 4 7 -7 20 9 11 -11 26 22 18 -15 15 -17 -18 -19 -20 -21 -22 23 -24 27 -26 -27 -28 -29 -30 -31
leaf_value=0.042375590396723645 0.0071271271093222722 -0.0023917883354368061 -0.041778737822667777 0.10365256315377692 -0.070903842961459337 0.15195280242884718 -0.061001545245701713 -0.0010573780784681548 -0.077152541802086472 0.023737781576604288 0.13869186240560474 0.0059514072546687658 0.046988078610713808 -0.056856255982718713 0.012975818103429433 0.086588709337859879 -0.064369543245401964 -0.0002981035589259727 -0.064725622937872623 -0.00087067305720458772 0.10767915752394716 -0.057224174048595845 0.10519657035029777 0.079735946517731096 -0.015006234749760783 -0.069641812555169796 0.075119973097493006 -0.0073355153279742596 -0.093245187033991095 -0.077664857815033031
leaf_weight=30.826529526384547 517.84407619541162 29.113849935500184 93.639698091952596 9.0351146262401034 70.65121846619877 10.211315175183698 165.88907263043802 3208.4972590448888 46.095497755828546 299.96448438461812 39.556872697765357 73.131430522436858 152.88439213251695 10.706118791902552 76.469325233512791 42.180801708323997 29.313906272218446 326.63674061500933 8.1657211710698885 26.065609100507572 3.2560002818936473 32.261341990815708 7.5552873806882408 7.5558286479790686 31.02295512551791 11.284209218632894 20.080285038799047 46.619360147800762 20.501261491255718 23.94152476004092
leaf_count=926 16171 2340 51422 3071 311822 1262 129002 138745 7291 51054 6997 8254 3337 11113 3786 2469 3213 100259 110 6067 187 1344 368 152 3065 1038 552 1314 2391 4191
internal_value=-0.000146717 -0.0215912 0.00062827 -0.00144918 0.00163336 -0.0203904 -0.0233762 -0.000361769 0.00956467 0.00106254 0.0922474 -0.0211589 0.0158475 0.016605 0.00968515 0.0391456 0.0032967 -0.0095402 0.0413239 -0.0520296 -0.0577545 -0.00238218 0.00482949 -0.0183445 -0.0521525 -0.00415347 0.117287 0.00480837 -0.0522141 -0.0363592
internal_weight=5470.96 190.82 5280.14 4284.19 3684.56 599.633 589.422 3605.18 995.948 3508.46 79.3784 169.089 826.858 19.7412 665.808 118.65 547.158 420.276 161.05 96.7168 169.145 117.263 91.9709 86.4365 77.1185 84.4156 59.6372 54.1752 73.5566 53.0554
internal_count=873313 12658 860655 811553 529421 282132 280870 507688 49102 189799 21733 20016 29086 14184 25639 6255 19384 151681 3447 317889 129189 3736 9660 2810 10356 9292 7549 1466 8922 6531
is_linear=0
shrinkage=0.08


Tree=91
num_leaves=31
num_cat=0
split_feature=1 2 11 2 9 10 14 8 9 14 9 15 10 6 15 15 9 15 7 15 10 7 6 1 15 9 2 9 6 2
split_gain=13.372 29.0807 26.0695 27.4972 14.2013 12.4869 51.4888 19.6682 18.7866 28.496 18.6952 14.3807 13.1673 11.5587 11.4572 10.7461 18.1757 9.75561 19.4114 9.00079 8.76412 7.39479 7.33702 17.3558 6.78973 5.91482 5.83052 5.78266 5.1063 4.77211
threshold=0.94185259938240062 0.94185259938240062 0.14835165441036227 0.99494948983192455 0.68438714742660534 0.20942982286214831 0.25819891691207891 0.45622551441192633 0.41103501617908483 0.6431068778038026 0.55123156309127819 0.99885582923889171 0.27429467439651495 0.44862772524356848 0.97713768482208263 0.52044934034347545 0.69647300243377697 0.88844355940818798 0.71471861004829418 0.72835320234298717 0.061553031206130988 0.82785561680793773 0.056079665198922164 0.8521554470062257 0.52356502413749706 0.25071428716182714 0.58643677830696117 0.35321478545665747 0.10762548446655275 0.9634092152118684
decision_type=2 2 2 2 2 2 2 2 2 2 2 2 2 2 2 2 2 2 2 2 2 2 2 2 2 2 2 2 2 2
left_child=1 5 3 19 17 6 10 8 9 -7 21 13 -10 -9 22 16 -8 18 -5 20 -2 -1 23 -3 -17 -4 -12 -22 -21 -25
right_child=2 14 25 4 -6 7 15 11 12 -11 26 -13 -14 -15 -16 24 -18 -19 -20 28 27 -23 -24 29 -26 -27 -28 -29 -30 -31
leaf_value=-0.074446867386900054 -0.080282019422662804 0.094715501015861486 0.20424990852565381 -0.02882345621341063 0.070390903954653597 0.12045684980443476 -0.019745481491466856 -0.003528328484904556 -0.031669948750242746 0.024247235969405211 -0.060429476664136339 0.065185236492967327 0.043333627646393341 0.0093100062072535971 -0.20688187183374251 0.16189223373913328 1.4967359956762791 -0.0024986547967726816 -0.2535044382865837 0.039545093570486349 0.33628085164163063 -0.79992417603312027 0.10448709770136821 -0.12356522706218659 -0.001204659381515744 0.054811363873940984 0.024358924872889091 0.12968022054470996 -0.048438743067448747 0.037528409169520056
leaf_weight=92.818364903032489 0.87031674217723676 10.522773730946939 1.7413821966038074 44.482969824661268 15.753544858307576 26.291684425523272 238.63396646177716 2358.018828537286 43.7463546708168 78.619502320536412 7.1264305288859786 21.108719394076616 22.780749597062822 554.33105327447993 0.95200216909870405 1.635569673104327 0.050592776387928917 354.73881982802413 2.6050746305845669 101.78460754896514 1.3231345752865311 0.090007580816744759 21.772509535687277 4.1411184588650931 1345.2849844839366 63.782431992163765 19.107838612893829 2.5153779677930288 4.4043053262867025 1.644140060059726
leaf_count=408711 1503 303 52 19525 2722 2105 198493 103072 5589 1055 10806 8478 815 24946 61 1902 1 2374 96 2026 54 1 1091 126 50117 25267 1716 213 36 57
internal_value=-0.000142935 -0.00153086 0.0111863 0.00528498 -0.004119 -0.00208899 -0.00759014 0.000931427 0.0272696 0.0483582 -0.0583102 -0.000607836 -0.00598662 -0.0010847 0.0672431 -0.00377903 -0.019424 -0.00704015 -0.0412536 0.0406953 0.148926 -0.0751497 0.0740961 0.0335217 -0.00100661 0.0587829 0.00132651 0.200895 0.0358959 -0.0777833
internal_weight=5442.68 4848.68 594.002 528.478 417.58 4809.64 1704.75 3104.9 171.438 104.911 119.143 2933.46 66.5271 2912.35 39.0325 1585.61 238.685 401.827 47.088 110.898 4.70883 92.9084 38.0805 16.308 1346.92 65.5238 26.2343 3.83851 106.189 5.78526
internal_count=873313 819445 53868 28549 24717 817807 671747 146060 9564 3160 421234 136496 6404 128018 1638 250513 198494 21995 19621 3832 1770 408712 1577 486 52019 25319 12522 267 2062 183
is_linear=0
shrinkage=0.08


Tree=92
num_leaves=31
num_cat=0
split_feature=16 4 7 7 0 5 5 1 2 10 15 0 10 1 2 14 5 14 14 2 1 5 0 1 6 2 14 6 5 15
split_gain=12.324 11.5837 38.1578 26.7507 24.8223 51.3141 35.0275 26.5749 23.2397 16.5886 16.448 14.6921 13.6188 13.3248 10.9963 10.9036 11.1942 10.7527 9.52899 9.00585 9.13553 13.128 60.3972 23.1302 12.5461 9.47458 9.23456 8.56125 7.40589 7.81919
threshold=1.0000000180025095e-35 0.2264957278966904 0.58851018548011791 0.99812734127044689 0.67068272829055797 0.29061582684516912 0.2336879447102547 0.67826876044273388 0.28718703985214239 0.78019323945045482 0.55394813418388378 0.62432795763015758 0.39009661972522741 0.89009663462638866 0.61257407069206249 1.0000000180025095e-35 0.51668518781661998 1.0000000180025095e-35 0.33447489142417913 0.054804805666208274 0.13423423469066623 0.055946791544556625 0.45199692249298101 0.53144779801368724 0.2522727251052857 0.12945119291543963 0.61027953028678905 0.18561584502458575 1.0000000180025095e-35 0.79251840710639965
decision_type=2 2 2 2 2 2 2 2 2 2 2 2 2 2 2 2 2 2 2 2 2 2 2 2 2 2 2 2 2 2
left_child=15 2 12 9 5 8 27 -8 -4 10 -3 -7 18 14 -11 16 28 -12 -2 -17 24 23 -23 -22 26 -26 -21 -6 -1 -30
right_child=1 3 4 -5 6 11 7 -9 -10 13 17 -13 -14 -15 -16 19 -18 -19 -20 20 21 22 -24 -25 25 -27 -28 -29 29 -31
leaf_value=0.033527213943419225 -0.075477452075707926 -0.06518353702897646 0.00139627160169823 0.054924838328871371 0.20560009457155784 0.10673804920451266 -0.096123054301862021 -0.017262086723247787 -0.027314913056323342 0.063832255426129456 -0.022562758994949878 0.00041810480134986275 1.0738099886960903 0.063295852978830752 -0.12434639007325825 -0.10244106890202892 0.086178819129353143 0.0035829154838925453 -0.032869646016098895 0.038444155596895548 -0.015728086473829422 0.09625973660903793 0.001821375290081983 0.16515762517036287 -0.040952850572175417 0.051342400356826884 0.0028952133809960895 0.041158764152354393 -0.060185097721050365 0.029287550287928111
leaf_weight=55.089881531777792 51.631613435871259 24.129652112678741 924.5909956942487 57.379493731597904 3.9632873915252258 35.375735170353437 47.430182067007991 64.591405714018038 224.17737356973521 2.2825014798436376 109.58751582764671 10.875628564201177 0.069322355440816774 3.9045032281428567 15.372499848715959 5.1824087028944623 18.472740070181317 1237.0910645213444 96.15236032964458 132.73504160885932 325.73458022439445 44.418061806485639 1787.5837911109993 4.5880167115392387 33.979903471306898 9.0047707396151946 72.209338502492756 4.1458620289631654 13.535775814569208 11.6154946150491
leaf_count=2232 286316 130164 30604 18668 88 1083 2586 2499 37389 45 2991 749 32 739 479 514 2651 48028 72623 3819 79534 6205 135788 163 2420 586 508 177 2368 1265
internal_value=-0.000132929 -0.00367481 -0.00869692 0.00139322 -0.00436494 -0.000880254 -0.0390294 -0.050652 -0.0042066 -0.000812816 0.000282271 0.0817378 -0.0472298 -0.0704413 -0.100018 0.00397049 0.0300313 0.00145528 -0.0477556 0.00290544 0.00313195 0.00146421 0.00411109 -0.0132157 0.0176772 -0.0216181 0.025919 0.121528 0.0171053 -0.0188644
internal_weight=5426.9 2912.75 1463 1449.75 1315.15 1195.02 120.131 112.022 1148.77 1392.37 1370.81 46.2514 147.853 21.5595 17.655 2514.15 98.7139 1346.68 147.784 2415.44 2410.25 2162.32 1832 330.323 247.929 42.9847 204.944 8.10915 80.2412 25.1513
internal_count=873313 635260 434146 201114 75175 69825 5350 5085 67993 182446 181183 1832 358971 1263 524 238053 8516 51019 358939 229537 229023 221690 141993 79697 7333 3006 4327 265 5865 3633
is_linear=0
shrinkage=0.08


Tree=93
num_leaves=31
num_cat=0
split_feature=2 6 0 2 5 0 0 5 6 15 6 11 15 5 6 10 7 2 14 6 11 6 10 2 0 6 10 14 14 7
split_gain=12.2052 14.9478 22.0995 12.6645 32.6259 85.3045 38.6458 36.1395 36.3191 32.6021 26.2795 21.321 20.9631 19.5756 23.2185 19.1151 17.7984 16.6692 15.4319 15.3409 14.4948 13.7726 10.1498 9.45724 14.0505 11.8203 8.12304 7.31702 6.94507 6.86381
threshold=0.08856209367513658 0.31643131375312811 0.0745370388031006 0.2014492750167847 0.069971442222595229 0.45199692249298101 0.56635218858718883 1.0000000180025095e-35 0.29217478632926946 0.54435744881629955 0.30839161574840551 0.86607143282890331 0.26773250102996832 0.12588027864694598 0.69789379835128795 0.72474747896194469 0.70025381445884716 0.1366749703884125 0.26106540858745581 0.73956522345542919 0.19090909510850909 0.59549137949943554 0.61721614003181469 0.08191221579909326 0.085410334169864668 0.15301003307104113 0.71008405089378368 0.18933144211769107 0.24336075037717822 0.90206736326217662
decision_type=2 2 2 2 2 2 2 2 2 2 2 2 2 2 2 2 2 2 2 2 2 2 2 2 2 2 2 2 2 2
left_child=1 2 -1 10 6 13 7 8 -5 20 15 -11 21 14 -6 16 18 -18 -2 -9 -7 -12 -14 26 27 -26 -4 -25 -24 -15
right_child=3 -3 23 4 5 9 -8 19 -10 11 12 -13 22 29 -16 -17 17 -19 -20 -21 -22 -23 28 24 25 -27 -28 -29 -30 -31
leaf_value=0.042094673914424695 -0.027226383423151687 -0.064560468247553807 -0.065849758686731305 -0.046142931854561288 -0.0092620356180924453 -0.064489195387597814 0.1460894382930038 -0.067556010200080424 0.0037641384931113267 -0.00104028669985457 -0.069371564800826707 0.021577954028555526 0.034280478130585074 0.14752922363002216 0.14873981134100869 0.050258878689359118 0.0015927012878784513 0.043093063752022188 0.06082521832112877 0.096149536362814897 0.019783264728229211 -0.0097211616488405688 -0.030759833598529313 -0.0073022207316539032 0.00513518886577876 -0.071164761534777618 0.062398636491715398 0.14256648805952887 0.086255365695190211 0.086333467202700104
leaf_weight=40.105214423703728 15.557789731363298 38.563404612141312 40.75649735397019 134.52881582964619 21.629257054082704 70.475019427962252 8.901933237211777 110.03182281991758 304.68698726539878 3196.3381203276949 56.421212600034778 291.01301063137362 49.452542849394376 23.586736420431407 8.2124119416039303 87.405519478488714 572.14357006573118 69.463103591813706 70.301590435919934 3.7897566445462862 16.034171468927525 44.162858437528485 35.812203644774854 3.3590210122929403 35.602023937171907 20.463527665764559 3.4265205953270188 5.4967513504088856 3.5697516761720172 23.335126687772572
leaf_count=1556 11152 6688 2252 88813 17852 292448 793 85907 102800 138745 9840 51054 7484 3001 273 2469 5851 794 8648 666 25463 5588 340 86 940 960 76 100 18 656
internal_value=-0.00012293 -0.0201615 -0.00868654 0.000598329 -0.00132625 0.00143598 -0.019271 -0.0219327 -0.0115221 -0.000356285 0.00867111 0.000847164 -0.0181701 0.0848778 0.03422 0.0149104 0.0106633 0.00608571 0.0448702 -0.0621053 -0.0488696 -0.0431812 0.0101491 -0.027353 -0.00792243 -0.0227138 -0.0559037 0.0857208 -0.0201531 0.117095
internal_weight=5404.63 187.773 149.21 5216.85 4212.56 3650.62 561.939 553.037 439.216 3573.86 1004.29 3487.35 189.419 76.7635 29.8417 814.872 727.466 641.607 85.8594 113.822 86.5092 100.584 88.8345 109.104 64.9213 56.0656 44.183 8.85577 39.382 46.9219
internal_count=873313 12658 5970 860655 808471 529492 278979 278186 191613 507710 52184 189799 23270 21782 18125 28914 26445 6645 19800 86573 317911 15428 7842 4414 2086 1900 2328 186 358 3657
is_linear=0
shrinkage=0.08


Tree=94
num_leaves=31
num_cat=0
split_feature=2 5 11 1 5 15 10 6 4 1 4 2 11 6 4 2 11 2 6 4 10 2 4 5 4 15 7 10 6 5
split_gain=11.3338 49.3298 31.3973 23.9365 23.9187 20.84 23.9966 46.8885 14.9446 16.2935 14.1762 13.6407 35.4887 35.1757 63.6016 36.0778 24.2434 12.4716 63.506 36.8248 8.9172 8.70801 7.59517 6.69766 5.88895 8.71628 15.4194 5.21689 5.04416 4.89737
threshold=0.90070420503616344 0.74734041094779979 0.34848485887050634 0.94570022821426403 0.82683658599853527 0.59449732303619396 0.056349206715822227 0.040408162400126464 0.53571429848670971 0.80217391252517711 0.44949495792388922 0.2674796879291535 1.0000000180025095e-35 0.40778534114360815 0.19090909510850909 0.55403152108192455 0.30384616553783422 0.94185259938240062 0.091966174542903914 0.87301588058471691 0.4463601559400559 0.92380261421203624 0.44949495792388922 0.035929432138800628 0.2264957278966904 0.9513554871082307 0.98421010375022899 0.094494048506021514 0.072299651801586165 0.80217391252517711
decision_type=2 2 2 2 2 2 2 2 2 2 2 2 2 2 2 2 2 2 2 2 2 2 2 2 2 2 2 2 2 2
left_child=3 5 8 4 11 6 -2 -8 9 -3 -7 12 23 14 -13 -15 -14 18 -10 -19 28 -11 -9 -1 25 -4 -27 -26 -12 -5
right_child=1 2 24 29 -6 10 7 22 17 21 20 13 16 15 -16 -17 -18 19 -20 -21 -22 -23 -24 -25 27 26 -28 -29 -30 -31
leaf_value=0.10451797818082512 -0.080850673793446001 0.099463607143157551 0.043735940588210211 0.063711059966929801 0.070254932245145674 0.071091351963588886 1.7224709991731055 0.17938517689145772 -0.13729180358366255 -0.078214939210347861 -0.015551924334104508 -0.033650482232070178 -0.029531550609871698 -0.0084162436507144132 -0.0030184002698028277 0.030943460520875321 0.0054408331098232347 0.035939504366278567 0.0027478284782531627 -0.014221672594969295 0.07211054401942836 -0.023158035610551259 0.63932903734241375 -0.047036180080702032 -0.058024343753821955 -0.74220982997918294 0.080343491364846559 0.076875925635092879 0.029071058839969376 0.010613447367716987
leaf_weight=25.566502819354358 0.66159735971450473 6.4298785594728534 1.2455725272884581 41.997155901772203 28.7546978966202 72.950776294863317 0.17669977154582728 0.76343673943483714 23.74567131796357 21.172788508825761 29.384966857905965 570.06017213222367 141.65254400617414 296.25811136673292 1814.9442912871236 299.94394519671914 1214.7471504583664 182.83191153722873 162.91474216993083 192.06137587242119 18.387350368953776 139.65944795012911 0.32871281506959349 2.0131947671761727 1.9211643282324065 0.29173219390213478 0.29168370831757784 40.768270188709721 36.166895995731466 15.119405385659773
leaf_count=1167 1372 73 141 4738 1094 3906 38 31 929 1017 396 277898 25251 123897 254540 28726 86139 6821 4810 15012 2151 6751 72 890 47 77 97 23171 473 1588
internal_value=-0.00012047 0.00790083 -0.000439253 -0.00180032 -0.00246919 0.0485107 0.30976 0.51343 -0.0044232 -0.0254136 0.0452961 -0.00294824 0.00361529 -0.00599526 -0.01034 0.0113853 0.00178857 0.00182891 -0.0150671 0.0102415 0.0228777 -0.030406 0.317818 0.0934552 0.0647824 -0.075788 -0.330967 0.070805 0.00906789 0.0496555
internal_weight=5383.21 932.155 773.334 4451.06 4393.94 158.82 1.93045 1.26885 728.816 167.262 156.89 4365.19 1383.98 2981.21 2385 596.202 1356.4 561.554 186.66 374.893 83.9392 160.832 1.09215 27.5797 44.5184 1.82899 0.583416 42.6894 65.5519 57.1166
internal_count=873313 67385 58946 805928 799602 8439 1513 141 35413 7841 6926 798508 113447 685061 532438 152623 111390 27572 5739 21833 3020 7768 103 2057 23533 315 174 23218 869 6326
is_linear=0
shrinkage=0.08


Tree=95
num_leaves=31
num_cat=0
split_feature=2 0 1 8 10 7 8 16 1 5 7 4 7 11 10 11 7 4 1 11 2 0 2 1 0 8 8 7 0 0
split_gain=10.882 12.0997 14.4095 10.6152 10.3258 14.8595 9.54357 10.0697 9.01886 10.3892 9.02559 8.27046 32.0265 24.3131 8.14358 7.49719 7.03871 6.60434 6.73677 6.2336 4.62437 11.3437 10.5985 5.8306 4.80118 15.7482 3.72834 2.3961 1.31967 1.26955
threshold=0.08856209367513658 0.097167581319808974 0.10367219150066377 0.2817846685647965 0.16441441327333453 0.63427746295928966 0.97229894995689403 1.0000000180025095e-35 0.13423423469066623 0.055946791544556625 0.31271257996559149 0.2264957278966904 0.60723635554313671 0.76388889551162731 0.71008405089378368 0.080128207802772536 0.9178399145603181 0.61250001192092907 0.12579113990068438 0.23611111193895343 0.054804805666208274 0.0745370388031006 0.072948999702930464 0.072948999702930464 1.0000000180025095e-35 0.51928389072418224 0.87526825070381176 0.97993290424346935 0.19560018926858905 0.27812939882278448
decision_type=2 2 2 2 2 2 2 2 2 2 2 2 2 2 2 2 2 2 2 2 2 2 2 2 2 2 2 2 2 2
left_child=15 2 3 -2 -5 -6 7 8 10 -10 -3 12 -9 -13 28 -1 -4 18 -16 -17 24 23 -23 -22 25 -21 -26 -19 -8 -30
right_child=1 6 16 4 5 -7 14 11 9 -11 -12 13 -14 -15 17 19 -18 27 -20 20 21 22 -24 -25 26 -27 -28 -29 29 -31
leaf_value=0.09501914345878229 0.30625155954555394 0.47434028948114637 -0.057463402301882772 -0.092681081690724393 0.32749465760542079 0.039329781948687074 -0.036382158752907338 -0.044499473018891664 -0.011338370685365402 0.0041027024048879623 0.019524906947723089 -0.0016860259901151848 -0.0040392953264518829 0.062438588263141435 0.051461953682893115 -0.090347448933072935 -0.59600095451894031 0.0061524123186028458 0.0030470929287468485 0.74120020683864607 0.011684069439362199 -0.1153692636273974 -0.019617019137023337 0.10298386794935682 -0.056385116823223114 -0.010476987650357818 -0.16993225631273429 0.080903376977482469 0.17229549586521387 0.076724017833311731
leaf_weight=3.6063788710162035 0.95061624143272538 0.27967002987861533 0.29061615325917856 3.6904751444089916 1.1713864287012246 51.342065092292614 0.60920185130089421 142.91812736539578 328.42156476323726 1848.4781539630203 183.7641791980277 1355.5629597099614 1010.4468937062775 38.928499719986576 20.772979372180998 8.0361679686320695 0.33364981412887573 3.5861055961577213 160.608470332867 0.19382527968264485 33.25896004767128 7.9443714354274553 107.60801332879055 5.1729289373761267 14.426722263007834 2.2386737388151232 2.1230906527489415 11.6929713821155 0.96562784351408382 11.291687931283375
leaf_count=120 7 2 39 1021 564 939 12 363720 81844 144714 5211 179584 55496 9614 787 2024 4 238 8297 150 1872 806 4963 152 2477 79 15 7525 9 1028
internal_value=-0.000109243 0.000571459 0.036976 0.0411513 0.0366675 0.0457577 0.000160502 -0.000553194 0.00321085 0.00177316 0.020216 -0.0040411 -0.00905288 0.000104071 0.016881 -0.0191949 -0.345294 0.0128469 0.00859188 -0.0214706 -0.0182705 -0.0136777 -0.0262001 0.023973 -0.0555267 0.0494178 -0.0709515 0.0633588 0.0785413 0.0842531
internal_weight=5360.72 5176.11 57.7788 57.1545 56.2039 52.5135 5118.33 4908.8 2360.94 2176.9 184.044 2547.86 1153.37 1394.49 209.527 184.609 0.624266 196.661 181.381 181.003 172.967 153.984 115.552 38.4319 18.9823 2.4325 16.5498 15.2791 12.8665 12.2573
internal_count=873313 860655 2574 2531 2524 1503 858081 840185 231771 226558 5213 608414 419216 189198 17896 12658 43 16847 9084 12538 10514 7793 5769 2024 2721 229 2492 7763 1049 1037
is_linear=0
shrinkage=0.08


Tree=96
num_leaves=31
num_cat=0
split_feature=2 0 11 4 0 5 1 11 8 7 11 4 14 8 0 1 14 10 10 10 1 2 7 8 9 0 8 8 7 11
split_gain=9.70312 10.9957 10.1793 45.045 24.0165 61.4794 42.2347 21.0259 20.4356 20.4323 23.2852 100.797 33.0367 12.1005 8.70575 10.9835 7.62225 9.25727 7.31427 6.91643 5.45105 5.13255 4.95148 4.27889 4.69342 4.07691 6.07422 7.9325 4.01873 3.97741
threshold=0.08191221579909326 0.085410334169864668 0.47222222387790685 0.43650794029235845 0.67068272829055797 0.32173123955726629 0.67826876044273388 0.81666666269302379 0.91368666291236889 0.99812734127044689 1.0000000180025095e-35 1.0000000180025095e-35 0.33905674517154699 0.53034487366676342 0.0745370388031006 0.054804805666208274 0.21225529909133914 0.21132376790046695 0.65942031145095836 0.72474747896194469 0.072948999702930464 0.15831244736909869 0.29673874378204351 0.99824562668800365 0.72427368164062511 1.0000000180025095e-35 0.51928389072418224 0.51628047227859508 0.93116611242294323 0.30384616553783422
decision_type=2 2 2 2 2 2 2 2 2 2 2 2 2 2 2 2 2 2 2 2 2 2 2 2 2 2 2 2 2 2
left_child=14 16 9 4 5 -4 -6 8 -5 10 11 -3 -12 29 15 25 18 -18 21 -16 23 -2 -9 24 -17 26 27 -1 -19 -11
right_child=1 2 3 7 6 -7 -8 22 -10 13 12 -13 -14 -15 19 20 17 28 -20 -21 -22 -23 -24 -25 -26 -27 -28 -29 -30 -31
leaf_value=0.17082282526260822 -0.11225809574660006 0.11027388433471835 0.0020577816071587012 0.030402153922007975 -0.061777193166165825 0.09344000656501468 0.0064868343552455755 -0.16274063091597565 -0.10966894146954516 0.047109372483082217 -0.028042955486298836 -0.0015967868918636422 0.0044451599341922797 0.074923630232593894 -0.055696018559687345 0.00043377090687307988 -0.089078955012586253 0.21340890940069585 0.089705004599270846 0.041845270412803448 0.097629079331731594 0.22280326651617435 0.077689641724369346 -0.094038350303386808 0.070845175117947037 -0.065291333543147215 -0.0076646976835165132 1.1425903359486183 0.082003585277053703 -0.035562434076207516
leaf_weight=0.30833050598448908 2.8781186881533345 52.618128072652325 1317.8053396896212 65.942274357526912 100.07170915856113 48.865096669018385 137.98737834609346 0.55212594382464786 7.4157165572978547 5.5913383765146145 488.93973375453061 2529.3647130530007 339.35949194331624 34.492909206892364 49.008475021539198 24.319121040098253 1.0857169166702076 3.9411489544436336 3.4472199152223766 5.1404833705164483 5.2862091127171871 0.32570468455378421 77.048289040336385 2.3402647553011766 8.0690336741972697 17.099177772652183 2.2929973444261122 0.065114058554172516 2.3944697440601885 11.155033932067454
leaf_count=157 219 7769 220861 7009 5753 2098 10934 4 1058 71 123536 398568 46419 2911 3939 2065 169 74 66 87 165 33 35975 31 117 3016 88 1 20 100
internal_value=-0.000103609 0.000399401 0.000208915 0.00517072 0.0012405 0.00532514 -0.022209 0.0469501 0.0162424 -0.00230772 -0.00306111 0.000683021 -0.0147324 0.0478351 -0.0232003 -0.00215323 0.0710204 0.126758 0.00882701 -0.0464362 0.0219473 -0.0781953 0.075979 0.0104274 0.0179757 -0.0509437 0.0410635 0.340261 0.163746 -0.00795968
internal_weight=5345.21 5231.28 5217.21 1755.69 1604.73 1366.67 238.059 150.958 73.358 3461.52 3410.28 2581.98 828.299 51.2393 113.929 59.7802 14.0724 7.42134 6.65104 54.149 40.0146 3.20382 77.6004 34.7284 32.3882 19.7656 2.66644 0.373445 6.33562 16.7464
internal_count=873313 863647 863066 283692 239646 222959 16687 44046 8067 579374 576292 406337 169955 3082 9666 5640 581 263 318 4026 2378 252 35979 2213 2182 3262 246 158 94 171
is_linear=0
shrinkage=0.08


Tree=97
num_leaves=31
num_cat=0
split_feature=6 4 4 2 4 4 4 10 4 0 4 4 0 2 4 15 2 2 0 0 6 2 11 0 1 2 6 11 2 0
split_gain=9.30601 36.56 38.7245 43.8118 40.6582 35.4852 30.897 27.1683 20.9883 138.833 58.8979 34.5959 23.6383 52.4142 46.0961 52.9181 45.1063 31.9655 23.197 20.087 18.9068 45.2325 18.4135 17.5471 57.7378 17.4511 17.6193 17.3603 17.1053 16.8088
threshold=0.12632978707551959 0.64583334326744091 0.35416667163372045 0.75582656264305126 0.44949495792388922 0.11805555596947671 0.2264957278966904 0.57518798112869274 0.64583334326744091 0.99494948983192455 0.87301588058471691 0.77500000596046459 0.78629976511001598 0.61620295047760021 0.19090909510850909 0.2568363249301911 0.75582656264305126 0.85127449035644542 0.90070420503616344 0.65648320317268383 0.58411949872970592 0.44948978722095495 0.93750000000000011 0.68614074587821972 0.41897973418235784 0.9495762586593629 0.037749288603663451 0.73214286565780651 0.2674796879291535 0.98213717341423046
decision_type=2 2 2 2 2 2 2 2 2 2 2 2 2 2 2 2 2 2 2 2 2 2 2 2 2 2 2 2 2 2
left_child=8 2 3 20 7 -5 -7 -4 12 10 25 -11 13 14 15 -1 18 -15 -14 -16 28 -22 -9 24 -6 -10 -27 -3 -2 -18
right_child=1 27 4 5 23 6 -8 22 9 11 -12 -13 16 17 19 -17 29 -19 -20 -21 21 -23 -24 -25 -26 26 -28 -29 -30 -31
leaf_value=0.012758110057151491 -0.00039049135030542104 0.0089726779978006026 -0.048814744758692283 0.093293868692579593 1.9197004470858674 -0.064037484409196321 0.043417492001142914 -0.17218802173037975 -0.11894278046360052 0.038579192717602934 0.06464659995197819 -0.0078948775963418923 0.07029585536908621 -0.051093720702250787 0.019771881949677741 -0.042347164839951511 0.016462227730497676 0.10133882431017673 -0.0050432711116786978 0.096754888959943192 0.00031205934403091801 0.094781950839724932 0.031891798530812698 -0.014875515146557392 0.11358224463256843 -0.12321224829553114 0.093478963633468623 0.074233776540883825 -0.018667304427230375 -0.015376665137219058
leaf_weight=547.45265321208717 592.16423328979727 850.37955332919228 118.21241885683412 51.843166482707602 0.11995017072331338 25.64413025691465 51.553950178749801 20.007543184794489 92.745954232756048 176.48859765860834 14.374718715451307 244.57807901913475 134.70441549710085 148.51347454629285 38.635308934783097 140.06711250116496 412.14791304175014 9.3593940793361963 32.458540350380645 49.464828678057529 280.44333257028484 36.679797456505185 3.2956311621237537 342.16427370484598 2.0366478393116267 4.4401784064320946 5.2304895871056942 26.912809152796399 733.8790772413995 142.92054304349585
leaf_count=15711 64887 31854 21385 2047 123 3122 3210 239 4465 14267 991 25351 8942 33272 25135 86611 25413 628 2332 5728 50229 4806 809 29477 587 134 178 11128 389159 11093
internal_value=-8.8407e-05 -0.00288473 -0.00826937 -0.00278403 -0.0282785 0.0421013 0.00772244 -0.0643778 0.00390844 -0.00982128 -0.0869956 0.0115846 0.0083685 -3.93823e-05 0.00851303 0.00153162 0.0192358 -0.0420569 0.055667 0.0629949 -0.00630897 0.0112388 -0.143326 -0.0134417 0.214039 -0.108279 -0.00601237 0.0109747 -0.0105055 0.00826426
internal_weight=5328.92 3135.34 2258.04 1772.21 485.836 129.041 77.1981 141.516 2193.58 537.858 116.791 421.067 1655.72 933.493 775.62 687.52 722.231 157.873 167.163 88.1001 1643.17 317.123 23.3032 344.321 2.1566 102.417 9.67067 877.292 1326.04 555.068
internal_count=873313 613062 570080 517460 52620 8379 6332 22433 260251 45386 5768 39618 214865 167085 133185 102322 47780 33900 11274 30863 509081 55035 1048 30187 710 4777 312 42982 454046 36506
is_linear=0
shrinkage=0.08


Tree=98
num_leaves=31
num_cat=0
split_feature=16 7 4 10 10 15 5 10 15 5 4 1 1 5 11 4 2 10 9 10 4 8 11 11 4 9 8 9 4 6
split_gain=9.17412 9.80974 11.9907 10.073 11.2601 9.70874 28.1596 37.6115 34.0721 25.4297 19.963 27.1747 20.336 11.2957 12.9759 42.0237 19.5108 9.66132 37.0686 25.0687 16.829 15.1119 11.6047 19.6433 10.2951 10.1992 10.0508 9.95235 9.58701 9.24597
threshold=1.0000000180025095e-35 0.94151845574378978 0.61250001192092907 0.57518798112869274 0.85960590839385997 0.70402085781097423 0.18624359369277957 0.053342817351222045 0.63494759798049938 0.25834259390830999 0.2264957278966904 0.33508773148059851 0.61257407069206249 0.15034247189760211 0.11805555596947671 0.26136364042758947 0.90070420503616344 0.30901856720447546 0.35321478545665747 0.16441441327333453 0.84523808956146251 0.5655868947505952 0.58571431040763866 0.93750000000000011 0.77500000596046459 0.30389872193336492 0.4226078093051911 0.29653523862361914 0.53571429848670971 0.69309264421463024
decision_type=2 2 2 2 2 2 2 2 2 2 2 2 2 2 2 2 2 2 2 2 2 2 2 2 2 2 2 2 2 2
left_child=1 5 3 -3 28 6 10 9 -9 -8 11 -1 -12 -7 15 -15 -16 18 22 -20 21 27 -2 25 29 -24 -25 -19 -5 -23
right_child=17 2 -4 4 -6 13 7 8 -10 -11 12 -13 -14 14 16 -17 -18 20 19 -21 -22 24 23 26 -26 -27 -28 -29 -30 -31
leaf_value=0.0055970377735417897 -0.00084169979384536304 0.042048031978924011 0.068275700987205049 -0.0042558077688783788 0.032543646505762303 0.089284163600930139 0.086921116195911405 0.098691923395061262 0.022171046898912299 -0.065278726066275702 0.063982597404500879 -0.042043371510141182 0.4254380252343985 0.056044636684221778 -0.024276026077543335 -0.0031176338588757512 0.036914347556493025 0.33854949647398708 -0.072399485524675511 -0.01937441526155002 0.070739823627308157 -0.0025225658107078603 0.062171588298332435 0.06212170822785823 -0.068459929139325262 0.38790171646615279 -0.094430898500172389 0.027880929482484901 -0.15799669672715261 0.033648392716159256
leaf_weight=409.31283559617441 965.37001524335938 57.04611247277353 26.442485460429452 161.00950370472856 65.370176577067468 8.5813752501271647 8.9528654176101536 62.625275038983091 91.875427026825491 32.639669477022835 14.358760940362115 94.279545983190474 1.0704390111932287 83.055721536511555 280.72699860553257 1026.653826802969 37.845447231375147 0.66425346175674249 69.015041603321151 329.47412548124703 22.038635086850263 1271.2756607572665 0.98423219628603087 12.642851867829448 14.743084859626832 1.6409078838114508 3.3121684004727294 101.86249606721685 2.6384156445274121 46.896963458857499
leaf_count=58323 178197 1471 8980 6543 3381 97 7027 13954 3912 48915 5077 54185 173 913 7900 8844 7772 11 292495 102596 8096 43094 18 2251 988 126 3086 3654 586 648
internal_value=-8.26581e-05 0.00348879 0.0167336 0.0119693 0.00447693 0.0015654 0.0091822 0.0350094 0.053188 -0.0325174 -0.000575649 -0.00332191 0.0890595 -0.00222542 -0.00277522 0.00131034 -0.0170068 -0.00318196 -0.00797304 -0.0285579 0.00136244 0.000297277 0.000363611 0.062988 -0.00197925 0.265777 0.0296223 0.0298937 -0.0067345 -0.0012357
internal_weight=5304.41 2464.48 312.507 286.064 229.018 2151.98 715.115 196.093 154.501 41.5925 519.022 503.592 15.4292 1436.86 1428.28 1109.71 318.572 2839.92 1382.44 398.489 1457.48 1435.44 983.95 18.5802 1332.92 2.62514 15.955 102.527 163.648 1318.17
internal_count=873313 238053 20961 11981 10510 217092 191566 73808 17866 55942 117758 112508 5250 25526 25429 9757 15672 635260 578769 395091 56491 48395 183678 5481 44730 144 5337 3665 7129 43742
is_linear=0
shrinkage=0.08


Tree=99
num_leaves=31
num_cat=0
split_feature=2 6 0 0 6 2 9 9 10 10 10 7 1 14 7 4 9 6 6 8 2 2 7 0 0 14 10 8 4 10
split_gain=9.0547 12.9029 13.9121 9.61117 13.6147 10.0163 10.5081 8.99267 10.2285 17.2579 8.4238 29.0064 24.1262 19.9822 27.9456 12.0431 10.0225 7.9771 8.38858 7.32292 11.4719 6.87407 6.67082 6.40071 5.684 5.62354 5.38013 4.73206 4.46265 4.18718
threshold=0.08856209367513658 0.37602458894252783 0.0745370388031006 0.097167581319808974 0.087595909833908095 0.094494048506021514 0.73854896426200878 0.4226078093051911 0.16441441327333453 0.17902930825948718 0.43874999880790716 0.65830647945404064 0.99494948983192455 0.19920635223388675 0.52839964628219616 0.84523808956146251 0.88581016659736644 0.37377451360225683 0.16035714000463488 0.83973684906959545 0.86706829071044933 0.08191221579909326 0.76609560847282421 0.091608393937349333 0.091608393937349333 0.03141447342932225 0.1490740776062012 0.2817846685647965 0.38750000298023229 0.32071428000926977
decision_type=2 2 2 2 2 2 2 2 2 2 2 2 2 2 2 2 2 2 2 2 2 2 2 2 2 2 2 2 2 2
left_child=1 2 26 4 5 24 -7 8 27 -10 13 -12 15 14 -5 -13 -16 18 21 22 -21 -4 -15 -20 -2 -26 -1 -6 -14 -9
right_child=3 -3 17 10 7 6 -8 29 9 -11 11 12 28 19 16 -17 -18 -19 23 20 -22 -23 -24 -25 25 -27 -28 -29 -30 -31
leaf_value=-0.086852794776363831 0.10237230902706683 -0.067397999524339877 -0.044169765193592045 -0.071884834323785118 0.19122860289788698 -0.10052375901241112 -0.61696486963822461 -0.018200068282341646 0.55063238633483402 0.13872492049379545 0.65018492872326439 0.0025110392017711385 -0.28938252047830354 0.0023128459902430239 -0.014085519124325404 0.065041651710846901 0.028845305510377894 0.1668525031993148 -0.040342807206139322 0.10664081459878656 -0.047179867648685876 0.0073510017664702651 -0.0067377823348870967 -0.12421137095649065 0.1598958132461604 -0.037931912344150935 0.038042109168680949 -0.086290600619467833 0.075270059967926004 0.05576751809078289
leaf_weight=2.3392449549864969 2.6192889301746662 28.208391082385788 25.229680586038739 52.962760449991038 0.53000758960843031 0.95770536240888648 0.34226746298372746 6.1026273078750846 0.75201036524958897 4.8456005950283725 0.4455303669674312 1642.1325654275715 0.21622782340273161 2163.6758089724608 406.10186610912933 19.951593405101448 38.065461043093819 1.3938576808723144 28.217167226823221 9.7250651187496242 4.5571022155927485 48.31072370253969 686.58506271094666 7.338447856673155 0.98294703097781244 14.277774106783907 39.167739234457258 1.5237220508643075 32.297940568707418 24.813142879866064
leaf_count=676 89 5504 1017 304134 4 61 10 1001 41 122 33 47876 51 376937 85790 6004 914 49 2082 159 245 1262 14591 763 45 396 1305 404 21347 401
internal_value=-8.22586e-05 -0.017707 -0.00848513 0.000538741 0.0329912 -0.0220913 -0.236497 0.0603845 0.138035 0.194063 0.000168138 0.00476643 0.00459675 -0.00215044 -0.0169561 0.00326165 -0.0104063 -0.0233195 -0.0257492 0.00041901 0.0575603 -0.0103243 0.000132685 -0.0576527 -0.00650288 -0.0251898 0.0310033 -0.014671 0.072845 0.0411667
internal_weight=5294.67 180.205 151.997 5114.46 57.7471 19.18 1.29997 38.5671 7.65134 5.59761 5056.72 1695.04 1694.6 3361.67 497.13 1662.08 444.167 110.49 109.096 2864.54 14.2822 73.5404 2850.26 35.5556 17.88 15.2607 41.507 2.05373 32.5142 30.9158
internal_count=873313 12658 7154 860655 2574 601 71 1973 571 163 858081 75311 75278 782770 390838 53880 86704 5173 5124 391932 404 2279 391528 2845 530 441 1981 408 21398 1402
is_linear=0
shrinkage=0.08


Tree=100
num_leaves=31
num_cat=0
split_feature=2 5 11 1 5 4 15 4 1 4 0 8 1 11 15 11 8 5 15 15 10 0 4 0 10 4 5 4 2 2
split_gain=7.84924 41.6287 23.2596 19.1244 20.3662 13.5969 12.0397 14.777 11.5715 14.8765 12.2474 11.374 10.8507 34.8304 26.4925 21.608 18.3136 13.8322 7.99262 6.95302 6.9115 6.53695 5.1012 16.5317 5.09533 4.56789 4.38641 5.81304 5.31163 4.2271
threshold=0.90070420503616344 0.74734041094779979 0.34848485887050634 0.94570022821426403 0.82683658599853527 0.44949495792388922 0.59091731905937206 0.38750000298023229 0.82891985774040233 0.53571429848670971 0.96590468287467968 0.32446582615375524 0.270728349685669 0.080128207802772536 0.4185136109590531 0.30384616553783422 0.92921337485313427 0.069971442222595229 0.99885582923889171 0.58760663866996776 0.4463601559400559 0.99494948983192455 0.2264957278966904 0.98213717341423046 0.12310606241226198 0.81666666269302379 0.80217391252517711 0.81666666269302379 0.88273492455482494 0.90521115064620983
decision_type=2 2 2 2 2 2 2 2 2 2 2 2 2 2 2 2 2 2 2 2 2 2 2 2 2 2 2 2 2 2
left_child=3 5 8 4 12 6 7 19 -3 21 -11 -9 13 -1 16 -15 -14 -16 20 -2 29 -10 23 -4 -24 -6 -5 -28 -29 -7
right_child=1 2 22 26 25 18 -8 11 9 10 -12 -13 14 15 17 -17 -18 -19 -20 -21 -22 -23 24 -25 -26 -27 27 28 -30 -31
leaf_value=0.096209739430192925 0.14723170413523035 0.085409991176644801 0.0095434045794488692 0.059732671637541847 0.087043424507692674 -0.056097022727926341 0.067419473999455609 2.484232020940599 0.0047157840145810731 -0.037713322474414675 0.0046134612599691418 0.7298658624030735 -0.061255986019141222 -0.028572025915787981 -0.020885273607003207 0.0049484279795081942 0.70317658795359383 -0.0023410275523389045 -0.25966435084345924 0.92749225620163944 0.070999588294612906 -0.034927031736069286 -0.027635855979149714 -0.78257661053466143 0.077503161761482323 0.015835999095420984 0.036130683154374545 -0.038064121460274762 -0.30486458774181163 0.019563752542651424
leaf_weight=25.353781997750048 0.69521148066269134 9.117828420159638 1.8734057326801115 39.341983642887499 19.654904718721809 5.1236410555429748 67.597726975131081 0.031178198041743599 33.632813390351657 47.899809839509544 505.1774120915652 0.097968621135805734 58.232480764017964 136.85959178755002 286.21186572845181 1222.0644850649624 0.20126762241125007 2559.509844026863 0.63436471694148977 0.081680327435606159 16.920722715323791 127.69284055581375 3.2498328913789001 0.18530095659662027 31.97647530696122 8.1589697145827831 11.352215338818494 2.8413457979040682 0.57405315287178371 60.871006829911494
leaf_count=3284 185 144 284 4738 602 225 3913 21 1193 1409 26116 59 205035 25841 92186 89571 2 382589 4 8 2150 6551 80 31 23138 492 1265 313 10 1874
internal_value=-7.84215e-05 0.00666858 -0.000968822 -0.0014877 -0.00208023 0.0448826 0.0713023 0.360992 -0.0041442 -0.00528717 0.000947708 1.1534 -0.00252279 0.00330586 -0.00530104 0.00157253 -0.058623 -0.00420614 0.0232207 0.229266 0.025385 -0.0266624 0.0606499 -0.0617541 0.0678035 0.0661553 0.0457775 0.0086 -0.0829074 0.0136897
internal_weight=5283.22 912.859 760.806 4370.36 4316.25 152.054 68.5038 0.906039 723.521 714.403 553.077 0.129147 4288.43 1384.28 2904.16 1358.92 58.4337 2845.72 83.5497 0.776892 82.9154 161.326 37.285 2.05871 35.2263 27.8139 54.1096 14.7676 3.4154 65.9946
internal_count=873313 67385 58946 805928 799602 8439 4186 273 35413 35269 27525 80 798508 118696 679812 115412 205037 474775 4253 193 4249 7744 23533 315 23218 1094 6326 1588 323 2099
is_linear=0
shrinkage=0.08


Tree=101
num_leaves=31
num_cat=0
split_feature=2 6 0 6 5 4 2 5 0 1 4 5 5 4 6 10 0 15 15 0 4 2 11 6 2 6 6 1 9 10
split_gain=8.04389 11.4363 11.8223 8.60065 21.1461 36.4601 10.6351 36.5855 99.9327 69.5949 36.3189 32.2818 27.2571 26.4007 19.0108 16.5021 16.41 14.379 11.8548 10.1825 8.48492 7.44448 7.38117 7.31447 7.21391 6.07841 7.82499 5.57689 5.32061 4.69109
threshold=0.08856209367513658 0.37602458894252783 0.0745370388031006 0.6776927411556245 0.027973395772278312 1.0000000180025095e-35 0.23132664710283282 0.19625350087881091 0.59299960732460033 0.61257407069206249 0.30384616553783422 0.27195686101913458 0.15831244736909869 0.19090909510850909 0.35355392098426824 0.81980520486831676 0.13423423469066623 0.3351352065801621 0.38357159495353704 0.26365442574024206 0.41428571939468389 0.17192118614912036 0.080128207802772536 0.68237251043319713 0.072948999702930464 0.37377451360225683 0.2314560413360596 0.46234817802906042 0.72427368164062511 0.1490740776062012
decision_type=2 2 2 2 2 2 2 2 2 2 2 2 2 2 2 2 2 2 2 2 2 2 2 2 2 2 2 2 2 2
left_child=1 2 29 6 22 27 14 9 11 10 -8 -9 -11 -10 15 16 -2 21 -17 -19 -7 -16 -5 28 -4 26 -26 -6 -24 -1
right_child=3 -3 24 4 5 20 7 8 13 12 -12 -13 -14 -15 17 18 -18 19 -20 -21 -22 -23 23 -25 25 -27 -28 -29 -30 -31
leaf_value=-0.085854204336273346 0.0027319162830105287 -0.064450298120120472 -0.10737499513623852 0.12203053588838864 0.1156084534277827 -0.079350582730340902 -0.030006078496054318 0.026270950462913768 -0.025271662048934877 0.18070081601511243 0.069362544051362274 0.11635278511291521 0.013578604933670177 0.0010083382613518726 -0.05657193185590597 0.065731138138108658 0.030252074414256609 0.041943976771326032 -0.093132604803317226 -0.045590905475317252 0.047445233968829437 -0.0068034249928176863 -0.0070101691593329732 -0.0054778022988696655 -0.0099513862756683263 0.14456589704837292 -0.071780591422575063 0.27450486659688883 0.13840128808998642 0.034650483250018786
leaf_weight=2.182794124557403 620.55489244199998 27.28578321171517 5.9802945968549457 3.209633106889668 24.775446350504357 9.25803527755488 553.54848051891167 44.027277292618237 266.6436933852965 14.603332808859706 24.585987279067922 60.373311435709184 10.913607607253651 2965.9776116456487 57.621505621908 47.916950322454795 178.57709917998727 30.021775725828775 3.2074933014810076 11.866679521852346 5.3178114828915559 28.874721393163782 2.6801073539390918 117.65413305791299 86.330650180454541 1.4690577703149745 15.443634214629126 1.4991992844952609 4.0350381545722485 39.143639620073372
leaf_count=676 21925 5504 562 104 1702 4252 416900 17346 38840 1950 10078 2809 2963 290423 9182 1645 12798 1332 15 3258 754 7827 769 13719 2991 49 1571 30 34 1305
internal_value=-7.22058e-05 -0.0167967 -0.00815993 0.000512378 0.0182885 0.0683826 -9.62467e-05 -0.00194993 0.00132856 -0.0200736 -0.0257803 0.0783639 0.109223 -0.00115938 0.00736793 0.0117006 0.00888168 -0.0213264 0.0557642 0.017146 -0.0330907 -0.0399579 0.00224844 -0.000842809 -0.0219497 -0.0170015 -0.0193336 0.124675 0.0803656 0.0282856
internal_weight=5265.58 177.836 150.55 5087.74 168.429 40.8505 4919.31 3940.67 3337.02 603.651 578.134 104.401 25.5169 3232.62 978.641 850.256 799.132 128.385 51.1244 41.8885 14.5758 86.4962 127.579 124.369 109.224 103.243 101.774 26.2746 6.71515 41.3264
internal_count=873313 12658 7154 860655 21364 6738 839291 781309 349418 431891 426978 20155 4913 329263 57982 36383 34723 21599 1660 4590 5006 17009 14626 14522 5173 4611 4562 1732 803 1981
is_linear=0
shrinkage=0.08


Tree=102
num_leaves=31
num_cat=0
split_feature=8 6 2 0 7 1 4 5 14 4 4 11 4 6 2 5 0 1 11 8 11 6 4 5 6 2 14 15 5 11
split_gain=7.8006 7.08265 22.7733 43.8621 27.6302 71.6652 16.4425 27.2883 14.4281 11.9752 10.9544 42.8836 37.8104 34.8006 32.5105 42.7897 94.9581 30.709 21.4036 19.9079 18.4017 9.77019 8.19028 9.27833 7.8544 7.35242 6.78994 19.5207 54.403 162.484
threshold=0.97229894995689403 0.59549137949943554 0.44948978722095495 0.58204832673072826 0.70025381445884716 0.53144779801368724 1.0000000180025095e-35 0.065395578742027297 0.25521059334278112 0.44949495792388922 0.2264957278966904 0.84523808956146251 0.35416667163372045 0.27823315560817724 0.2674796879291535 0.34178434312343603 0.6820855736732484 0.68703359365463268 1.0000000180025095e-35 0.8668593466281892 0.23611111193895343 0.69789379835128795 0.41428571939468389 0.24467120319604876 0.70412456989288341 0.55612829327583324 0.023952954448759559 0.99885582923889171 0.71307507157325756 0.73214286565780651
decision_type=2 2 2 2 2 2 2 2 2 2 2 2 2 2 2 2 2 2 2 2 2 2 2 2 2 2 2 2 2 2
left_child=1 10 6 4 5 -4 7 8 -3 24 14 12 13 -12 18 17 -17 -16 -1 -14 -20 -9 23 -13 -5 -11 -2 -28 29 -29
right_child=26 2 3 9 -6 -7 -8 21 -10 25 11 22 19 -15 15 16 -18 -19 20 -21 -22 -23 -24 -25 -26 -27 27 28 -30 -31
leaf_value=0.093860405238024372 0.0088153322837745528 -0.017823594572473372 0.3047749561174205 -0.074693262695057924 0.12673417023399577 2.2233145162450447 -0.088966388843366218 0.0032843303208844334 0.027663550180674751 0.0088439537217611594 0.035089170537861404 0.084804853447110709 -0.0012897467643008679 -0.020501691792576934 -0.035315472642019854 0.10092329580413641 -0.015219848722231427 0.04950423946306514 -0.046742556472646399 -0.023800390096352198 0.0038554861248719314 0.13971390754099178 0.07427268358213357 0.0059539800504185983 0.57456300977237873 0.13063540551638464 0.055214609003047886 -6.279742565054045 0.080115350374378613 0.080130179737691931
leaf_weight=16.343910695512022 177.39844416908454 128.83565749035915 1.2305186659068592 10.944073954815394 18.674724174430594 0.13864840788301069 12.2445161862488 4.5877593472614562 68.280445511860307 12.593280234628766 314.0718774934212 13.381811518120228 2009.0912399578374 93.534367824278888 524.75258475826558 55.694158351820079 235.80408754436212 28.818474770145258 48.118331374091213 287.4065002494026 1045.6278110837011 12.547360205950097 53.97575554123614 33.360390437243041 0.12056432927784122 4.2405299893944166 32.692909655859694 0.037734915153122439 0.29828045860631391 0.08067446033237502
leaf_count=1114 15222 22393 470 3288 286 25 9372 836 12650 1023 64859 538 136447 46372 402172 2680 22081 3263 9833 8309 76694 454 25167 4470 58 296 2565 10 299 67
internal_value=-6.52997e-05 -0.000696176 0.0118005 0.0618905 0.152167 0.499055 0.00119792 0.00635083 -0.00206698 -0.00296931 -0.00141667 0.00178753 -0.000121555 0.0223326 -0.00601334 -0.0178368 0.00697066 -0.0308998 0.00298739 -0.00410695 0.00162947 0.103186 0.0530431 0.0285282 -0.0676187 0.0395239 0.0150225 0.0482797 -0.495823 -1.94665
internal_weight=5244.93 5034.42 274.438 47.9423 20.0439 1.36917 226.496 214.251 197.116 27.8984 4759.98 2804.82 2704.1 407.606 1955.16 845.069 291.498 553.571 1110.09 2296.5 1093.75 17.1351 100.718 46.7422 11.0646 16.8338 210.508 33.1096 0.41669 0.118409
internal_count=873313 855150 51151 5446 781 495 45705 36333 35043 4665 803999 286162 255987 111231 517837 430196 24761 405435 87641 144756 86527 1290 30175 5008 3346 1319 18163 2941 376 77
is_linear=0
shrinkage=0.08


Tree=103
num_leaves=31
num_cat=0
split_feature=8 14 16 6 15 4 4 4 2 6 6 11 14 8 4 11 4 11 6 0 11 14 8 14 11 15 10 15 15 14
split_gain=8.81401 10.7347 8.26983 9.36944 11.5682 18.5957 12.7701 10.6279 32.7327 25.6495 17.6592 17.5636 17.5708 9.74193 8.13965 40.3162 28.0702 26.8227 16.6821 16.5049 15.6528 22.9949 13.4537 18.8499 16.376 12.9642 7.91792 7.64458 7.42977 19.8644
threshold=0.97229894995689403 0.023952954448759559 1.0000000180025095e-35 0.57259953022003185 0.46931546926498419 1.0000000180025095e-35 0.44949495792388922 0.2264957278966904 0.2014492750167847 0.33602151274681097 0.30839161574840551 0.76388889551162731 0.053262412548065192 0.9656854271888734 0.35416667163372045 1.0000000180025095e-35 0.11805555596947671 0.84523808956146251 0.46225070953369146 0.58759590983390819 0.30384616553783422 0.37221671640872961 0.75484195351600658 0.041841737926006324 0.30384616553783422 0.68625652790069591 0.30217391252517706 0.70402085781097423 0.99885582923889171 0.013245614245533945
decision_type=2 2 2 2 2 2 2 2 2 2 2 2 2 2 2 2 2 2 2 2 2 2 2 2 2 2 2 2 2 2
left_child=2 28 14 7 13 -6 -7 8 9 -4 -10 12 -9 26 15 16 27 22 -18 -19 21 -17 24 -24 -16 -22 -5 -1 -2 -30
right_child=1 -3 3 4 5 6 -8 11 10 -11 -12 -13 -14 -15 17 20 18 19 -20 -21 25 -23 23 -25 -26 -27 -28 -29 29 -31
leaf_value=0.15716198392462277 0.0039760296408097627 0.057284163257417815 0.0038098083832477344 -0.044881946558123068 0.10013578722893472 -0.060351742655462177 0.056832374855941462 -0.025672572812293983 -0.040001545185311176 -0.055577818832864542 -0.0051966870921570044 0.058319959720148272 0.00203716413960759 -0.33879419569578717 -0.0023114369172225454 -0.079464759017477973 0.036161520706681632 -1.2771342413991422 -0.050423967963068861 0.063298966161843689 0.0099978152960058207 0.00054420848074703074 0.02969679128580233 -0.029302927772629994 0.039698712267740632 -0.012650386963439675 0.014182013845216106 0.059267193564057824 0.080174363008845978 -1.5164455849225189
leaf_weight=14.804429435716886 165.96487389999675 33.91279769706307 678.65457923126087 18.369229860771156 23.049246611219132 11.685010112625607 12.129959644080371 167.65136929931396 278.28856009949232 49.971565226383973 140.35090906168625 32.21193956604111 1158.4425715710167 0.54069741815328498 867.82715306604223 37.068773587678152 173.89095376015757 0.058873098343609764 15.511321704223517 41.559102929983055 612.83028855176235 60.530084179168625 41.149771154334303 219.64519315777579 63.74760169867659 219.76006151200272 69.428767960838741 7.792369535774923 10.665193433349483 0.050105834146962347
leaf_count=2094 5998 2941 29602 32997 1055 7366 1160 24454 220102 11948 131896 9544 148734 5 54687 14689 29273 4 5452 18507 88747 5101 1295 5776 2732 5952 1727 251 9189 35
internal_value=2.42941e-05 0.0160577 -0.000648729 -0.00372973 0.0167839 0.0489119 -0.000664973 -0.00483666 -0.0105059 -0.000263189 -0.028333 -4.82257e-05 -0.00146604 -0.000260273 0.00277536 0.00764212 0.0391254 -0.00172935 0.0290705 0.0614028 0.00046678 -0.0298438 -0.00393289 -0.0199936 0.000563315 0.00401988 0.00182456 0.123404 0.00814451 0.0727084
internal_weight=5227.54 210.593 5016.95 2640.77 135.203 46.8642 23.815 2505.57 1147.27 728.626 418.639 1358.31 1326.09 88.3387 2376.18 1142.19 211.999 1233.99 189.402 41.618 930.189 97.5989 1192.37 260.795 931.575 832.59 87.798 22.5968 176.68 10.7153
internal_count=873313 18163 855150 620590 44310 9581 8526 576280 393548 41550 351998 182732 173188 34729 234560 151559 37070 83001 34725 18511 114489 19790 64490 7071 57419 94699 34724 2345 15222 9224
is_linear=0
shrinkage=0.08


Tree=104
num_leaves=31
num_cat=0
split_feature=9 1 4 10 11 6 11 2 11 4 0 1 2 1 6 4 11 4 4 6 15 11 11 0 1 2 14 4 4 15
split_gain=8.55785 19.3891 16.2502 33.6281 29.3341 27.1109 17.5786 17.3278 13.8118 13.0806 12.6526 10.8301 31.5768 24.6658 25.7593 58.0405 24.3257 23.8357 16.4671 28.024 25.4519 33.04 13.8546 9.96607 9.68573 9.40633 8.95216 8.00175 43.4014 60.6283
threshold=0.76728257536888134 0.99494948983192455 0.35416667163372045 0.51086956262588512 0.84523808956146251 0.34654632210731512 0.30384616553783422 0.14670014381408694 0.13392857462167743 0.64583334326744091 0.58759590983390819 0.69614070653915416 0.82413583993911754 0.32305502891540533 0.44862772524356848 0.19090909510850909 1.0000000180025095e-35 1.0000000180025095e-35 0.11805555596947671 0.27622890472412115 0.72835320234298717 0.47222222387790685 0.23611111193895343 0.5604878067970277 0.16784037649631503 0.9529346525669099 0.08123821392655374 0.2264957278966904 0.26136364042758947 0.34211029112339025
decision_type=2 2 2 2 2 2 2 2 2 2 2 2 2 2 2 2 2 2 2 2 2 2 2 2 2 2 2 2 2 2
left_child=11 2 3 7 5 6 -4 26 25 -7 -6 12 13 16 15 -15 23 -16 19 -13 21 -21 -18 -1 -10 -5 -2 -20 29 -29
right_child=1 -3 4 8 10 9 -8 -9 24 -11 -12 18 -14 14 17 -17 22 -19 27 20 -22 -23 -24 -25 -26 -27 -28 28 -30 -31
leaf_value=0.1049480282470409 0.055219738234698126 0.073287560566881307 -0.011568099984679106 0.049983984771694551 -0.96129781531789482 -0.0078604068191342486 -0.051753507112409829 0.059852272043621618 0.016107780669086497 0.061687822294128156 0.067958069934701354 0.0079125435551181261 0.099389669803310363 -0.055326171138044708 0.041492033568755596 -0.0036411416666063778 -0.041466489553197816 -0.013456638059393226 -0.01982393113424705 0.89070186371299132 0.10934369119405002 0.15661752186288264 0.00094628737687444027 -0.064324482190038515 -0.0059880257900802184 -0.23475730122193866 -0.047830832540512049 5.0639125300435692 0.00026145581140081693 0.06814621325687531
leaf_weight=18.895820730453128 8.009264849941248 26.585844342596829 264.98313287412748 46.271063150139526 0.07661905698478122 30.169555869186297 94.516708073089831 115.02030169253703 178.9900697087869 40.597129298374057 32.478889183199499 26.060365507510141 17.969991173056769 255.32628934142122 75.44529581671668 305.35041450721474 51.780562920259399 152.94867577110563 108.96374505601852 0.65196077358268556 10.303078519180415 0.98561697396507952 1025.8777261324831 2.523287379051907 436.84709380194545 0.75461431895382602 16.530358585529029 0.01555118687247059 1812.1198057369293 59.943419383052969
leaf_count=6523 80 17466 3392 1462 3 299 3264 2385 3100 767 16715 1536 993 232308 27372 170548 18022 54061 11374 51 155 21 170135 2404 10585 100 180 9 113780 4223
internal_value=2.69897e-05 0.00567491 0.0042542 0.0111397 -0.00768367 -0.0132237 -0.0221333 0.0468317 0.0036251 0.0320377 0.0655357 -0.00183183 -0.00615672 -0.00716123 -0.0179526 -0.027178 0.000586298 0.00469454 0.00225117 0.0544156 0.155908 0.448875 -0.00109161 0.0850068 0.000434013 0.0454148 -0.0141971 0.00125054 0.00247717 0.0694419
internal_weight=5216.99 1291.83 1265.24 802.423 462.822 430.267 359.5 139.56 662.863 70.7667 32.5555 3925.16 1906.12 1888.15 789.071 560.677 1099.08 228.394 2019.04 38.001 11.9407 1.63758 1077.66 21.4191 615.837 47.0257 24.5396 1981.04 1872.08 59.959
internal_count=873313 59798 42332 17892 24440 7722 6656 2645 15247 1066 16718 813515 682366 681373 484289 402856 197084 81433 131149 1763 227 72 188157 8927 13685 1562 260 129386 118012 4232
is_linear=0
shrinkage=0.08


Tree=105
num_leaves=31
num_cat=0
split_feature=10 15 9 1 1 1 6 0 1 8 10 14 1 9 9 4 4 8 10 1 15 10 10 0 1 6 8 15 16 9
split_gain=7.86483 13.0477 7.39818 7.53436 9.48364 6.32611 6.96714 9.60639 9.12762 9.37871 6.15309 39.3996 18.1774 17.8265 16.6203 11.8153 9.55646 7.10427 12.992 9.16434 7.07381 7.04676 6.39755 5.79158 6.79497 6.7688 6.14974 5.34981 5.35752 4.85243
threshold=0.85960590839385997 0.96515408158302318 0.85783973336219799 0.12579113990068438 0.072948999702930464 0.08856209367513658 0.20185185223817828 0.085410334169864668 0.054804805666208274 0.30813187360763555 0.19292803853750232 0.35859310626983648 0.99494948983192455 0.34299720823764807 0.58027890324592601 0.84523808956146251 0.87301588058471691 0.34674373269081121 0.12973351776599887 0.82413583993911754 0.6700209677219392 0.12310606241226198 0.25403225421905523 0.0745370388031006 0.08191221579909326 0.13100686669349673 0.34930197894573217 0.23263934254646304 1.0000000180025095e-35 0.72427368164062511
decision_type=2 2 2 2 2 2 2 2 2 2 2 2 2 2 2 2 2 2 2 2 2 2 2 2 2 2 2 2 2 2
left_child=5 2 -2 4 -4 6 23 8 -8 -10 11 14 13 20 21 -15 -16 18 -13 -19 -12 -7 -14 25 -25 29 -27 -5 -29 -1
right_child=1 -3 3 27 -6 10 7 -9 9 -11 12 17 22 15 16 -17 -18 19 -20 -21 -22 -23 -24 24 -26 26 -28 28 -30 -31
leaf_value=-0.023124324768758014 0.036679114105149298 0.079519095559032887 -0.074517786736962535 -0.21376068106445037 0.061790060388471478 -0.074206572023759548 -0.078353851788761669 -0.092537400934867869 0.45044465249532828 -0.0011265859266881351 0.058847033608182733 -9.4342085229100306e-05 0.0092486803623090374 -0.00033118262354625485 -0.0091237593742446339 0.043761510849564499 0.1255578293570678 -0.024118424824593868 0.043753831195678029 0.017468067593344377 0.0017637288116792063 -0.030906172780604133 0.063525824901239786 -0.046859666387751311 0.0024828176956311742 -0.16172540155540877 0.093362003662880777 0.018584915057973623 -0.01727432496338796 0.08366018058593333
leaf_weight=14.398044059067621 46.998304463515524 18.323973138089059 3.8685685715172466 0.80042075365781684 20.998274984303862 69.469123324364773 12.111315836831634 15.283831326451034 0.29706462624017049 32.265222395457386 47.378534952287737 1692.0177878243994 21.008202038472518 2589.9251511872571 14.454925444915718 39.48777395914658 4.3975777508458114 154.28147054161673 44.381114573559898 43.469111252561561 19.658379380067345 36.793897248295252 41.065907743934076 27.602897724020295 50.614250206068391 0.6439937123504923 9.9551472644234291 38.45794962142827 86.957101923122536 3.3588069563265881
leaf_count=480 1601 13255 57 15 885 439418 3090 2205 19 3576 2979 60616 675 145898 3914 5401 63 74579 1453 4121 359 81784 19512 1309 1393 12 335 618 3636 55
internal_value=3.08651e-06 0.0149335 0.00895887 0.000335721 0.0405845 -0.00064515 -0.0159748 -0.0377907 -0.0190606 0.00299308 -0.000115268 -0.00342425 0.00235492 0.0013696 -0.0469323 0.000330989 0.0222924 -0.000609823 0.00102639 -0.014977 0.0421075 -0.0592137 0.0451564 -0.00370132 -0.0149302 0.0272724 0.0778631 -0.00759405 -0.00627825 -0.00292544
internal_weight=5200.72 216.405 198.081 151.082 24.8668 4984.32 166.531 59.9574 44.6736 32.5623 4817.79 2059.27 2758.52 2696.45 125.116 2629.41 18.8525 1934.15 1736.4 197.751 67.0369 106.263 62.0741 106.573 78.2171 28.356 10.5991 126.215 125.415 17.7569
internal_count=873313 20067 6812 5211 942 853246 12474 8890 6685 3595 840772 665948 174824 154637 525179 151299 3977 140769 62069 78700 3338 521202 20187 3584 2702 882 347 4269 4254 535
is_linear=0
shrinkage=0.08


Tree=106
num_leaves=31
num_cat=0
split_feature=9 4 4 10 5 15 15 1 10 14 10 1 5 11 15 15 5 11 11 7 7 10 1 15 11 10 8 10 10 15
split_gain=6.92217 17.1779 18.0574 13.7621 32.148 14.8401 14.2381 14.5561 13.7466 9.55756 37.3341 19.3974 33.5593 20.2276 20.5892 19.5613 15.3648 10.0952 26.5202 23.813 16.0509 9.54601 8.35805 16.5783 15.4414 8.3057 8.29753 8.10657 8.04188 10.8854
threshold=0.76728257536888134 0.84523808956146251 0.77500000596046459 0.57518798112869274 0.59032633900642406 0.2568363249301911 0.99885582923889171 0.16784037649631503 0.46410256624221807 0.32510161399841314 0.12310606241226198 0.6569296419620515 0.29758481681346899 0.47222222387790685 0.6700209677219392 0.59091731905937206 0.23582887649536136 0.93750000000000011 0.5634920895099641 0.74443343281745922 0.77826943993568432 0.28801843523979193 0.33508773148059851 0.46719530224800115 1.0000000180025095e-35 0.42481203377246862 0.59711855649948131 0.29520697891712194 0.17902930825948718 0.79251840710639965
decision_type=2 2 2 2 2 2 2 2 2 2 2 2 2 2 2 2 2 2 2 2 2 2 2 2 2 2 2 2 2 2
left_child=9 2 3 4 5 -2 7 -5 -6 10 -1 13 21 16 -15 -14 -12 18 22 28 25 -13 24 -24 -11 -20 -22 -4 29 -19
right_child=1 -3 27 6 8 -7 -8 -9 -10 17 11 12 15 14 -16 -17 -18 19 20 -21 26 -23 23 -25 -26 -27 -28 -29 -30 -31
leaf_value=-0.066788721118912306 -0.011627899129179775 0.070454427555059887 -0.29163518756158985 0.0190747390428774 -0.036759017969125729 0.039127263100930343 0.080080278132962396 -0.0082461724249260522 0.011186787972675468 0.089577463278886105 -0.046835336658071769 0.26530275187159652 0.39781316621140689 0.0052592938087503809 -0.046498616037698962 0.0039547478863453814 -0.00055657938106943607 0.0055644891449966637 0.12820469700438378 -0.025502628300591856 0.066968571247202568 0.097530940500544519 -0.058401750331659209 -0.00015141732562848622 0.008025386500758477 0.51121246053719305 -0.012503146603523991 -0.060156147419097694 0.062908800693710062 -0.50253540963089582
leaf_weight=65.150707468837936 43.21243456855882 25.231020624079974 1.0210893868934388 156.16287593310699 78.925151693809312 251.13946080650203 13.509038286923895 621.55703264250769 74.300149835267803 15.339209630583353 152.11622766398796 2.6414023053293922 0.8087252853292729 331.39757088994156 57.762347632291494 388.589447166225 65.763759817586106 22.793245748311168 12.086851113897861 218.5139324470656 20.136424901837017 12.175452858849892 31.769814208790194 1986.2883659274521 474.9120588089354 0.37356005678884763 14.436231914325615 18.715873289533192 28.863484099892958 0.27308439183980127
leaf_count=417088 428 11633 16 3314 1868 4305 8763 25033 3047 3232 77182 547 382 82824 1505 19200 7266 9034 863 3907 349 232 61548 79140 44772 7 305 1391 4109 23
internal_value=9.47577e-07 0.00509668 0.0037864 0.00499594 0.016207 0.0316761 -0.00134587 -0.00276025 -0.0135097 -0.00167549 -0.0080904 -0.00430873 0.0092692 -0.01335 -0.00242305 0.00477274 -0.0328668 0.000768099 0.00232368 -0.0139301 0.0618409 0.12744 0.00120768 -0.00106844 0.010577 0.139687 0.0337842 -0.0721317 0.0347655 -0.000450952
internal_weight=5185.97 1283.77 1258.54 1238.81 447.577 294.352 791.229 777.72 153.225 3902.19 1076.41 1011.25 404.215 607.04 389.16 389.398 217.88 2825.79 2555.34 270.444 47.0331 14.8169 2508.31 2018.06 490.251 12.4604 34.5727 19.737 51.9298 23.0663
internal_count=873313 59798 48165 46758 9648 4733 37110 28347 4915 813515 606226 189138 20361 168777 84329 19582 84448 207289 190216 17073 1524 779 188692 140688 48004 870 654 1407 13166 9057
is_linear=0
shrinkage=0.08


Tree=107
num_leaves=31
num_cat=0
split_feature=2 0 6 0 6 10 15 1 9 14 10 10 6 15 4 6 4 4 14 7 8 10 2 7 6 15 7 15 15 0
split_gain=7.05136 8.93985 8.71113 13.1845 6.85393 6.68141 11.1663 7.98204 7.01528 6.22614 7.03062 6.47378 5.90803 15.6453 24.4862 7.60054 37.4635 20.0257 6.31045 5.61467 54.2359 5.49035 4.3913 4.177 6.07819 8.65549 8.12928 3.72072 3.17098 3.10568
threshold=0.08191221579909326 0.085410334169864668 0.37602458894252783 0.0745370388031006 0.37377451360225683 0.85960590839385997 0.96515408158302318 0.12579113990068438 0.85783973336219799 0.21225529909133914 0.21132376790046695 0.65942031145095836 0.64126753807067882 0.37577499449253088 1.0000000180025095e-35 0.12632978707551959 0.64583334326744091 0.64583334326744091 0.13363095372915271 0.51225519180297863 0.49606201052665716 0.71008405089378368 0.15831244736909869 0.93629321455955516 0.12158167362213136 0.11000982299447061 0.92444902658462536 0.24392151087522509 0.20156372338533404 1.0000000180025095e-35
decision_type=2 2 2 2 2 2 2 2 2 2 2 2 2 2 2 2 2 2 2 2 2 2 2 2 2 2 2 2 2 2
left_child=2 9 3 23 19 12 7 28 -9 11 -11 22 15 18 -15 17 -17 -3 -14 20 -5 -21 -2 24 26 -26 -1 29 -7 -4
right_child=1 5 27 4 -6 6 -8 8 -10 10 -12 -13 13 14 -16 16 -18 -19 -20 21 -22 -23 -24 -25 25 -27 -28 -29 -30 -31
leaf_value=-0.018511220521606662 -0.10882622246673743 0.0073986880305419115 0.036834272943528576 0.067760011959955235 0.12822908085221835 0.022472216043154948 0.077516069753085073 0.033987570638522702 -0.0064978014643592352 -0.089637148438305017 0.14280644509978821 0.088765290368223393 -0.033993070293169843 0.061115600308662803 -0.040164735637798862 -0.010410749668762594 0.009949225236006198 -0.010777756597287181 0.0079608088681441085 -0.058067027019438083 4.6858980073382961 0.041893876194339291 0.19923847537419062 0.061614472669232451 -0.043289845358148185 0.083327780420415595 -0.28486091484511394 0.097167572918187561 0.07837541444860667 -0.0796355321257909
leaf_weight=11.343183523567859 2.7765929735251107 1521.0581671261934 1.5807670124559141 0.53541672934443241 1.509981323906685 13.169353776145728 16.505683910421794 34.956065762875369 126.59439326170832 0.95279071487311728 6.612576000043191 3.0007655224762857 37.799788407621236 67.637743255181704 19.735088119734428 1766.4939320329213 859.99833309041423 520.73472338388819 58.388994760582136 37.356094246842986 0.016785682018962689 3.8820089027285567 0.3314895490038906 13.018115357030181 5.250419043200961 10.106001430947799 0.78407015092670995 0.87478208933316537 12.810864352853967 20.049922899801459
leaf_count=409 219 207673 223 769 49 613 13255 1171 4269 169 94 66 6741 4517 7640 524822 38792 40912 12068 1857 52 80 33 183 724 650 10 19 593 4641
internal_value=-1.06145e-06 0.000426533 -0.020392 -0.00852446 -0.0392137 0.000251821 0.0144334 0.00888115 0.00226237 0.0650243 0.113532 0.00495072 -0.000344563 0.0137336 0.0382392 -0.00089813 -0.00374424 0.002763 -0.00852602 -0.0452638 0.208141 -0.0486571 -0.0759699 0.0242853 0.00660369 0.0400367 -0.0357317 -0.0645825 0.0500381 -0.0711239
internal_weight=5175.86 5069.56 106.308 83.8021 43.3003 5055.88 204.036 187.531 161.55 13.6742 7.56537 6.10885 4851.85 183.562 87.3728 4668.29 2626.49 2041.79 96.1888 41.7903 0.552202 41.2381 3.10808 40.5018 27.4837 15.3564 12.1273 22.5055 25.9802 21.6307
internal_count=873313 863647 9666 4783 2807 863066 19901 6646 5440 581 263 318 843165 30966 12157 812199 563614 248585 18809 2758 821 1937 252 1976 1793 1374 419 4883 1206 4864
is_linear=0
shrinkage=0.08


Tree=108
num_leaves=31
num_cat=0
split_feature=2 6 15 1 8 10 9 7 10 7 1 14 7 15 7 8 2 7 11 1 6 2 15 9 9 9 4 9 9 10
split_gain=7.05177 9.12571 6.76986 9.42923 7.6375 7.66673 11.8848 7.3217 6.31262 21.9602 18.1935 12.9559 22.0996 11.8587 9.27349 6.21283 9.91027 6.30059 5.55027 4.91236 5.5388 7.84733 10.1377 4.66191 4.36312 4.23455 3.92142 3.01712 2.7115 1.4928
threshold=0.08856209367513658 0.76253134012222301 0.1724953502416611 0.10367219150066377 0.2817846685647965 0.16441441327333453 0.42436611652374273 0.99812734127044689 0.43874999880790716 0.64882761240005504 0.99494948983192455 0.19920635223388675 0.52839964628219616 0.99885582923889171 0.94555336236953746 0.83973684906959545 0.86706829071044933 0.76609560847282421 0.095454547554254546 1.0000000180025095e-35 0.20185185223817828 0.054804805666208274 0.15443053841590884 0.34299720823764807 0.39527921378612524 0.33124926686286932 0.38750000298023229 0.61128804087638866 0.58355855941772472 0.72474747896194469
decision_type=2 2 2 2 2 2 2 2 2 2 2 2 2 2 2 2 2 2 2 2 2 2 2 2 2 2 2 2 2 2
left_child=1 19 3 4 -2 18 -7 -5 11 -10 13 12 28 -11 -14 17 -17 -13 -6 27 23 29 -23 25 -25 -21 -12 -1 -4 -22
right_child=2 -3 8 7 5 6 -8 -9 9 10 26 15 14 -15 -16 16 -18 -19 -20 20 21 22 -24 24 -26 -27 -28 -29 -30 -31
leaf_value=0.32018247647999987 0.19745932761371454 -0.11754565464896652 -0.071560289169894487 -0.095374071774831773 0.21498060914487929 0.13400369155010355 0.022123752007579069 -0.59825463692102665 0.52001873416275335 0.0024007042955256326 -0.24738488170908338 0.0021256464072968088 -0.010178292983168443 0.074012550804851876 0.08393279901062424 0.10372075777168167 -0.039279085530856628 -0.0067173255917065931 -0.05933057890684533 -0.025937244314702207 -0.087359697380147316 0.0072318787928455927 -0.070955616929470972 0.047860463824709036 -0.0039944744133897196 -0.14162211027009539 0.075016861735951818 0.064829758541405616 0.15685942338574546 -0.17377623723816732
leaf_weight=0.38726984546519716 1.7843630702700455 5.4787063041912907 41.31611581911784 0.92545814552431582 0.50350582227110674 7.503358937916345 31.959116498546791 0.23168133199214935 0.52819808665662904 1607.866889021243 0.24383135780226695 2133.8645187894763 421.98756336072256 14.936980057856998 6.8091557429288505 8.9264632987906207 4.7532685601618132 679.98318005210604 7.5612349811635795 9.7699754404748074 7.79267936493852 29.338659156874201 16.628508914451231 11.822998227900824 85.367676455658511 2.55452759390755 24.727343439531978 1.2584246352198531 0.33529873086081252 1.5306321680545805
leaf_count=72 16 919 303086 253 5 364 1648 2 21 45361 51 375221 86146 8727 173 159 245 14642 2849 202 2683 3696 1539 485 2970 71 21349 14 337 7
internal_value=-2.53434e-05 -0.0159554 0.000522784 0.0296745 0.0349716 0.0288711 0.0433965 -0.19606 0.000225338 0.00426794 0.00410261 -0.00179512 -0.0140878 0.00305985 -0.00868384 0.000250158 0.0540329 -1.13108e-05 -0.0422045 -0.0126116 -0.0139849 -0.0346256 -0.0210523 -0.00356415 0.00231355 -0.0499155 0.0718688 0.12492 -0.0697215 -0.101547
internal_weight=5168.68 171.93 4996.75 50.4687 49.3116 47.5272 39.4625 1.15714 4946.28 1648.3 1647.78 3297.98 470.448 1622.8 428.797 2827.53 13.6797 2813.85 8.06474 166.451 164.806 55.2905 45.9672 109.515 97.1907 12.3245 24.9712 1.64569 41.6514 9.32331
internal_count=873313 12658 860655 5137 4882 4866 2012 255 855518 75509 75488 780009 389742 54088 86319 390267 404 389863 2854 11739 11653 7925 5235 3728 3455 273 21400 86 303423 2690
is_linear=0
shrinkage=0.08


Tree=109
num_leaves=31
num_cat=0
split_feature=2 6 10 14 10 1 8 9 14 10 1 15 15 4 10 7 2 6 10 11 8 15 7 9 14 10 8 6 0 9
split_gain=6.04581 8.29102 6.69405 30.251 20.3578 17.2376 16.0851 16.7707 22.2747 12.6281 12.2697 20.2678 11.5678 10.1973 6.36697 5.98241 9.69313 9.35341 7.42757 7.37637 6.62403 6.07876 5.83695 5.71568 5.28609 4.50286 8.69828 4.47664 5.9723 5.66332
threshold=0.08856209367513658 0.76253134012222301 0.19292803853750232 0.60081303119659435 0.080540537834167494 0.99494948983192455 0.45622551441192633 0.41103501617908483 0.6431068778038026 0.27429467439651495 0.58499062061309826 0.72835320234298717 0.99885582923889171 0.6904762089252473 0.25403225421905523 0.76609560847282421 0.71937501430511486 0.47673159837722784 0.13100686669349673 0.30384616553783422 0.22969662398099902 0.46155600249767309 0.62699216604232799 0.45176798105239874 0.26256312429904943 0.13100686669349673 0.30813187360763555 0.20185185223817828 0.085410334169864668 0.34299720823764807
decision_type=2 2 2 2 2 2 2 2 2 2 2 2 2 2 2 2 2 2 2 2 2 2 2 2 2 2 2 2 2 2
left_child=1 25 3 4 -2 6 7 8 -4 -9 24 -12 13 -8 22 19 17 -17 -18 21 -21 -5 -7 -24 -6 -1 -27 29 -29 -28
right_child=2 -3 5 15 10 14 12 9 -10 -11 11 -13 -14 -15 -16 16 18 -19 -20 20 -22 -23 23 -25 -26 26 27 28 -30 -31
leaf_value=-0.08231674420837358 -0.074223718137017822 -0.11437969698781253 0.10611997660311272 -0.03655680485516586 -0.073292377531925398 0.05505161365304332 0.0014825915568028917 -0.030244524928321827 0.023513337387076529 0.045199081193864073 0.035174475140207793 -0.040709806762263226 0.072829800189931959 -0.017805990000624085 0.063653343178714475 -0.045511056289358462 -0.11496483574479668 0.062547675441424616 0.065644787938557464 0.13169599329679341 0.020753996607335328 0.00078890295703973367 0.08360314134348476 -0.058114194525224171 -0.026729590771588152 0.17038831491967879 -0.064133570298240183 -0.01360985078687363 -0.073729788559870391 0.0039084423472269952
leaf_weight=5.5853667051269431 53.487475419715338 5.1917872715348485 28.073854175236193 28.37203053716803 23.689020615642221 9.633455926668832 2506.9380071361229 45.01124341475952 81.653500086860731 20.743363450630568 51.494349018368666 40.042099533369765 14.081893094000405 188.6111660595343 40.109517439588672 54.887033989769407 1.6809034813195456 5.6547812430653712 10.954227806534616 3.6281755882082498 67.990474462130805 1656.1521503811819 2.2795152394101015 9.0626750892261025 45.719732916433713 1.7068334235809732 8.5198781274521007 38.529708354992181 14.575615062440191 96.519786360862781
leaf_count=3123 344447 919 3450 7381 169697 141 138164 8564 1268 780 31428 535 8733 8393 24666 964 32 196 241 75 4282 21348 197 337 85336 28 137 4146 1580 2725
internal_value=-2.55134e-05 -0.0148333 0.000480831 -0.00303723 -0.0314651 0.00292128 0.00203088 0.0255034 0.0446483 -0.00644461 -0.017255 0.00197933 0.000510748 0.000132944 0.0449757 0.000295089 -0.0221167 -0.0354181 0.0416175 0.00122897 0.0263743 0.000159898 0.00926035 -0.0296323 -0.0426213 -0.0117093 -0.00924221 -0.0111809 -0.0301107 -0.00161052
internal_weight=5160.58 170.629 4989.95 2043.75 214.433 2946.2 2885.11 175.482 109.727 65.7546 160.945 91.5364 2709.63 2695.55 61.0852 1829.32 73.1769 60.5418 12.6351 1756.14 71.6187 1684.52 20.9756 11.3422 69.4088 165.437 159.852 158.145 53.1053 105.04
internal_count=873313 12658 860655 665962 631443 194693 169352 14062 4718 9344 286996 31963 155290 146557 25341 34519 1433 1160 273 33086 4357 28729 675 534 255033 11739 8616 8588 5726 2862
is_linear=0
shrinkage=0.08


Tree=110
num_leaves=31
num_cat=0
split_feature=16 14 5 4 12 4 6 4 6 10 15 5 5 7 8 14 5 5 15 10 14 4 8 7 8 15 4 8 9 7
split_gain=6.33789 8.41304 10.1667 7.73353 31.7021 24.573 12.9796 12.9483 31.0238 16.1028 12.8584 51.5551 19.04 11.8141 16.4964 12.815 8.64669 7.45184 6.93926 6.57074 33.1058 12.4667 12.7309 12.2714 10.341 8.27895 8.99716 7.94296 9.01754 7.00405
threshold=1.0000000180025095e-35 1.0000000180025095e-35 0.51668518781661998 0.35416667163372045 1.0000000180025095e-35 0.11805555596947671 0.46225070953369146 0.43650794029235845 0.18274582922458651 0.53589746356010448 0.68625652790069591 0.27334994077682501 0.11180555447936059 0.9178399145603181 0.75484195351600658 0.19371296465396884 0.4014925360679627 1.0000000180025095e-35 0.70402085781097423 0.30901856720447546 0.25681874155998236 0.84523808956146251 0.5655868947505952 0.89492085576057445 0.62236940860748302 0.99885582923889171 0.73214286565780651 0.69482603669166576 0.67276915907859813 0.90206736326217662
decision_type=2 2 2 2 2 2 2 2 2 2 2 2 2 2 2 2 2 2 2 2 2 2 2 2 2 2 2 2 2 2
left_child=1 2 17 4 5 18 -7 8 16 -10 11 -6 -12 14 -9 -15 -5 -1 -3 20 24 22 29 27 -2 26 -24 -22 -29 -21
right_child=19 3 -4 7 10 6 -8 13 9 -11 12 -13 -14 15 -16 -17 -18 -19 -20 21 23 -23 25 -25 -26 -27 -28 28 -30 -31
leaf_value=0.031438716889826045 -0.065144487573209467 0.15353392136066935 0.086429819655738205 -0.056079902827691153 0.00021760296118303611 0.032561006696819501 -0.046420426256756901 0.0031014804910908427 -0.058739590035935672 -0.19403835371774539 0.11281180655625217 0.089372917287272091 -0.019402866869981709 0.0099212580863159289 -0.02393415145335399 0.082244813755728716 0.012355904011629591 -0.02410236407969046 0.054162109325666792 0.04890219355577248 -0.0010851663015624281 0.069547388685221034 -0.00069126757649084331 -0.030161521551519788 -0.0036007809459480556 0.068463104693023011 -0.028852201948120854 0.30341689588576803 0.0021285776978719299 0.0069089095683648946
leaf_weight=51.566136938887212 76.632077229412971 13.195524281902182 15.312751104480411 13.903511356249508 616.949021257391 167.50004740065924 14.466713404231994 815.95298430597177 42.292871500481851 6.4943095024209461 7.1868844022974363 44.504864348244155 231.95330975204706 53.543882459431188 175.51212708617095 22.172929820313584 78.689343569065386 22.080063908022566 6.822915341006591 50.089857335697161 1142.4144777652691 16.860010457487078 1202.7837119930191 98.75293359044008 22.634385258359544 10.641862818971275 77.273976898635738 1.1717544609855388 1.3899284171056931 51.611468153772876
leaf_count=2232 370177 2041 2651 3210 101504 28567 5321 44300 5793 189 66 4028 6213 11116 6920 4636 5393 3633 240 3229 202348 8096 34035 1301 4852 8560 2135 54 37 436
internal_value=-2.75337e-05 0.00297708 0.0271189 0.00204783 0.00689285 0.0355369 0.0262818 -0.00237231 -0.0251226 -0.0767499 0.000468564 0.00621628 -0.0154294 0.000641652 -0.00168445 0.0311005 0.00207975 0.0147868 0.119665 -0.0026477 -0.00665186 0.00116817 0.000340195 -0.00310338 -0.0511115 -0.00180708 -0.00239127 -0.000769641 0.139943 0.0275914
internal_weight=5152.36 2400.1 88.959 2311.14 1102.58 201.985 181.967 1208.56 141.38 48.7872 900.594 661.454 239.14 1067.18 991.465 75.7168 92.5929 73.6462 20.0184 2752.26 1343 1409.26 1392.4 1243.73 99.2665 1290.7 1280.06 1144.98 2.56168 101.701
internal_count=873313 238053 8516 229537 147980 36169 33888 81557 14585 5982 111811 105532 6279 66972 51220 15752 8603 5865 2281 635260 578769 56491 48395 203740 375029 44730 36170 202439 91 3665
is_linear=0
shrinkage=0.08


Tree=111
num_leaves=31
num_cat=0
split_feature=10 4 14 16 8 9 4 10 15 1 5 14 7 8 11 15 10 9 4 8 10 8 8 8 14 1 9 11 15 15
split_gain=5.46267 20.3749 19.5229 19.3563 16.6763 15.3207 13.6537 13.6051 9.88525 9.69382 8.53608 8.17525 7.97747 12.9941 9.86789 10.1262 10.1249 9.6104 9.52169 9.10695 8.78184 9.00148 8.9428 7.89651 7.88096 7.73931 7.57895 7.11192 6.81227 6.02828
threshold=0.23669467866420749 0.84523808956146251 0.25521059334278112 1.0000000180025095e-35 0.45622551441192633 0.49902723729610449 0.77500000596046459 0.23904761672019961 0.99885582923889171 0.82891985774040233 0.93440860509872448 0.53585714101791393 0.73357313871383678 0.3940140306949616 0.30384616553783422 0.58760663866996776 0.12310606241226198 0.36253654956817633 0.26136364042758947 0.22969662398099902 0.15894736349582675 0.39034107327461248 0.31267458200454717 0.35097050666809088 0.29797463119030004 0.34178434312343603 0.40969732403755194 0.087121214717626586 0.88844355940818798 0.19588133692741397
decision_type=2 2 2 2 2 2 2 2 2 2 2 2 2 2 2 2 2 2 2 2 2 2 2 2 2 2 2 2 2 2
left_child=2 4 3 5 7 -1 8 29 27 -8 -11 23 14 20 15 25 19 -18 -17 -16 22 -22 -14 -9 -15 -4 -13 -6 -26 -2
right_child=1 -3 12 -5 6 -7 9 11 -10 10 -12 26 13 24 16 18 17 -19 -20 -21 21 -23 -24 -25 28 -27 -28 -29 -30 -31
leaf_value=-0.050551944058980586 -0.018514410572848215 0.053937004418964866 0.0035499006362286595 -0.070484760171367691 0.0078874973567711112 0.019159591450887282 0.05927163577213878 0.8516185901317368 0.06998558967858548 -0.084398353466647771 0.077382353982790003 0.041592207595777031 0.01960673421210311 0.11248119820031355 0.10948158406664481 0.018969692585917148 0.059359241422968258 0.01313582042861886 -0.0016744219471371237 -0.023804786663471772 0.022111674251446885 0.20310100314827281 -0.061084910625898756 0.087441079775354938 -0.037187855459194424 -0.045390478205460265 -0.0077151255905716686 -0.0018004017783582907 0.044424150044786379 0.28424114215929652
leaf_weight=33.466885049449047 0.5366609127086116 48.136541787418537 32.665194955457991 52.288084555388195 639.89012542722048 50.807977976481197 4.272768916096541 0.08721939082897634 13.185746628005289 24.353641487483404 2.2829688602359957 46.795777384773828 16.658059467561543 2.4229804473579852 3.5646696886979035 157.66302979434113 47.530661654276628 72.999231440691801 1536.286961754362 41.200585185561067 54.240170121425763 1.8176198790315528 18.610638947924599 11.142203690964378 129.78085700236261 56.361483304306603 34.77870445541339 2003.0099066500698 6.8935029165586448 1.951485992176458
leaf_count=84893 16 16416 20528 352915 10858 11366 125 49 10754 1024 806 717 299 62 66 8674 6611 39645 15816 47285 965 46 358 2855 3494 136049 601 99708 215 97
internal_value=-2.3569e-05 0.00233389 -0.00290559 -0.0322479 0.0014411 -0.00852397 0.000274742 0.0343296 0.000889927 -0.0525889 -0.0705325 0.02938 -0.00106638 -0.0151426 0.000598424 -0.00113512 0.0192975 0.0313639 0.000247012 -0.0131912 0.00830298 0.0279801 -0.0229728 0.0933765 -0.0305361 -0.0274335 0.0205704 0.0005452 -0.0330716 0.218941
internal_weight=5145.68 2830.42 2315.26 136.563 2782.29 84.2749 2687 95.2921 2656.09 30.9094 26.6366 92.8039 2178.7 230.424 1948.27 1782.98 165.295 120.53 1693.95 44.7653 91.3265 56.0578 35.2687 11.2294 139.097 89.0267 81.5745 2642.9 136.674 2.48815
internal_count=873313 144026 729287 449174 127610 96259 123275 4335 121320 1955 1830 4222 280113 5439 274674 181067 93607 46256 24490 47351 1668 1011 657 2904 3771 156577 1318 110566 3709 113
is_linear=0
shrinkage=0.08


Tree=112
num_leaves=31
num_cat=0
split_feature=16 14 5 5 4 11 4 11 0 1 1 8 6 11 1 1 5 5 6 1 4 4 5 14 0 1 5 1 6 1
split_gain=5.17796 7.18202 9.17406 6.51577 6.47709 26.6079 22.7043 21.1044 14.9734 26.3232 18.1845 12.0249 15.1794 13.5276 11.952 6.58213 5.72081 6.52226 5.71834 12.1896 17.0169 17.0079 11.4034 10.5867 8.38306 7.88349 38.2051 28.0283 27.8011 26.2549
threshold=1.0000000180025095e-35 1.0000000180025095e-35 0.51668518781661998 1.0000000180025095e-35 0.35416667163372045 1.0000000180025095e-35 0.11805555596947671 0.84523808956146251 0.86729559302330028 0.87226107716560375 0.76071646809577953 0.75484195351600658 0.3483316451311112 0.19090909510850909 0.84028983116149913 0.94570022821426403 0.31400561332702642 0.48683299124240881 0.52803984284400951 0.30860807001590734 1.0000000180025095e-35 0.30384616553783422 0.069971442222595229 0.63136324286460888 0.60566189885139476 0.64565756916999828 0.27823315560817724 0.21132376790046695 0.33602151274681097 0.13423423469066623
decision_type=2 2 2 2 2 2 2 2 2 2 2 2 2 2 2 2 2 2 2 2 2 2 2 2 2 2 2 2 2 2
left_child=1 2 3 -1 5 6 15 11 10 -10 -7 13 -13 -6 -8 -3 -5 -18 25 -20 22 -22 23 -21 -23 27 -27 28 29 -2
right_child=18 4 -4 16 7 8 14 -9 9 -11 -12 12 -14 -15 -16 -17 17 -19 19 20 21 24 -24 -25 -26 26 -28 -29 -30 -31
leaf_value=0.029375566768681895 -0.0008461496376015353 0.12036920397065856 0.083512113136604393 -0.061206861520529204 -0.0028272462616375053 0.00031806381357296111 0.014842319687071693 0.057778856594062789 -0.09372886792488426 0.040922361054593362 0.060418730818608317 -0.028016271092236558 0.025461523757599861 0.031542373330233915 0.070370950440751839 -0.36967719765965112 0.048937414988359386 -0.12065178637808954 -0.0055669236095895469 0.0093032001854484424 -0.093674835538252413 0.43283242975479369 0.10397669826482143 0.37350852794104505 0.022130554979877586 0.10104535777429977 -0.0010965680000388194 -0.024771282436416554 -0.061468198771871388 0.046803848933080226
leaf_weight=51.048464105686435 622.85333921865458 18.837404903904829 14.417213744200124 11.636829750121253 834.95316040175385 826.93972064776608 151.74687511914817 36.395148474723101 26.692189020490332 14.253542948950779 33.526119096262846 213.21146906015929 40.407295871176757 80.343476626614574 29.655936023606046 0.17706609886954439 8.6450846331717894 1.7442076277220611 123.83726796185147 17.194760479687833 9.9916704324386938 0.32142043932253983 25.052159145299811 0.52643574494868417 30.556066869907227 23.853996885463857 1339.21222606843 421.24236168863717 42.958853616950364 83.984462363991042
leaf_count=2232 26002 2250 2651 2238 52719 108044 33034 18682 860 1864 1043 6296 510 3350 854 31 1151 244 32608 9177 16569 639 1810 78 5246 7379 119245 400166 10773 5568
internal_value=-2.55419e-05 0.00269233 0.0251905 0.013684 0.00183915 0.00627254 0.0326378 -0.00221361 0.000410562 -0.0468557 0.00265975 -0.00408152 -0.019496 0.000189672 0.0239202 0.115806 -0.0226834 0.0204659 -0.00239946 0.0103693 0.0339637 -0.00295147 0.0692355 0.0201225 0.0264058 -0.0034449 0.000690941 -0.00825895 0.00101783 0.00481549
internal_weight=5136.22 2394.63 87.4918 73.0746 2307.14 1101.83 200.417 1205.31 901.412 40.9457 860.466 1168.92 253.619 915.297 181.403 19.0145 22.0261 10.3893 2741.59 207.48 83.6425 40.8692 42.7734 17.7212 30.8775 2534.11 1363.07 1171.04 749.797 706.838
internal_count=873313 238053 8516 5865 229537 147980 36169 81557 111811 2724 109087 62875 6806 56069 33888 2281 3633 1395 635260 66127 33519 22454 11065 9255 5885 569133 126624 442509 42343 31570
is_linear=0
shrinkage=0.08


Tree=113
num_leaves=31
num_cat=0
split_feature=9 5 4 10 6 1 7 12 0 4 4 4 4 1 6 5 0 6 5 0 0 12 12 15 4 0 5 6 5 7
split_gain=5.33422 14.5885 12.3839 25.7317 19.6664 12.2425 11.9355 11.2678 10.6156 10.3979 10.371 9.19845 8.35814 22.403 37.3674 55.1732 45.8966 34.1697 25.3426 37.2387 28.9189 21.4879 19.8726 16.2962 19.9066 26.0244 16.164 13.5194 22.9436 12.6971
threshold=0.76728257536888134 0.93440860509872448 0.35416667163372045 0.51086956262588512 0.34654632210731512 0.14389234036207202 0.99812734127044689 1.0000000180025095e-35 0.74133810400962841 0.61250001192092907 0.58571431040763866 0.84523808956146251 0.2264957278966904 0.32305502891540533 0.32200460135936743 0.28281377255916601 0.76253134012222301 0.58411949872970592 0.4252659678459168 0.72046512365341198 0.77015754580497753 1.0000000180025095e-35 1.0000000180025095e-35 0.55394813418388378 0.26136364042758947 0.67068272829055797 0.069971442222595229 0.36032786965370184 0.24106002599000934 0.61980068683624279
decision_type=2 2 2 2 2 2 2 2 2 2 2 2 2 2 2 2 2 2 2 2 2 2 2 2 2 2 2 2 2 2
left_child=12 2 3 5 6 -2 11 -5 -8 10 -6 -4 13 21 18 17 -17 -16 20 -20 -15 -1 23 -14 25 -25 -23 28 29 -24
right_child=1 -3 4 7 9 -7 8 -9 -10 -11 -12 -13 22 14 15 16 -18 -19 19 -21 -22 26 27 24 -26 -27 -28 -29 -30 -31
leaf_value=0.091200380429244721 -0.012802948876524896 0.078061778755032049 -0.019287710483626295 0.041942904207871112 0.013970957335201031 0.051806947451683856 -0.25250918966556418 0.00012185069222103466 0.06180937781598049 0.05882576149876096 -0.12891970489328677 0.053456354699680263 -0.054213610266101164 -0.058541532785858504 -0.043490544322688465 0.13844587945542577 -0.041741366304952558 0.054279734680243948 0.12293401049943013 -0.018780392606035343 0.021869691011701102 -0.0015724194863253372 0.33325296814772926 -0.050918144490167738 -0.0019195647466036521 0.056558569244278635 0.10731667826467652 -0.01959583146888727 0.021491747352048601 0.090892351748465092
leaf_weight=16.548567321715382 22.468170957290567 17.013829802162945 361.72546629447606 44.239171985769644 28.67444489360787 114.01718135079136 0.71593379275873559 606.46443642827217 17.422355326649267 39.84902129630791 3.6665057630743823 11.478001970099283 36.289872749843198 215.9527122057516 82.558401345861057 32.443776255910052 12.545597128068037 31.647030183139577 13.271633845779432 112.13959345342664 32.997548233099224 1051.3730535151735 1.4817832007211134 17.833211053115519 1854.6315411454416 75.311392992847686 8.7978992441094288 41.66993676315542 200.85263808546733 20.845587606774643
leaf_count=5922 253 14513 11567 1561 1487 2392 45 13687 8466 2634 193 3000 177193 221966 104645 2205 3473 12490 554 9439 3843 186170 1127 2705 54056 4381 1833 3171 18001 341
internal_value=-2.05336e-05 0.00448173 0.00348081 0.00958936 -0.006893 0.0411709 -0.0139704 0.00296512 0.049403 0.0314735 -0.00222861 -0.0170504 -0.00149952 -0.00589932 -0.0193039 0.013162 0.0881994 -0.0163978 -0.0331098 -0.00378348 -0.0478833 0.000743181 0.00165084 -0.00109675 -0.000107104 0.0359814 -0.000668796 0.0222338 0.0300439 0.106977
internal_weight=5126.93 1267.73 1250.72 787.189 463.532 136.485 391.342 650.704 18.1383 72.19 32.341 373.203 3859.19 1610.28 533.556 159.195 44.9894 114.205 374.361 125.411 248.95 1076.72 2248.92 1984.07 1947.78 93.1446 1060.17 264.85 223.18 22.3274
internal_count=873313 59798 45285 17893 27392 2645 23078 15248 8511 4314 1680 14567 813515 552540 358615 122813 5678 117135 235802 9993 225809 193925 260975 238335 61142 7086 188003 22640 19469 1468
is_linear=0
shrinkage=0.08


Tree=114
num_leaves=31
num_cat=0
split_feature=2 5 5 1 11 4 1 15 4 5 2 2 4 0 0 1 4 0 0 2 5 2 5 10 1 1 4 0 5 10
split_gain=5.47867 32.926 15.3509 15.6017 12.8333 11.2001 12.0265 10.1454 9.08393 13.0139 10.3389 7.68184 29.8898 28.6223 7.00695 39.7975 26.8597 48.1015 17.6475 11.9355 10.3662 6.12667 4.66934 4.65049 4.56273 5.44804 4.10453 6.19634 4.04988 3.86412
threshold=0.90070420503616344 0.74734041094779979 0.87939393520355236 0.94570022821426403 0.34848485887050634 0.53571429848670971 0.80217391252517711 0.72835320234298717 0.64583334326744091 0.68660715222358715 0.91331186890602123 0.94185259938240062 0.87301588058471691 0.96922349929809581 0.87298336625099193 0.81872946023941051 0.64583334326744091 0.96051946282386791 0.89825496077537548 0.67006802558898937 0.55217784643173229 0.92380261421203624 0.59491634368896495 0.094494048506021514 0.79805827140808117 0.87570226192474376 0.2264957278966904 0.98213717341423046 0.80217391252517711 0.056349206715822227
decision_type=2 2 2 2 2 2 2 2 2 2 2 2 2 2 2 2 2 2 2 2 2 2 2 2 2 2 2 2 2 2
left_child=2 7 3 14 5 6 -3 29 24 22 -11 13 -13 -7 15 19 18 -18 -16 -1 -17 -8 -10 -6 -9 -26 27 -25 -5 -2
right_child=1 4 -4 28 23 11 21 8 9 10 -12 12 -14 -15 16 20 17 -19 -20 -21 -22 -23 -24 26 25 -27 -28 -29 -30 -31
leaf_value=0.00038567803179159657 -0.080685919179488419 0.093952148438315369 0.069902341183555844 0.056716875481897383 -0.065809138420152125 -0.084241180426722018 -0.065180453294159404 0.092997898920109776 -0.10588749383852118 -0.17218653043943991 -0.014284949833707219 0.032820884633692142 -0.01299837432234391 0.0024951591895664765 0.0036837823852891361 0.056700479570618807 -0.044630489925601716 0.011534298820048638 -0.029496105125469893 -0.013805479145427242 0.0066036382820122939 -0.019220492259597426 0.10905168718327156 0.019185112542825084 -0.03793497783402501 0.042290621650015264 0.071468616701573465 -0.33575286322115305 0.004772212223378456 0.12943633665499163
leaf_weight=2289.4654556791211 0.59453046079943206 5.5968838235567082 19.331554593321925 36.543547250028496 1.9711970612115717 28.764095116788667 21.414882847220724 10.599167803768067 0.74335218803026037 3.9142508423537938 8.2419341578788572 176.06801810597972 188.85380112284474 158.63491741945472 139.11172031900423 96.078701428068598 115.58236007546293 626.96187570636539 390.7989712224371 454.6200385268894 36.468794842556235 139.38206817936953 4.9827297344163526 1.7671686963876738 5.7283104490488759 99.825522789149545 23.351588315839763 0.38300664885900904 13.031437590048879 9.6796137842320586
leaf_count=652803 1456 73 717 4738 48 978 1017 473 21 31 273 6821 15012 4761 11253 4453 5265 30664 29414 63334 1833 6751 154 283 104 5275 23171 31 1454 652
internal_value=-1.95795e-05 0.0056823 -0.00122335 -0.00155083 -0.00108268 -0.00313389 -0.0213288 0.0406623 0.0347896 -0.0182893 -0.0651287 0.00234757 0.00910857 -0.0108181 -0.00208389 0.000102649 -0.00702699 0.00279184 -0.0207857 -0.00196541 0.042917 -0.0253414 0.0811486 0.0525786 0.0429613 0.0379369 0.0617296 -0.0440393 0.0430625 0.117277
internal_weight=5108.49 890.497 4217.99 4198.66 746.188 718.715 166.394 144.309 134.035 17.8823 12.1562 552.321 364.922 187.399 4149.09 2876.63 1272.45 742.544 529.911 2744.09 132.547 160.797 5.72608 27.473 116.153 105.554 25.5018 2.15018 49.575 10.2741
internal_count=873313 67385 805928 805211 58946 35413 7841 8439 6331 479 304 27572 21833 5739 799019 722423 76596 35929 40667 716137 6286 7768 175 23533 5852 5379 23485 314 6192 2108
is_linear=0
shrinkage=0.08


Tree=115
num_leaves=31
num_cat=0
split_feature=2 0 6 0 6 0 6 14 7 9 6 2 0 0 4 5 7 1 4 5 5 0 6 6 4 6 6 7 15 8
split_gain=5.14894 7.58986 6.77393 7.5586 10.213 7.49176 5.83376 5.01724 5.33794 4.77006 4.61522 23.731 65.0899 23.2104 19.1542 30.1459 9.5431 9.54046 37.0422 33.0165 31.5881 14.4282 40.5192 16.271 8.17815 4.29114 4.11158 7.41101 6.76007 3.94455
threshold=0.08191221579909326 0.085410334169864668 0.76253134012222301 0.0745370388031006 0.31643131375312811 1.0000000180025095e-35 0.039230769500136382 0.21225529909133914 0.9178399145603181 0.64418154954910289 0.44862772524356848 0.55403152108192455 0.71010184288024913 0.92907443642616283 0.13392857462167743 0.1366749703884125 0.65830647945404064 0.21132376790046695 0.2264957278966904 0.24106002599000934 0.36032786965370184 0.13423423469066623 0.2419017776846886 0.084219858050346388 0.41428571939468389 0.7245689630508424 0.13100686669349673 0.93629321455955516 0.11000982299447061 0.60169798135757457
decision_type=2 2 2 2 2 2 2 2 2 2 2 2 2 2 2 2 2 2 2 2 2 2 2 2 2 2 2 2 2 2
left_child=2 7 3 4 26 -6 -5 8 29 -8 17 14 16 -14 15 -12 -13 21 20 -20 -19 22 -3 -23 -16 -7 27 -1 -28 -2
right_child=1 10 -4 6 5 25 9 -9 -10 -11 11 12 13 -15 24 -17 -18 18 19 -21 -22 23 -24 -25 -26 -27 28 -29 -30 -31
leaf_value=-0.029169808131035369 0.22938542438486054 0.0067403480203081746 -0.11464064248716688 -0.11877066382444747 0.17526238976701541 -0.087887620259294849 -0.047560766548107973 0.10292690020364507 0.082036063888912505 0.0065262447708452857 -0.0038139715000076735 0.24859143831099834 -0.083899141030041563 0.016483618159144876 -0.067514408917967575 0.073274430361279938 0.1067916748378339 -0.02975258301288786 0.051107117314539353 0.00013189921622969042 0.0050257557546386647 -0.020152557522548672 -0.064494323199076387 0.036871229886892114 0.0016152942450256161 0.068521694845870035 -0.0213081651985014 0.086902644450207497 0.08323907877020556 -0.10049504109098817
leaf_weight=13.309204786652119 0.25406959279643926 649.99645165617403 4.4135111282703283 4.8793084295175495 0.84814357174036459 10.397711781199176 26.885074727288156 7.6485570928853122 2.8502436464186758 17.055992737427005 396.51242994796485 3.2947582441265686 16.547920976874593 135.04705873662169 38.815585984877544 35.36152473112088 38.904451676295139 508.32771581523411 83.993205857648718 2554.2018334362874 249.02232430351069 40.025628571635025 55.465247723706852 160.20260325594063 15.257369404447671 1.2584811079832423 5.4729960545155345 4.786568434094078 14.3020815910495 2.6691200765781105
leaf_count=475 210 20455 813 240 70 3240 3355 263 70 266 91954 2531 5008 9667 41176 2403 971 370116 49887 225150 21714 2054 7538 10349 2093 130 459 83 535 38
internal_value=-1.24634e-05 0.000353726 -0.0176644 -0.0133496 0.00839028 -0.0542971 -0.0357818 0.0604315 0.00413433 -0.0265666 0.000191837 0.00631751 0.0299876 0.00552596 -0.00312206 0.00249797 0.117863 -0.000776226 -0.00272209 0.00175482 -0.0183172 0.00651907 0.00113969 0.0254722 -0.0480086 -0.0710006 0.0290886 0.00153287 0.0543043 -0.0718234
internal_weight=5098.01 4994.4 103.609 99.1956 50.3752 12.5043 48.8204 13.422 5.77343 43.9411 4980.98 679.741 193.794 151.595 485.947 431.874 42.1992 4301.24 3395.55 2638.2 757.35 905.69 705.462 200.228 54.073 11.6562 37.8709 18.0958 19.7751 2.92319
internal_count=873313 863647 9666 8853 4992 3440 3861 581 318 3621 863066 155803 18177 14675 137626 94357 3502 707263 666867 275037 391830 40396 27993 12403 43269 3370 1552 558 994 248
is_linear=0
shrinkage=0.08


Tree=116
num_leaves=31
num_cat=0
split_feature=8 14 10 6 11 11 2 10 1 1 14 8 8 14 11 10 4 2 7 8 4 14 2 1 2 10 1 14 8 10
split_gain=5.03148 12.1045 8.54501 7.86422 7.77656 11.1363 19.4239 6.47753 11.4012 6.10539 7.24003 5.79934 5.65815 32.11 9.07575 7.15754 8.07975 5.73668 5.65767 5.56641 7.44715 5.49682 5.74506 5.34786 5.19079 5.92913 14.7456 12.4213 17.6276 12.3121
threshold=0.95672976970672619 0.017937581054866317 0.58578431606292736 0.23582887649536136 0.93750000000000011 0.30384616553783422 0.6820855736732484 0.76696833968162548 0.82413583993911754 0.58204832673072826 0.013245614245533945 0.9656854271888734 0.92921337485313427 0.085867896676063551 0.63333335518836986 0.57518798112869274 0.77500000596046459 0.80217391252517711 0.96636754274368297 0.93498808145523082 0.13392857462167743 0.07907764241099359 0.2014492750167847 0.67826876044273388 0.08856209367513658 0.43874999880790716 0.84660634398460399 0.13168095052242282 0.88247200846672069 0.57518798112869274
decision_type=2 2 2 2 2 2 2 2 2 2 2 2 2 2 2 2 2 2 2 2 2 2 2 2 2 2 2 2 2 2
left_child=12 2 -2 -3 5 -4 -7 -5 23 11 -11 -6 24 14 15 16 -14 19 -17 20 -15 -16 -23 -9 -1 27 29 -26 -29 -27
right_child=1 3 4 7 9 6 -8 8 -10 10 -12 -13 13 17 21 18 -18 -19 -20 -21 -22 22 -24 -25 25 26 -28 28 -30 -31
leaf_value=-0.014638472121799126 0.13417405625709683 0.05890975532076715 -0.0038430918553652195 0.040496309729259383 0.13786620502538022 -0.004070470940732966 -0.16848196014017169 -0.019259040228422168 -0.2188523322896197 0.053881510610541083 -0.55474271508489037 -0.00038984515982942947 0.0085834583170932097 0.0064932587732479128 0.028549720757421376 -0.095538879396689855 -0.16446048958703016 0.073772015154527013 -0.026112145901548516 0.030607273931081879 -0.11789823303626572 -0.22828025424437567 -0.026158107968659659 0.12068047879131079 -0.017313463791864218 0.0099967944884203162 0.025610363093173473 -0.00035216343900585718 0.08580883653539019 -0.0075162815561294841
leaf_weight=153.30544864789044 2.9903443420480462 44.239384537446313 44.73507715651067 21.731771667255089 1.9718736270442594 10.298929537180813 8.3092939911293779 15.96499461625354 1.7324774035369035 19.217204607921307 0.12590937086497334 127.05150461709127 12.108584478148257 11.829376652836798 12.404155164345868 36.432847437565215 2.0141433496028176 12.505273565184323 9.4634305815561657 36.902722986094886 4.1647310520347665 1.1287271231412876 4.4415367306210101 1.962601700099184 287.82976368771779 518.43201828969177 189.39173752117495 2966.3612966576693 15.275021073583046 509.30004933392047
leaf_count=12402 33 5025 885 671 26 90 140 290 145 12094 48 2628 196 175 974 388 89 3908 232 1491 346 24 431 196 266099 8545 25859 517947 458 11478
internal_value=-1.60713e-05 0.0100281 -0.000114825 0.0354591 -0.00201162 -0.0254772 -0.0774866 0.0103952 -0.0228778 0.00800672 0.0499198 0.00172313 -0.000646721 -0.016298 -0.0509644 -0.0658987 -0.0160956 0.0250424 -0.0812237 0.0135223 -0.0258972 -0.00109673 -0.067115 -0.00393933 -0.000163019 0.000331603 0.00509809 -0.00144282 8.92422e-05 0.00131806
internal_weight=5083.62 300.331 214.7 85.6312 211.71 63.3433 18.6082 41.3918 19.6601 148.366 19.3431 129.023 4783.29 143.396 77.9934 60.019 14.1227 65.4021 45.8963 52.8968 15.9941 17.9744 5.57026 17.9276 4639.9 4486.59 1217.12 3269.47 2981.64 1027.73
internal_count=873313 22271 15944 6327 15911 1115 230 1302 631 14796 12142 2654 851042 8254 2334 905 285 5920 620 2012 521 1429 455 486 842788 830386 45882 784504 518405 20023
is_linear=0
shrinkage=0.08


Tree=117
num_leaves=31
num_cat=0
split_feature=2 5 5 1 11 1 5 2 6 15 5 8 15 5 6 0 2 2 2 0 15 10 2 1 10 5 10 5 8 10
split_gain=4.47279 28.3941 13.2858 11.9127 11.0737 9.09655 9.54804 63.1631 11.452 9.05628 8.09737 19.1425 15.028 6.82154 79.845 58.1235 37.3714 21.5288 15.4496 11.5719 6.28856 5.58287 5.86712 5.23598 4.37473 7.95951 4.22412 3.70494 3.59332 3.35793
threshold=0.90070420503616344 0.74734041094779979 0.8410526216030122 0.94570022821426403 0.34848485887050634 0.82891985774040233 0.80217391252517711 0.92718276381492626 0.16823899745941165 0.72835320234298717 0.83558556437492382 0.81916236877441417 0.93031272292137157 0.60188680887222301 0.17902930825948718 0.90521115064620983 0.85565477609634411 0.83424907922744762 0.77836257219314586 0.90070420503616344 0.99885582923889171 0.13840996474027636 0.88153818249702465 0.77015754580497753 0.065591398626565947 0.63525497913360607 0.12310606241226198 0.50423729419708263 0.43865308165550237 0.056349206715822227
decision_type=2 2 2 2 2 2 2 2 2 2 2 2 2 2 2 2 2 2 2 2 2 2 2 2 2 2 2 2 2 2
left_child=2 9 3 13 5 -3 7 -7 -8 29 24 -12 -13 16 17 -16 18 -15 -1 -18 23 22 -4 -11 25 -5 -6 -25 -26 -2
right_child=1 4 21 10 26 6 8 -9 -10 20 11 12 -14 14 15 -17 19 -19 -20 -21 -22 -23 -24 27 28 -27 -28 -29 -30 -31
leaf_value=-0.00025624191622386375 -0.080637559810411541 0.079907994129939999 0.041864361788782709 -0.1496058277312837 -0.034971740293981833 -0.13193727472285793 -0.003003713640477336 0.030318233129513452 0.05491667373368455 0.096706822256070413 0.089144602653339414 -0.31437370254933622 -1.5288740295429404 -0.023055377212350174 0.12272277917004937 0.00017769348679170255 0.057979185535366268 -0.078867930088600796 -0.022201620549317225 -0.077537992221099805 -0.20694147253320477 0.095728534777347038 -0.095194661848586562 0.095447695188199871 0.14060943406898121 0.035266610137563825 0.062849000867342852 0.026768794611330943 0.055274148067977383 0.12306171655830894
leaf_weight=3040.9083572856453 0.54820973985624633 8.3858171537685831 15.810204754972807 1.5887087067021664 3.2319419005798435 25.249809110122442 621.26020107632939 39.181997220824996 22.643557167270046 7.9572130705928421 0.48978671602526347 0.18971708416938782 0.099353838944807649 76.860445179641829 25.908911972128408 563.90335160764516 82.796691422838194 104.19408983699395 220.17581319582678 4.2391832613102443 0.69798045756760885 11.547659883857703 2.2881926162153823 5.2534228696022174 4.1696238361764726 24.102827232127311 22.451039408697397 116.66872752472409 13.017108165047828 9.3776151080674008
leaf_count=739682 1456 144 404 72 82 1151 32230 1091 797 443 50 1 55 4112 967 26615 3757 5225 18159 170 5 1027 67 393 175 789 23451 5490 4601 652
internal_value=-8.72188e-06 0.0051664 -0.00109862 -0.00147868 -0.00107482 -0.00292435 -0.00390499 -0.0332671 -0.000966882 0.0381444 0.0400911 -0.215546 -0.731798 -0.00191928 -0.00870423 0.00556078 -0.00035712 -0.0551746 -0.00173791 0.0513787 0.0325446 0.0522667 0.0245359 0.0338316 0.0447346 0.0238345 0.0505393 0.0297281 0.0759771 0.111811
internal_weight=5075.2 882.908 4192.29 4162.64 742.404 716.721 708.336 64.4318 643.904 140.503 43.6571 0.778858 0.289071 4118.99 770.867 589.812 3348.12 181.055 3261.08 87.0359 130.577 29.6461 18.0984 129.879 42.8783 25.6915 25.683 121.922 17.1867 9.92582
internal_count=873313 67385 805928 804430 58946 35413 35269 2242 33027 8439 5743 106 56 798687 36919 27582 761768 9337 757841 3927 6331 1498 471 6326 5637 861 23533 5883 4776 2108
is_linear=0
shrinkage=0.08


Tree=118
num_leaves=31
num_cat=0
split_feature=9 4 4 11 10 11 2 4 11 6 0 9 0 1 1 4 11 2 6 2 4 2 6 11 11 8 9 11 15 4
split_gain=4.40606 11.4356 10.3281 21.3444 20.968 16.0042 15.3768 14.4595 12.326 11.049 9.97864 7.56408 7.50993 28.7699 7.11328 6.61445 22.1423 19.0243 30.0032 36.3309 36.8582 26.3498 21.9343 18.3373 14.2212 13.5584 13.1199 13.2504 12.9974 11.1738
threshold=0.76728257536888134 0.84523808956146251 0.35416667163372045 0.84523808956146251 0.4463601559400559 0.30384616553783422 0.75582656264305126 0.44949495792388922 0.13392857462167743 0.41421362757682806 0.89825496077537548 0.81701099872589122 0.88047617673873912 0.73546314239501964 0.39369101822376257 0.2264957278966904 0.30384616553783422 0.27334994077682501 0.32200460135936743 0.60107529163360607 0.087121214717626586 0.85565477609634411 0.57259953022003185 1.0000000180025095e-35 1.0000000180025095e-35 0.88939857482910167 0.44783893227577215 0.63333335518836986 0.46155600249767309 0.26136364042758947
decision_type=2 2 2 2 2 2 2 2 2 2 2 2 2 2 2 2 2 2 2 2 2 2 2 2 2 2 2 2 2 2
left_child=15 2 4 5 9 6 -4 -7 -6 14 -10 -11 13 -3 -2 17 28 24 21 22 -21 23 -20 -19 -1 -18 -27 -28 -17 -30
right_child=1 12 3 -5 8 7 -8 -9 10 11 -12 -13 -14 -15 -16 16 25 18 19 20 -22 -23 -24 -25 -26 26 27 -29 29 -31
leaf_value=0.086753320560602087 -0.023572898974967345 -1.3927541375048988 0.029303119969228061 0.062548536175058192 0.040641118040446338 -0.10008709898574615 -0.01161786543430318 -0.023668437489883374 0.0032053766490766473 0.16831137357454595 -0.06367782352630337 0.064449413596424004 0.073657685221216518 0.084503474712015303 0.049195514197426952 -0.070464158746200406 0.03175541369402532 -0.0062167956483409692 -0.031267528141734745 0.11136780539547092 -0.072817131233614718 0.032089935472599966 0.030630152257924963 -0.04800605106289077 0.00035841390748348677 -1.1944874003705086 -0.094957345044740932 0.041451116365779923 0.025036455403976844 -0.0019699395490798996
leaf_weight=12.346910265812765 11.477679497271309 0.10854202741757291 78.329226890928112 27.03027611579455 56.555249045370147 18.991216553898994 235.35567873419495 95.701272821985185 641.20289863634389 7.1681716794846606 14.601451683090998 12.001041091280056 18.616238885122584 0.37892418814590201 34.25899823877262 17.174736610058972 199.54708226327057 91.42198958359586 103.34520876713214 33.99932537308996 8.7413144249148882 39.440037434735132 56.765602920066158 253.67479076773452 983.53251886345606 0.062746930954747593 10.496363351703623 8.054963630056589 103.40535574022215 1893.3226578263129
leaf_count=1301 316 15 885 20685 1860 430 3958 4279 11849 177 2822 152 11544 74 752 70763 13911 98976 132031 1542 5990 2138 24910 172270 113382 28 412 4829 31916 139116
internal_value=9.5025e-07 0.00411944 0.00316754 -0.00639913 0.00877274 -0.0107497 -0.00139962 -0.0363221 0.00480653 0.052303 0.00171623 0.103288 0.0655411 -0.244431 0.0309342 -0.00135029 0.00145511 -0.00530529 -0.0167238 0.00817003 0.0736983 -0.0298558 -0.00932236 -0.0369354 0.00142954 0.0256642 -0.0396351 -0.035729 -0.0011674 -0.000571349
internal_weight=5067.11 1251.78 1232.67 455.408 777.265 428.377 313.685 114.692 712.36 64.9059 655.804 19.1692 19.1037 0.487466 45.7367 3815.33 2232.06 1583.27 587.388 202.851 42.7406 384.537 160.111 345.097 995.879 218.161 18.6141 18.5513 2013.9 1996.73
internal_count=873313 59798 48165 30237 17928 9552 4843 4709 16531 1397 14671 329 11633 89 1068 813515 260975 552540 437857 164473 7532 273384 156941 271246 114683 19180 5269 5241 241795 171032
is_linear=0
shrinkage=0.08


Tree=119
num_leaves=31
num_cat=0
split_feature=8 14 10 6 10 10 1 16 2 1 8 14 2 6 10 5 14 1 5 2 1 2 6 0 10 1 14 7 7 5
split_gain=4.1655 10.4443 7.4923 7.13943 6.034 5.48313 8.72156 5.22149 7.41776 4.80477 4.7995 26.5999 6.89365 9.19178 7.50632 7.23479 7.09173 6.46406 5.68901 4.58417 5.07415 4.54392 5.18282 7.83331 4.81525 12.6552 11.7622 15.7941 11.199 9.89409
threshold=0.95672976970672619 0.017937581054866317 0.58578431606292736 0.23582887649536136 0.85960590839385997 0.76696833968162548 0.82413583993911754 1.0000000180025095e-35 0.17192118614912036 0.67826876044273388 0.92921337485313427 0.085867896676063551 0.76253134012222301 0.15450928360223773 0.62731480598449718 0.89323708415031444 0.083722744137048735 0.92907443642616283 0.60188680887222301 0.072948999702930464 0.12579113990068438 0.08856209367513658 0.29679679870605474 0.0745370388031006 0.43874999880790716 0.84660634398460399 0.19920635223388675 0.52839964628219616 0.73357313871383678 0.60188680887222301
decision_type=2 2 2 2 2 2 2 2 2 2 2 2 2 2 2 2 2 2 2 2 2 2 2 2 2 2 2 2 2 2
left_child=10 2 -2 -3 -4 7 9 8 -5 -7 21 12 13 16 -15 17 -12 -14 -13 -6 -21 22 23 -1 26 28 27 -23 -26 -27
right_child=1 3 4 5 19 6 -8 -9 -10 -11 11 18 15 14 -16 -17 -18 -19 -20 20 -22 24 -24 -25 25 29 -28 -29 -30 -31
leaf_value=0.026275362214155606 0.12825060129515367 0.056456121293104324 -0.022424269410035187 -0.23080181536421246 -0.087051390699831754 -0.017676185147829027 -0.18590942781927769 0.065838907387047757 0.013237027824963195 0.11963540703289946 0.042828038500111111 0.012279832385436805 -0.069159555935064315 0.030509369820981493 -0.072561746373305661 0.090506663514320559 -0.19812700244524531 -0.19975883136904288 0.075060343251139791 0.050926150345658602 0.0037381133714105633 -0.067095078312434289 -0.045421505830634409 -0.018908333353856388 0.10674281371436474 0.063885970177888218 0.00063816872477169735 -0.0091546841059270308 0.00052357115829673284 0.015350879869981366
leaf_weight=33.50305532009952 2.8687139979447229 42.032626980100758 63.893575761467218 0.91584929823875505 3.2400022502988568 16.032796470099136 1.8562698015593913 14.125249481119681 6.1499877114256378 1.8156365932663892 13.304820921854112 52.955008116841782 33.059771246422315 5.728391345706771 21.472737101430539 1.693149794882628 0.83053513802588064 2.6175590798375188 11.18976551221567 16.484988503973 126.4774423402414 32.531038472672662 27.10045719957634 91.955564618470817 6.3924633458955205 32.676485588744981 2815.8443444103395 404.59751602286269 1018.7737091835297 151.55947181150259
leaf_count=1359 33 5025 1269 5 41 290 145 429 237 196 368 2048 733 80 305 568 31 249 3872 752 13849 304521 7000 4043 307 2435 393221 86762 19716 23424
internal_value=6.74769e-06 0.00921664 -0.000162445 0.0333026 -0.00191584 0.00950554 -0.0208723 0.0377526 -0.0183944 -0.00370813 -0.000566028 -0.015008 -0.0461725 -0.023661 -0.0508556 -0.0710732 0.0286705 -0.0787413 0.0232316 0.00704679 0.00917936 -0.000118989 -0.0136954 -0.00684227 0.000345161 0.0046551 -0.0012572 -0.0134666 0.00118591 0.0239592
internal_weight=5053.68 295.893 212.965 82.9284 210.096 40.8958 19.7047 21.1911 7.06584 17.8484 4757.79 142.852 78.707 41.3365 27.2011 37.3705 14.1354 35.6773 64.1448 146.202 142.962 4614.93 152.559 125.459 4462.38 1209.4 3252.97 437.129 1025.17 184.236
internal_count=873313 22271 15944 6327 15911 1302 631 671 242 486 851042 8254 2334 784 385 1550 399 982 5920 14642 14601 842788 12402 5402 830386 45882 784504 391283 20023 25859
is_linear=0
shrinkage=0.08


Tree=120
num_leaves=31
num_cat=0
split_feature=16 15 5 10 15 1 5 6 6 5 1 5 14 8 11 9 11 14 7 5 14 6 0 10 6 2 6 1 0 10
split_gain=4.17748 7.5564 25.2637 29.3391 22.0578 17.9965 24.4923 18.6823 15.1753 15.1218 14.5083 10.2406 9.8787 15.9822 9.82138 9.46883 9.41797 19.9849 14.7688 14.3778 14.2334 9.15043 6.68501 5.90012 5.1722 9.20722 5.48615 7.63788 5.50273 5.24144
threshold=1.0000000180025095e-35 0.68625652790069591 0.19098278135061267 0.097167581319808974 0.63494759798049938 0.33508773148059851 0.080322578549385085 0.64549729228019725 0.11834733933210374 0.11180555447936059 0.6926884949207307 0.27334994077682501 0.47080136835575109 0.44854147732257849 0.080128207802772536 0.58355855941772472 0.11805555596947671 0.0372685194015503 0.95531892776489269 0.74734041094779979 0.19920635223388675 0.55646631121635448 0.93127068877220165 0.67333334684371959 0.69309264421463024 0.14670014381408694 0.85857143998146068 0.14389234036207202 0.14870093762874606 0.65942031145095836
decision_type=2 2 2 2 2 2 2 2 2 2 2 2 2 2 2 2 2 2 2 2 2 2 2 2 2 2 2 2 2 2
left_child=1 2 5 12 21 6 14 10 -8 23 -7 -6 15 -14 -1 -4 17 -11 -19 20 -18 -5 -21 -3 -2 29 28 -28 -27 -26
right_child=24 9 3 4 11 7 8 -9 -10 16 -12 -13 13 -15 -16 -17 19 18 -20 22 -22 -23 -24 -25 25 26 27 -29 -30 -31
leaf_value=0.11097604706456275 -0.0026651694506629815 0.13365311136440722 -0.075796857524702541 0.092139615157667387 -0.028878386051886189 -0.038153954811736501 0.26403858409744119 0.071541802505070709 0.059898108133117772 0.053403122044166425 1.1644369666547043 0.050047375343790022 0.0044521361478689798 0.51384814899440501 0.0046495056047418173 0.69455210168539439 -0.033993045707605647 -0.00097558228170762295 0.080979367790573339 -0.087835516674299119 -0.0016659882572093857 0.21378023146243369 0.036809284878351507 -0.040961233289461635 -0.0026332701360728874 -0.079535057937059422 0.31435112856290026 0.049285886960992224 0.036615812321712911 -0.11763691585418926
leaf_weight=5.6188155231502597 2634.1719847930144 7.278134380001573 13.585989926494218 42.524984639239847 14.658287236175964 103.19207714791992 3.5536312231888569 11.162364971674831 6.7714027249166975 46.941846130474005 0.06424354554474021 37.278778297593817 33.925939959532116 0.3988241131301028 530.49559765604499 0.10289110115263689 172.54866829351522 1077.92943181179 14.258815096516626 2.9341324515116858 176.160350902559 4.3640679446834829 44.808234981857822 1.4924068778636863 6.8914154236226732 2.7841848676107466 1.0542528802543523 2.0459170265494322 41.830460007546208 4.0134701007045805
leaf_count=935 623279 72 54177 6963 519 58779 205 1046 1437 1038 41 2043 8554 45 58371 8 11785 9710 511 279 5289 204 15947 95 1991 328 36 188 9401 37
internal_value=9.37892e-06 0.00247259 0.00874267 0.0387582 0.0636834 0.00207334 0.00811432 -0.0267771 0.130158 -0.000806669 -0.0374057 0.027772 -0.0125451 0.0103709 0.00576387 -0.0700066 -0.00140494 0.00229114 9.43619e-05 -0.0120249 -0.0176621 0.103461 0.0291489 0.103941 -0.00214214 0.021361 0.0365181 0.139425 0.0293674 -0.0449596
internal_weight=5044.84 2352.05 807.698 146.84 98.8261 660.858 546.439 114.419 10.325 1544.35 103.256 51.9371 48.0136 34.3248 536.114 13.6889 1535.58 1139.13 1092.19 396.451 348.709 46.8891 47.7424 8.77054 2692.79 58.6197 47.7148 3.10017 44.6146 10.9049
internal_count=873313 238053 193327 72513 9729 120814 60948 59866 1642 44726 58820 2562 62784 8599 59306 54185 44559 11259 10221 33300 17074 7167 16226 167 635260 11981 9953 224 9729 2028
is_linear=0
shrinkage=0.08


Tree=121
num_leaves=31
num_cat=0
split_feature=7 0 11 2 9 5 2 5 5 10 16 7 14 5 8 14 10 0 14 9 14 2 14 6 2 4 11 4 11 0
split_gain=3.78853 18.9864 7.92926 9.76382 8.36711 9.64983 4.99645 7.20018 14.641 5.30675 4.89996 6.55544 22.9645 11.2464 11.0845 16.0845 10.6666 15.1189 13.0234 8.50721 8.99476 8.34923 7.50429 5.45669 5.20844 5.69094 19.9798 18.5024 15.0011 14.0565
threshold=0.99812734127044689 0.85053193569183361 0.38750000298023229 0.10596491396427156 0.49390153586864477 0.43437242507934576 0.70396453142166149 1.0000000180025095e-35 0.04095610789954663 0.83666664361953746 1.0000000180025095e-35 0.94555336236953746 0.08123821392655374 0.60922586917877208 0.91905540227890026 0.044543651863932616 0.71825397014617931 0.5025252401828767 0.034632682800292976 0.76728257536888134 0.25521059334278112 0.65485891699790966 0.35424868762493139 0.41421362757682806 0.054804805666208274 0.35416667163372045 1.0000000180025095e-35 1.0000000180025095e-35 0.84523808956146251 0.86729559302330028
decision_type=2 2 2 2 2 2 2 2 2 2 2 2 2 2 2 2 2 2 2 2 2 2 2 2 2 2 2 2 2 2
left_child=10 2 3 -2 -5 -6 7 9 -9 -4 24 14 16 21 19 23 18 -18 -13 22 -21 -14 -12 -16 -1 26 27 -26 -27 -28
right_child=1 -3 6 4 5 -7 -8 8 -10 -11 11 12 13 -15 15 -17 17 -19 -20 20 -22 -23 -24 -25 25 28 29 -29 -30 -31
leaf_value=-0.08871921223994518 -0.011613982616102799 0.068719963497911318 -0.0071661749356392995 0.0040369544911618748 0.12813605003172623 -0.09629047852502344 0.052705314253519923 -0.10604447132908039 -0.0086663314232458821 0.014683393881517808 -0.011697729390631618 0.0045771868532201226 -0.038938297926758729 0.024340846495943695 -0.081563403116008612 0.04495441024752312 0.026642199000729189 -0.049263230440913651 0.070686891570863969 0.0084794860899041445 0.067069008501124405 -0.097385453156396476 0.00031618983275527943 0.017288514137628455 0.11027523347694722 -0.0030978623202680767 0.003461333676269134 0.022020401230103404 0.052802334788976987 -0.044658063637790707
leaf_weight=4.0459614288338335 15.267944473307578 29.862329129755381 155.1892366046086 7.6928512570448246 13.165323622408321 1.3521015308797348 10.754135648254303 12.080961407162247 54.279001727642026 131.3586539584212 452.10281536658476 71.640484635252506 93.619892354414333 15.330113525647901 28.682966272463091 10.397943782707442 28.07324470137246 41.799246305206907 25.989600758795859 257.21375582541805 17.939483904279768 18.780105709680356 1260.4613157992208 4.0825554884504518 16.622226223953476 1176.0588015985195 837.42104227613163 178.07310513092671 31.547991169049055 40.742645979757071
leaf_count=528 237 21210 1349 112 450 129 1393 102 1508 2123 481197 2208 1090 1026 368 293 435 1610 903 6238 393 348 114776 46 2024 64320 110961 35038 18259 2639
internal_value=7.32115e-06 0.00717998 0.00259872 0.037635 0.07149 0.107234 -0.00101204 -0.00264897 -0.0263942 0.00285006 -0.000663181 -0.00324775 -0.0143865 -0.039937 -0.00162849 -0.0417359 0.00509725 -0.0187661 0.0221759 -0.000757556 0.0122994 -0.0487038 -0.00285539 -0.0692465 0.00196845 0.00212935 0.00636931 0.0295552 -0.0016375 0.00122882
internal_weight=5041.63 431.003 401.14 37.4782 22.2103 14.5174 363.662 352.908 66.36 286.548 4610.63 2326.11 295.233 127.73 2030.88 43.1635 167.503 69.8725 97.6301 1987.72 275.153 112.4 1712.56 32.7655 2284.51 2280.47 1072.86 194.695 1207.61 878.164
internal_count=873313 28613 7403 928 691 579 6475 5082 1610 3472 844700 610931 7620 2464 603311 707 5156 2045 3111 602604 6631 1438 595973 414 233769 233241 150662 37062 82579 113600
is_linear=0
shrinkage=0.08


Tree=122
num_leaves=31
num_cat=0
split_feature=2 5 5 1 4 1 11 4 10 4 0 2 10 8 8 9 1 7 1 15 15 7 6 5 5 7 15 11 6 5
split_gain=3.80413 23.9188 11.9411 11.4889 10.5566 10.9945 10.5977 9.3802 7.27148 7.05606 11.2239 8.44954 5.89344 20.3962 12.6814 11.285 8.77889 8.75632 7.69012 5.37047 7.06567 5.81994 4.80123 20.1177 10.1197 4.32133 3.83109 4.62426 7.79718 3.41274
threshold=0.90070420503616344 0.74734041094779979 0.87939393520355236 0.94570022821426403 0.53571429848670971 0.80217391252517711 0.34848485887050634 0.44949495792388922 0.4463601559400559 0.64583334326744091 0.99494948983192455 0.9569842815399171 0.19292803853750232 0.37055103480815893 0.51116093993186962 0.29653523862361914 0.90054944157600414 0.93116611242294323 0.58499062061309826 0.88844355940818798 0.98164004087448131 0.57207792997360241 0.13397436589002612 0.60188680887222301 0.62192192673683178 0.31501455605030065 0.70402085781097423 0.93750000000000011 0.15301003307104113 0.80217391252517711
decision_type=2 2 2 2 2 2 2 2 2 2 2 2 2 2 2 2 2 2 2 2 2 2 2 2 2 2 2 2 2 2
left_child=2 7 3 12 5 -3 9 26 22 11 -11 -6 13 16 17 -16 -1 -14 -15 21 -21 -7 24 -24 -9 -8 -2 -28 -29 -5
right_child=1 4 -4 29 6 19 25 8 -10 10 -12 -13 14 18 15 -17 -18 -19 -20 20 -22 -23 23 -25 -26 -27 27 28 -30 -31
leaf_value=-0.0010782468525644994 0.12756119763017462 0.088494596087103292 0.063556453660073869 0.051242430653046282 0.0029650973845128294 -0.012268093496737336 -0.29659952532149514 0.077899133464187517 0.069078448263824477 -0.040045385037975036 0.0038079274430173333 0.080783937361049746 0.021313462245283091 -0.042465555099486671 0.21404518438006948 -0.0018373761002315051 -0.067046506866375644 -0.009173220420902543 -0.011058364192448114 0.014165214317131854 -0.026185786603251261 -0.082281421627338869 -0.14681224551989935 0.070928724590413703 -0.025655009702892397 0.080938901399475474 0.061198217395153486 0.0067487919030485444 -0.39167892012319527 0.0029025171718270936
leaf_weight=1091.9015515134051 4.9257976336812126 5.9930542344591222 18.258804607437924 34.185084198252298 20.523985968658963 13.423119866940398 0.19697295129299064 7.2227892715090993 14.428976424067512 40.559197785398283 472.43780409979081 15.807607128241214 272.95156887640769 119.29894109844281 1.5506831802413206 2432.8806667198842 13.065169602803506 77.390572935226373 85.764254001189329 38.365693923347862 100.59257401613286 17.511962016433245 3.2036696067443726 17.828162851154048 36.870007134664775 12.998661395933594 47.930368095985614 4.3504417859367086 0.33883738517761219 12.864420135920225
leaf_count=228200 562 229 717 4738 676 5908 1 229 2151 1177 25336 383 38808 336241 84 118442 478 836 75930 3807 2526 526 121 527 1225 18377 1432 2111 81 1454
internal_value=1.14191e-05 0.00480448 -0.000997297 -0.00128187 -0.000893186 -0.0179995 0.00445551 0.0354919 0.0176946 0.00275365 0.000340743 0.0368235 -0.00173351 -0.0061585 0.000348115 -0.00169986 -0.00185826 0.014579 -0.02933 -0.0217561 -0.0150451 -0.0519018 0.00631005 0.0377614 -0.00869193 0.0753033 0.0600958 0.0537803 -0.0220408 0.0380252
internal_weight=5035.62 875.51 4160.11 4141.85 738.411 175.886 562.524 137.099 79.5536 549.329 512.997 36.3316 4094.8 1310.03 2784.77 2434.43 1104.97 350.342 205.063 169.893 138.958 30.9351 65.1246 21.0318 44.0928 13.1956 57.5454 52.6196 4.68928 47.0495
internal_count=873313 67385 805928 805211 58946 12996 45950 8439 4253 27572 26513 1059 799019 640849 158170 118526 228678 39644 412171 12767 6333 6434 2102 648 1454 18378 4186 3624 2192 6192
is_linear=0
shrinkage=0.08


Tree=123
num_leaves=31
num_cat=0
split_feature=2 5 4 2 4 4 8 1 2 1 5 2 1 2 5 2 2 0 4 14 16 8 7 15 2 11 7 7 15 7
split_gain=3.61771 21.5077 12.4486 13.2845 10.8139 25.9827 13.6073 13.1059 10.442 9.90516 9.63419 40.6952 19.0968 27.683 16.5223 14.2843 9.19236 7.55506 7.28428 6.93736 6.14131 6.08624 6.46658 5.81665 5.63354 5.40695 5.26772 5.72594 5.56837 4.42123
threshold=0.94185259938240062 0.83558556437492382 0.84523808956146251 0.71010184288024913 0.87301588058471691 0.53571429848670971 0.58937969803810131 0.92907443642616283 0.66312056779861461 0.96684980392456066 0.60188680887222301 0.85565477609634411 0.83424907922744762 0.83424907922744762 0.71307507157325756 0.77003204822540294 0.96824595332145702 0.94201681017875682 0.44949495792388922 0.47508865594863897 1.0000000180025095e-35 0.68244633078575145 0.65353006124496471 0.82427215576171886 0.48313754796981817 0.47222222387790685 0.6304883360862733 0.61027953028678905 0.88844355940818798 0.6304883360862733
decision_type=2 2 2 2 2 2 2 2 2 2 2 2 2 2 2 2 2 2 2 2 2 2 2 2 2 2 2 2 2 2
left_child=2 17 9 8 5 16 26 -7 24 10 11 15 13 -12 -14 -1 23 -2 -13 -8 -9 22 25 -3 -4 -5 27 -6 -28 -26
right_child=1 4 3 21 6 7 19 20 -10 -11 12 18 14 -15 -16 -17 -18 -19 -20 -21 -22 -23 -24 -25 29 -27 28 -29 -30 -31
leaf_value=8.3959273163917484e-05 0.10188953887874717 0.31943824400025317 0.16668499092030081 0.030150333820916832 -0.019796084679728487 -0.13747935972208397 0.070208921775372371 0.048684079256177445 -0.076318739661167354 0.041929041672713219 0.018447661202844492 0.061388404621760588 -0.034953320226824264 -0.055049754095247358 -0.0080237675649967293 -0.019674187864723268 -0.026757404661800401 0.035184792439643335 0.016310531612663482 -0.50230822865709468 0.017725373905751411 0.074032069931507821 -0.051168069515737366 0.042973137630275264 -0.018160045432984859 -0.13101490200743526 -0.18984140833544835 0.20777287606114367 0.082822202197447597 0.086629703411441952
leaf_weight=2933.5990965673045 13.765632538885255 0.51866602664085615 1.4290902503780696 121.22092855624578 169.58916040736949 2.9341195022025195 12.8782489294972 81.482647180935601 14.659679540585783 33.227429210113769 246.24234789583716 77.314407045167172 206.25900104601897 37.837856800528243 497.53837633851617 254.49416177552484 101.03956693642249 51.604457837434893 32.623122444696492 0.13689548993716094 82.558920198123815 17.794838703368441 6.9090940811147439 7.9897450654243585 13.863396776960146 1.3470655407581933 2.1733132442896017 0.71058619719406024 0.61499594955239434 3.1651377745438358
leaf_count=733273 1016 138 69 4674 12874 78 8453 7053 1202 4512 11269 3888 9742 2231 22303 21571 8285 3862 1704 35 6650 5917 394 381 883 39 92 13 108 604
internal_value=1.34877e-05 0.00627815 -0.000721639 0.0198685 0.00020876 0.0102428 -0.0147005 0.0301057 -0.0259129 -0.00158159 -0.00191891 0.000156956 -0.00884921 0.00865823 -0.0159159 -0.00149326 -0.0200326 0.0492315 0.0480119 0.0641871 0.0331032 0.0301635 0.0241343 0.0598262 0.0141212 0.0283791 -0.0206323 -0.0188465 -0.129702 0.0013175
internal_weight=5027.52 527.997 4499.53 180.389 462.627 276.524 186.103 166.976 33.1173 4319.14 4285.91 3298.03 987.878 284.08 703.797 3188.09 109.548 65.3701 109.938 13.0151 164.042 147.272 129.477 8.50841 18.4576 122.568 173.088 170.3 2.78831 17.0285
internal_count=873313 49038 824275 13782 44160 22585 21575 13781 2758 810493 805981 760436 45545 13500 32045 754844 8804 4878 5592 8488 13703 11024 5107 519 1556 4713 13087 12887 200 1487
is_linear=0
shrinkage=0.08


Tree=124
num_leaves=31
num_cat=0
split_feature=10 14 9 4 8 14 4 6 0 8 4 0 0 10 8 2 6 9 6 7 9 8 7 0 8 10 10 10 15 8
split_gain=3.48694 14.5788 15.5304 13.2523 13.2661 15.219 10.246 17.5808 20.3598 11.2695 9.66983 48.8709 33.0563 9.14943 16.9929 8.00397 13.2995 9.03355 106.001 7.68425 16.002 21.459 14.2478 15.0496 13.2139 10.7719 8.143 7.6042 8.55765 7.73631
threshold=0.23669467866420749 0.25521059334278112 0.50454583764076244 0.84523808956146251 0.47380892932415014 0.65722313523292553 0.6904762089252473 0.12632978707551959 0.96590468287467968 0.62875112891197216 0.61250001192092907 0.94804319739341747 0.96922349929809581 0.23904761672019961 0.41519744694232946 0.60736888647079479 0.55646631121635448 0.5067579746246339 0.69309264421463024 0.65830647945404064 0.58735710382461559 0.65902522206306469 0.5582576096057893 0.89825496077537548 0.39513565599918371 0.0745370388031006 0.10435571894049646 0.20942982286214831 0.88844355940818798 0.68244633078575145
decision_type=2 2 2 2 2 2 2 2 2 2 2 2 2 2 2 2 2 2 2 2 2 2 2 2 2 2 2 2 2 2
left_child=1 2 -1 4 5 13 10 8 -8 -9 12 -12 -6 14 -2 17 -17 18 -4 20 21 26 23 -22 25 -21 -3 28 -26 -29
right_child=3 19 15 -5 6 -7 7 9 -10 -11 11 -13 -14 -15 -16 16 -18 -19 -20 24 22 -23 -24 -25 27 -27 -28 29 -30 -31
leaf_value=-0.060090886906410984 0.78759597478308896 -0.00082098682066710329 -0.084265586774472642 0.047669806696115417 0.0023793363975886518 0.0020471548202619858 -0.10599391347270901 0.10173330756836781 -0.001458326682523237 -0.0083290227806060504 -0.054941283706956744 0.037966395875989364 -0.036755477036487155 0.052578644920349617 0.12755892130280475 0.010644222101797659 0.63353557106027281 -0.057750048783628598 4.5729851871108123 -0.2356109165669692 0.49481261481018102 0.93731437493316838 0.11338476724410844 2.4193881967135122 -0.046965838361993327 0.010071338119329977 0.019151927672841022 -0.014747643633509111 0.088740770241382813 0.10240072157681349
leaf_weight=56.172757125694261 0.29736473209049918 1680.941517585914 0.34651948224564222 39.956291717418935 2070.4639570027648 68.918290242669173 27.022861135512358 6.3136688297381616 21.341094126968528 104.51250782138959 46.376728625997202 165.69523510507133 148.01116148765141 52.036779045025469 1.5554061087750595 49.272137131152704 0.2203581350913727 17.313883292130413 0.034380833159957547 1.1526900730095793 0.13876132295263133 0.15657956237555382 5.4591656390912249 0.0320005857211072 87.475175997162296 124.9550998078048 141.65068824184345 96.452860575416707 3.0786065548891193 3.7479843310138667
leaf_count=396892 15 190117 1233 16416 86631 1020 334 119 5843 3520 1168 11678 11916 5214 152 5535 7 45460 47 11 116 14 983 6 4360 2656 77626 4054 93 77
internal_value=1.87883e-05 -0.0023034 -0.0290471 0.00193273 0.00125901 0.0269504 4.07013e-05 -0.0196216 -0.0598665 -0.00205887 0.00132849 0.017649 -0.000231641 0.0587986 0.233493 -0.00309264 0.0134176 -0.0492718 0.336107 -0.000765526 0.00122769 0.00081175 0.135893 0.855476 -0.0122669 0.00782568 0.000731295 -0.0255501 -0.0423521 -0.0103657
internal_weight=5021.1 2268.6 123.36 2752.5 2712.55 122.808 2589.74 159.19 48.364 110.826 2430.55 212.072 2218.48 53.8895 1.85277 67.1873 49.4925 17.6948 0.3809 2145.24 1828.38 1822.75 5.62993 0.170762 316.862 126.108 1822.59 190.755 90.5538 100.201
internal_count=873313 729287 449174 144026 127610 6401 121209 9816 6177 3639 111393 12846 98547 5381 167 52282 5542 46740 1280 280113 268862 267757 1105 122 11251 2667 267743 8584 4453 4131
is_linear=0
shrinkage=0.08


Tree=125
num_leaves=31
num_cat=0
split_feature=6 4 0 5 1 5 9 0 5 6 9 4 0 4 4 6 0 5 5 0 2 2 5 2 2 2 1 0 9 15
split_gain=3.51891 24.5971 32.5768 117.912 22.0324 19.6045 16.8999 16.5779 16.5629 14.8512 17.6432 14.7796 74.7694 37.2966 18.5545 18.1187 17.1872 51.5106 50.9672 38.2224 26.007 25.3115 23.5318 23.4817 20.7504 20.5541 15.0643 13.9801 11.5534 10.68
threshold=0.14854215830564502 0.61250001192092907 0.69614070653915416 0.29198718070983892 0.60495716333389293 0.78647416830062877 0.26705427467823034 0.60120484232902538 0.15831244736909869 0.24037037044763568 0.4884608536958695 0.61250001192092907 0.99494948983192455 0.87301588058471691 0.77500000596046459 0.061862245202064521 0.76833632588386547 0.38529014587402349 0.30825792253017431 0.7320508360862733 0.75582656264305126 0.63224515318870556 0.47114317119121557 0.60736888647079479 0.85565477609634411 0.12945119291543963 0.63211598992347728 0.87298336625099193 0.5085725486278535 0.93753117322921764
decision_type=2 2 2 2 2 2 2 2 2 2 2 2 2 2 2 2 2 2 2 2 2 2 2 2 2 2 2 2 2 2
left_child=11 2 3 4 7 6 -4 -2 -6 -5 -11 16 13 15 -14 29 18 -18 19 25 21 -19 23 -20 -22 -1 -17 -8 -3 -13
right_child=1 28 5 9 8 -7 27 -9 -10 10 -12 12 14 -15 -16 26 17 20 22 -21 24 -23 -24 -25 -26 -27 -28 -29 -30 -31
leaf_value=0.011144552450769861 -0.0047927110211979851 0.0026013784113415239 -0.0072407542308035823 0.037402201066750504 0.21872853786482313 0.043859739166889629 -0.019860226848951411 -0.0508008221597782 0.040510282167270394 0.22120965824937996 0.10050560779922341 -0.1169918723353649 0.025242642990329415 0.061822936531827209 -0.0077146806631565373 0.20048337592346421 0.085594145606879696 -0.03971352432984588 0.012774744870325686 0.1152628305190351 -0.022430374718404443 0.048898401408142979 0.073768969382433769 -0.081319680448066645 0.01069026813569837 -0.016136876186689724 -0.04694742820186832 -0.049384051110537279 0.022796696450257972 -0.029668742980082735
leaf_weight=576.77912303934863 1050.5833748464811 500.77514015929046 253.52518837636489 17.86729627862951 3.9199483917364004 28.849281720711588 222.51889499042409 52.63476931643163 22.458776689090882 9.3906094791418564 44.366413842082693 59.072747308677208 191.33278638591946 13.561153618124079 255.07531899962123 1.6381978793688166 60.370181546011736 24.051222989844973 21.302723788021467 19.79605407591589 174.27734469511779 145.06129547415185 8.8326321331951458 83.531270911016691 396.47229155467357 254.83285152581266 40.681044539416689 190.54380975122513 284.17555716978677 10.567299419868503
leaf_count=16553 376311 24861 8831 3392 1388 1362 65817 37613 9746 1902 1790 3141 15706 1031 26610 119 4274 2180 3252 1518 15378 11316 1068 18453 25545 148739 1871 28489 14850 207
internal_value=-1.95625e-05 -0.00199719 -0.00692622 0.00105129 -0.00526012 -0.0207057 -0.0235 -0.00698777 0.066994 0.100589 0.121591 0.00224946 -0.00892713 -0.0634765 0.006411 -0.0786535 0.00587048 0.0145392 -0.00131755 0.00539986 0.00874135 0.036296 -0.0516337 -0.0621993 0.000576941 0.00278464 -0.0373693 -0.0334794 0.00991269 -0.103741
internal_weight=5018.84 2681.61 1896.66 1201.22 1129.6 695.437 666.588 1103.22 26.3787 71.6243 53.757 2337.24 571.929 125.52 446.408 111.959 1765.31 800.232 965.075 851.408 739.862 169.113 113.667 104.834 570.75 831.612 42.3192 413.063 784.951 69.64
internal_count=873313 576352 536641 432142 425058 104499 103137 413924 11134 7084 3692 296961 48685 6369 42316 5338 248276 58693 189583 166810 54419 13496 22773 21705 40923 165292 1990 94306 39711 3348
is_linear=0
shrinkage=0.08


Tree=126
num_leaves=31
num_cat=0
split_feature=2 0 6 0 6 0 2 10 6 6 14 10 10 6 7 2 14 7 0 11 8 0 2 15 8 8 6 10 2 8
split_gain=3.47599 6.36726 5.69562 6.10965 7.7932 6.6622 5.55973 5.56159 5.2903 4.10802 4.06861 5.28236 5.15049 3.73545 6.66124 5.84385 3.43922 3.35756 16.9568 6.86971 8.21083 6.47189 3.8728 4.51127 5.98581 4.35344 4.33696 3.65895 2.89899 1.64779
threshold=0.08191221579909326 0.085410334169864668 0.76253134012222301 0.0745370388031006 0.31643131375312811 1.0000000180025095e-35 0.072948999702930464 0.72474747896194469 1.0000000180025095e-35 0.7245689630508424 0.21225529909133914 0.65942031145095836 0.21132376790046695 0.13100686669349673 0.93629321455955516 0.054804805666208274 0.021390985697507862 0.99812734127044689 0.85053193569183361 0.38750000298023229 0.53034487366676342 0.10063291341066362 0.08856209367513658 0.16480319947004321 0.29046043753623968 0.31453607976436621 0.15301003307104113 0.57518798112869274 0.15831244736909869 0.46188034117221838
decision_type=2 2 2 2 2 2 2 2 2 2 2 2 2 2 2 2 2 2 2 2 2 2 2 2 2 2 2 2 2 2
left_child=2 10 3 4 13 -6 8 16 -5 -7 11 28 -12 14 -1 -15 -8 22 19 20 -19 -21 25 24 -24 -3 -27 -25 -2 -14
right_child=1 17 -4 6 5 9 7 -9 -10 -11 12 -13 29 15 -16 -17 -18 18 -20 21 -22 -23 23 27 -26 26 -28 -29 -30 -31
leaf_value=-0.028634385058798929 -0.098823253351079443 0.10643582146105272 -0.1078921455290789 -0.59503288089882855 0.16564432078834898 -0.084826478930473223 0.06570849360611479 0.069070097325107882 -0.091822956148049514 0.069718258178697812 -0.089169299856689893 0.088537802984183733 0.18006302789879577 -0.033027002729860408 0.083689634832755794 0.073420268180995257 -0.036824856020127278 -0.0066334835894822095 0.067568318388466816 0.042980602132143088 0.070909657260995101 -0.0035951021393684631 0.25515642678714279 0.00061342763620801774 0.034095002694544248 -0.0086040828158245476 -0.05933292722005757 -0.0057286200171845526 0.13323590637882043 0.092154350406800645
leaf_weight=13.247579104674516 2.622800907847703 1.6017859491403204 4.0364496744878116 0.13681570259359332 0.85561551037244399 9.2756883112651831 2.2285318475587692 3.9674042447004458 5.8891457254067063 1.2490161541209079 0.8839922406223194 2.5202652087900788 1.8694464452564714 4.1994996893918168 4.5359889146639025 15.422682088334112 34.598953987648201 15.806994274724273 27.669527955571539 20.306231142021716 19.545936851180159 319.79223166569136 0.85243919072672625 3736.3613454078077 9.754015302154583 28.604407776256267 17.314749953111459 689.67411100064055 0.39663397884578433 5.0536796057713218
leaf_count=475 219 24 813 14 70 3240 129 77 891 130 169 66 13 355 83 639 2750 161 21210 383 721 5816 14 799075 1993 847 1684 31138 33 81
internal_value=-1.46149e-05 0.000286152 -0.0148069 -0.0108769 0.00893498 -0.0490335 -0.0315203 -0.0209251 -0.103248 -0.0664859 0.0554666 0.00303101 0.0926733 0.0265713 1.56872e-05 0.0506386 -0.0306203 0.000135459 0.00712891 0.00267472 0.0362386 -0.00081421 -0.000493244 -0.000249924 0.0518617 -0.02321 -0.0277324 -0.000374804 -0.0683399 0.115892
internal_weight=5000.27 4900.63 99.6434 95.6069 48.7861 11.3803 46.8209 40.7949 6.02596 10.5247 13.3468 5.5397 7.80712 37.4057 17.7836 19.6222 36.8275 4887.28 403.121 375.451 35.3529 340.098 4484.16 4436.64 10.6065 47.5209 45.9192 4426.04 3.01943 6.92313
internal_count=873313 863647 9666 8853 4992 3440 3861 2956 905 3370 581 318 263 1552 558 994 2879 863066 28291 7081 882 6199 834775 832220 2007 2555 2531 830213 252 94
is_linear=0
shrinkage=0.08


Tree=127
num_leaves=31
num_cat=0
split_feature=9 5 14 6 5 10 2 4 11 6 10 4 2 6 5 11 11 8 11 15 2 5 4 6 5 4 6 6 1 14
split_gain=3.68158 10.4344 10.8629 9.1987 25.1347 17.1089 16.0295 15.413 11.4978 9.43895 6.19008 7.5122 19.7848 22.8646 43.5743 20.522 18.0787 13.7298 11.6572 11.4878 9.73967 9.61486 8.80671 8.74211 6.25214 5.27125 4.90931 10.6141 3.77042 3.49188
threshold=0.76728257536888134 0.93440860509872448 0.30621437728405004 0.34654632210731512 0.10063291341066362 0.51086956262588512 0.18321678787469867 0.10555555671453477 0.47222222387790685 0.33602151274681097 0.83666664361953746 0.2264957278966904 0.27334994077682501 0.32200460135936743 0.28281377255916601 1.0000000180025095e-35 0.30384616553783422 0.88939857482910167 1.0000000180025095e-35 0.46155600249767309 0.1366749703884125 0.45049019157886511 0.26136364042758947 1.0000000180025095e-35 0.033615820109844215 0.38750000298023229 0.6776927411556245 0.71834936738014232 0.23606811463832858 0.31835016608238226
decision_type=2 2 2 2 2 2 2 2 2 2 2 2 2 2 2 2 2 2 2 2 2 2 2 2 2 2 2 2 2 2
left_child=10 2 3 6 5 -5 8 -6 -2 -8 11 12 18 15 -15 -14 19 23 24 28 -20 -19 -21 -18 -1 -3 -12 -28 -13 -4
right_child=1 25 29 4 7 -7 9 -9 -10 -11 26 16 13 14 -16 -17 17 21 20 22 -22 -23 -24 -25 -26 -27 27 -29 -30 -31
leaf_value=0.1045179095567511 -0.014575465782148956 -0.34396868352012361 0.091109224342772702 0.056326669690491694 0.074817729628610094 -0.012194042165275512 -0.0071696592187702538 0.019086841124542606 0.034335651572042616 -0.098307146946254392 0.043036719434310679 0.24993225250527171 -0.00093012833966525936 -0.015093612735819455 0.079448521236211794 -0.042162494103916585 0.069855379240884447 0.053093847605246214 -0.0043545831326810688 0.022399515655091268 0.01482163452552742 -0.090673405722856343 -0.00164839852070272 0.022305868281852891 -0.075905597412028056 0.082441739989239315 -0.26180019100651936 0.018437126698486718 -0.074087818116664594 0.032442223200757903
leaf_weight=9.838654273455175 42.791128596116323 0.18834592250641335 9.0313733973016479 26.45169361383887 50.016519004828297 197.08475041174097 665.95840622013202 87.008964590815594 109.39706020709127 7.3532358361553625 31.854124400037108 0.23332298791501571 110.95348308898247 149.45560901688987 39.432275829414721 254.3597370366042 29.093983797698456 4.1303886950481674 739.40409166072277 102.80042179135307 219.93129779614173 10.66302324242133 1877.0778707680802 165.58188176770273 1.4046962169995811 12.454281135978816 1.097532043699174 4.0825252167414874 15.398300509295948 23.102863479449297
leaf_count=566 651 35 274 523 1425 1730 32107 4941 2643 250 3412 197 100194 158734 5622 172975 5363 244 41843 31914 71143 2450 139006 8475 685 14478 25 101 70566 741
internal_value=-1.34287e-05 0.00378505 0.00303467 0.0017912 0.0124515 -0.00408579 -0.00286499 0.0394295 0.0205832 -0.00816497 -0.00125462 -0.00157778 -0.00589527 -0.0179549 0.00464302 -0.0296393 0.00140784 0.0237661 0.000990786 -0.00093911 4.16379e-05 -0.0505329 -0.000399768 0.0294121 0.0819766 0.0760892 0.0312909 -0.0409386 -0.0692514 0.0489307
internal_weight=4997.63 1230.84 1218.2 1186.06 360.562 223.536 825.5 137.025 152.188 673.312 3766.79 3729.76 1524.78 554.201 188.888 365.313 2204.98 209.469 970.579 1995.51 959.335 14.7934 1979.88 194.676 11.2434 12.6426 37.0342 5.18006 15.6316 32.1342
internal_count=873313 59798 45285 44270 8619 2253 35651 6366 3294 32357 813515 809977 551762 437525 164356 273169 258215 16532 114237 241683 112986 2694 170920 13838 1251 14513 3538 126 70763 1015
is_linear=0
shrinkage=0.08


Tree=128
num_leaves=31
num_cat=0
split_feature=6 4 0 5 6 4 4 6 5 4 7 5 1 2 1 4 0 2 4 6 0 5 2 0 2 2 1 2 1 5
split_gain=3.25229 14.5998 18.8795 90.7119 27.1923 26.7843 27.8937 17.7172 37.6418 34.4822 16.9721 16.0766 23.6201 13.4659 12.7309 12.3205 65.1376 39.3498 27.4314 23.4041 13.4089 47.8354 43.0025 31.0993 17.0006 14.5422 39.2133 14.3033 13.6407 13.3589
threshold=0.10380747169256212 0.64583334326744091 0.69282051920890819 0.29198718070983892 0.17274536192417148 0.30384616553783422 0.11805555596947671 0.21103239059448245 0.27823315560817724 0.15476191043853763 0.63842603564262401 0.7245689630508424 0.85880398750305187 0.40936473011970526 0.60495716333389293 0.64583334326744091 0.99494948983192455 0.9495762586593629 0.87301588058471691 0.037749288603663451 0.78629976511001598 0.52128621935844432 0.63224515318870556 0.72850123047828685 0.65648320317268383 0.75147059559822094 0.81872946023941051 0.85127449035644542 0.61257407069206249 0.27823315560817724
decision_type=2 2 2 2 2 2 2 2 2 2 2 2 2 2 2 2 2 2 2 2 2 2 2 2 2 2 2 2 2 2
left_child=15 2 3 5 -5 6 -2 8 13 -10 -6 12 -9 -4 -7 20 17 -17 -18 -19 22 25 23 -1 -23 -22 -27 29 -25 -24
right_child=1 -3 7 4 10 14 -8 11 9 -11 -12 -13 -14 -15 -16 16 18 19 -20 -21 21 24 27 28 -26 26 -28 -29 -30 -31
leaf_value=0.0035383754913195465 -0.0030012562818777806 0.0072049425760759714 0.75036597966817087 -0.0169253079820324 0.23416032925564476 0.035871043761409503 -0.054072611021646025 -0.024181207116607296 -0.091553042167785148 0.0001739519713542473 0.095356716624123261 0.029691163207459181 -0.11921840961221694 0.10760163686009566 0.14277574512872815 -0.088379003739275139 0.03157811921624671 -0.096073916748195695 -0.012694488473850452 0.10610707433464496 0.073074533419319299 -0.11302518617517858 0.013417068336969231 0.14678808452357847 0.00333746157283904 -0.038147695949175248 0.075184432486789757 0.093116061405216721 0.036661325461062648 -0.066075960522990501
leaf_weight=587.91096719322741 1228.1267924738459 887.05295919265336 0.21124814290670002 13.210386832110087 6.2875866032773038 31.946380695831976 72.482809687309782 452.54909505622345 28.282910875093876 361.16828726004496 54.559875838749576 33.46747137247803 17.379656797078496 16.63295341914818 9.1773599071566405 83.046186409672373 163.53917763309437 5.2761805285808832 198.02624953429768 11.994385706173487 91.390758989946335 8.1969544399034913 16.049660534759823 13.613573995522531 408.15578764213024 34.353138519549248 45.310984820451267 4.4375330151087828 15.275180172437102 86.178465653509193
leaf_count=109406 315208 45163 40 3268 3448 15581 138932 82272 3030 36587 2200 1104 902 2215 2560 4295 15084 143 23012 671 6334 600 5464 636 28657 4097 2145 521 1569 18169
internal_value=-9.3352e-06 -0.00152722 -0.0048581 0.000919882 0.0871125 -0.00383758 -0.00584746 -0.0138506 -0.00142338 -0.00648749 0.1097 -0.0238807 -0.027696 0.115663 0.0597284 0.00274134 -0.00849423 -0.06553 0.0073304 0.0443405 0.00670016 0.0156795 -0.000590507 0.00752038 0.00104657 0.0512965 0.0263128 -0.0474921 0.0885576 -0.0535957
internal_weight=4985.29 3212.54 2325.48 1415.79 74.0578 1341.73 1300.61 909.692 406.295 389.451 60.8475 503.396 469.929 16.8442 41.1237 1772.76 461.882 100.317 361.565 17.2706 1310.87 587.408 723.465 616.8 416.353 171.055 79.6641 106.666 28.8888 102.228
internal_count=873313 652510 607347 481197 8916 472281 454140 126150 41872 39617 5648 84278 83174 2255 18141 220803 43205 5109 38096 814 177598 41833 135765 111611 29257 12576 6242 24154 2205 23633
is_linear=0
shrinkage=0.08


Tree=129
num_leaves=31
num_cat=0
split_feature=8 14 6 10 11 11 2 8 10 1 0 8 1 6 2 8 14 11 11 10 2 7 14 6 5 6 10 8 6 6
split_gain=3.21111 8.15667 7.4978 6.63629 5.05471 9.58128 12.8233 5.25428 4.55429 6.54171 4.2468 4.18987 4.14219 3.67582 4.26659 3.56377 19.9098 6.06724 5.40901 5.22464 6.54197 4.7263 4.39785 10.007 7.6837 10.9186 6.58633 6.615 5.43163 5.02567
threshold=0.95672976970672619 0.015268065501004459 0.23582887649536136 0.58578431606292736 0.93750000000000011 0.30384616553783422 0.6820855736732484 0.9656854271888734 0.76696833968162548 0.82413583993911754 0.77459675073623668 0.98314553499221813 0.67826876044273388 0.24037037044763568 0.33137255907058721 0.92921337485313427 0.085867896676063551 0.63333335518836986 0.38750000298023229 0.62731480598449718 0.82413583993911754 0.96636754274368297 0.030457638204097751 0.33602151274681097 0.32583418488502508 0.34330357611179357 0.16441441327333453 0.91368666291236889 0.41421362757682806 0.52041664719581615
decision_type=2 2 2 2 2 2 2 2 2 2 2 2 2 2 2 2 2 2 2 2 2 2 2 2 2 2 2 2 2 2
left_child=15 3 -3 -2 5 -5 -7 -6 13 12 -9 -11 -10 -4 -15 22 17 19 -18 20 -17 -21 23 26 25 -25 -1 -28 -26 -24
right_child=1 2 8 4 7 6 -8 10 9 11 -12 -13 -14 14 -16 16 18 -19 -20 21 -22 -23 29 24 28 -27 27 -29 -30 -31
leaf_value=-0.079555237367685494 0.12364845905713445 0.054386103535006315 -0.16025962507033284 -0.00026678980175753853 0.11979645492944639 -0.0066467723472631137 -0.14017023051598662 0.00018814384266451438 -0.019219601045695586 -0.21730048026779039 0.051672090110609956 0.086168138972826713 0.11273998129546225 -0.011884100718893188 0.065302046148500908 0.030499553090327047 0.060467288300019802 0.0012788854483094764 0.0067470835191001414 -0.081823013316830479 -0.064641611666472698 -0.017938262742860756 -0.0015102826502753567 -0.55940756839838091 -0.013313756348185492 -0.0320239102365001 0.028845387683687905 -0.022290553050593728 0.072685625955929617 0.0085117432172440721
leaf_weight=4.0902279630499825 2.7312676533329059 39.992458134343906 0.61847744224360468 42.649634156667162 2.5678881329222341 9.8223604034865293 8.6633696592762117 128.05247671774123 16.11628929438303 1.5827724129485421 11.146704425293136 0.35681581072276447 1.6812098818627408 7.1248962548561421 12.848787496361181 9.3925765216117743 16.333556120662251 17.82615316673764 45.166919015420717 32.662474511773326 9.1133362871478294 9.586890947975915 3960.9064987240581 0.25269957559066725 10.30728017756701 43.594472951128409 146.94110286925206 18.195182649462367 8.6403049069704121 348.39819505956621
leaf_count=30744 33 5112 17 851 241 84 120 2440 295 122 12077 24 198 57 600 124 1002 1429 4918 334 216 231 689775 173 970 19799 12116 547 1061 87603
internal_value=-7.31086e-06 0.00822258 0.0298412 -0.000221779 -0.0018892 -0.0211173 -0.0692228 0.00640268 0.00550127 -0.0219587 0.00431084 -0.161473 -0.00675427 0.031821 0.0377687 -0.000510019 -0.0130778 -0.0397594 0.0210143 -0.0518004 -0.0163532 -0.0673268 -0.000122354 0.0106066 -0.0166675 -0.0350633 0.0207272 0.0232111 0.0259029 -0.000700023
internal_weight=4967.36 285.955 80.3217 205.634 202.902 61.1354 18.4857 141.767 40.3292 19.7371 139.199 1.93959 17.7975 20.5922 19.9737 4681.41 140.082 78.5814 61.5005 60.7553 18.5059 42.2494 4541.33 232.021 62.7948 43.8472 169.227 165.136 18.9476 4309.3
internal_count=873313 22271 6425 15846 15813 1055 204 14758 1313 639 14517 146 493 674 657 851042 8254 2334 5920 905 340 565 842788 65410 22003 19972 43407 12663 2031 777378
is_linear=0
shrinkage=0.08


Tree=130
num_leaves=31
num_cat=0
split_feature=2 6 6 15 8 11 14 10 9 1 6 11 10 9 11 15 6 10 15 8 15 10 10 14 15 8 4 14 8 9
split_gain=3.06168 5.09051 5.7696 4.07553 5.229 5.27673 5.33295 7.63491 5.4076 5.09448 10.4095 5.26125 4.36433 4.31274 4.06698 3.7755 5.66269 4.33517 4.33458 3.78447 3.55987 4.30035 3.102 21.6514 17.1491 10.833 9.9866 9.35446 3.97396 2.86111
threshold=0.08191221579909326 0.76253134012222301 0.039230769500136382 0.16480319947004321 0.31453607976436621 0.30384616553783422 0.034632682800292976 0.74537035822868358 0.32361441850662237 0.08856209367513658 0.15301003307104113 0.58571431040763866 0.10435571894049646 0.50454583764076244 0.095454547554254546 0.15443053841590884 0.064866758882999434 0.16441441327333453 0.24392151087522509 0.30813187360763555 0.1786749064922333 0.47493734955787664 0.17519181966781619 0.65722313523292553 0.56850549578666698 0.51116093993186962 0.84523808956146251 0.63136324286460888 0.34674373269081121 0.42753355205059057
decision_type=2 2 2 2 2 2 2 2 2 2 2 2 2 2 2 2 2 2 2 2 2 2 2 2 2 2 2 2 2 2
left_child=1 2 -1 4 12 14 7 -7 -8 10 11 29 -2 -13 -6 17 -17 -4 -18 -19 -12 -22 23 24 -11 27 -27 -24 -25 -5
right_child=3 -3 15 9 5 6 8 -9 -10 22 20 13 -14 -15 -16 16 18 19 -20 -21 21 -23 25 28 -26 26 -28 -29 -30 -31
leaf_value=-0.070631357859733235 0.032837314709708576 -0.10454028652447268 -0.07350147775684579 -0.10999605152650985 0.10127590197285559 -0.17334620735909359 -0.10434119604487324 0.047130480457209044 0.041554328264172873 -0.053749161635807396 -0.083799672020254706 -0.040363092071556306 0.22328564740866494 0.10589413759812784 -0.081236984075959903 0.080631679652540547 -0.08564304492781144 0.18302089873761529 0.10380460624943844 0.0060607847096610249 -0.092197936857519272 -0.3698070900140914 0.028701675794342022 0.0011429584096381959 -0.0045762236323667492 -0.00072210181455980519 0.036544883571641144 0.0033878849587470924 -0.022332037784392026 -0.010960852352908629
leaf_weight=9.1662759872888255 1.617164862371282 3.8235168044848242 4.4391649247627347 2.3572073446339408 0.92094047967111592 1.9835901119586186 1.7004177374546987 2.0380010060034692 37.114771689990448 88.557725024229512 7.3009710969599819 1.8650532276078582 1.470200139476219 4.1872292585321702 5.1564384026314656 1.9115725548035687 9.1541256123891763 0.78248653886839648 0.84422927388368485 67.00528612031485 0.76596778258681275 0.66906223958358169 166.26305206834877 1671.6256579692126 93.120645126848103 2461.2119276670201 46.897145693576022 213.27963251166511 47.4625818481436 8.9767931904934795
leaf_count=365 29 813 3494 39 48 217 114 59 2548 561204 436 20 20 91 1404 33 735 10 17 4199 52 6 52627 25773 46561 150224 16447 3963 1611 154
internal_value=-3.44729e-06 -0.0140675 -0.0103599 0.000277243 0.0225534 0.0161801 0.0260771 -0.0616164 0.0351629 3.66393e-05 -0.0351966 0.000600871 0.123529 0.0608239 -0.0535797 -0.00379368 -0.0455266 0.00308792 -0.0696467 0.00810347 -0.10644 -0.221629 0.000228848 -0.00228086 -0.0285452 0.00188084 -2.5276e-05 0.0144769 0.000494833 -0.0315579
internal_weight=4963.67 97.1267 93.3031 4866.54 52.0015 48.9142 42.8368 4.02159 38.8152 4814.54 26.1223 17.3863 3.08737 6.05228 6.07738 84.1369 11.9099 72.2269 9.99835 67.7878 8.736 1.43503 4788.42 1900.77 181.678 2887.65 2508.11 379.543 1719.09 11.334
internal_count=873313 9666 8853 863647 4439 4390 2938 276 2662 859208 798 304 49 111 1452 8488 785 7703 752 4209 494 58 858410 635149 607765 223261 166671 56590 27384 193
is_linear=0
shrinkage=0.08


Tree=131
num_leaves=31
num_cat=0
split_feature=16 14 5 5 15 15 5 0 6 1 0 5 10 5 1 0 2 2 14 11 6 15 15 9 6 4 0 5 5 2
split_gain=2.98785 6.48144 8.06738 5.96105 6.38801 5.53506 20.9275 28.574 21.9125 18.5192 27.8299 16.6565 13.8284 11.4116 9.7814 7.24213 11.8393 9.11768 4.94861 4.75933 4.44957 7.31954 5.86003 18.061 5.488 5.48527 13.5963 31.9752 18.1827 17.457
threshold=1.0000000180025095e-35 1.0000000180025095e-35 0.51668518781661998 1.0000000180025095e-35 0.53151360154151928 0.68625652790069591 0.15331196784973147 0.48934240639209753 0.043961353600025184 0.33508773148059851 0.62988328933715831 0.065395578742027297 0.065591398626565947 0.1366749703884125 0.62258651852607738 0.7320508360862733 0.55403152108192455 0.45923791825771337 0.12337223067879678 0.38750000298023229 0.69309264421463024 0.29889015853405004 0.31284312903881079 0.27461755275726324 0.69789379835128795 0.2264957278966904 0.69614070653915416 0.29459981620311743 0.23132664710283282 0.31643131375312811
decision_type=2 2 2 2 2 2 2 2 2 2 2 2 2 2 2 2 2 2 2 2 2 2 2 2 2 2 2 2 2 2
left_child=1 2 3 4 19 6 9 8 -8 11 -11 -3 -9 14 18 16 -15 -17 -7 -1 25 -22 23 -23 -25 26 27 29 -28 -2
right_child=20 5 -4 -5 -6 13 7 12 -10 10 -12 -13 -14 15 -16 17 -18 -19 -20 -21 21 22 -24 24 -26 -27 28 -29 -30 -31
leaf_value=-0.064348194506965078 -0.0012063182530787375 0.0034851685768164239 0.082906144346490809 -0.022696709204824451 0.16302193851518848 -0.10476165180722896 0.48692957564190692 -0.024193931205266576 0.098576791808321546 -0.041467440347763972 0.32567236580710346 0.10615252571897511 0.033477145823083712 0.021446563134944193 0.16710286910328992 -0.08362269747387599 -0.032805384127905839 0.00018477788671604796 0.054884030057305626 0.029734766492700283 -0.016619075688310093 1.7789700626603411 0.032492281663998507 0.70461606081548978 0.10533370398674592 0.001169324068013649 0.10199614270427691 0.070107460026649526 -0.036148686379794806 -0.029017088152862327
leaf_weight=3.7339957797703383 881.30581382298988 480.80907143123841 12.633480702555969 20.615800460207538 2.1599155920557669 1.6291597913950662 0.97092150496974028 35.784185653137683 21.988218517537462 80.561267749080798 1.3434181718039315 10.330749178538097 103.78451622841385 34.101498336065561 4.6675392364850268 8.3600660328083887 105.04510286560981 1335.1832986894224 5.2378227349836379 43.877677088872588 21.959562254622142 0.043004058010409962 33.933796200672077 0.10146405849445761 2.7068592305877246 1357.6604854177021 6.3920718571807802 36.789852807201896 132.42840992736819 172.76977864100263
leaf_count=593 125442 56795 2651 3633 24 28 71 59725 1177 49686 674 1862 17970 492 46 141 1876 38927 67 1615 4791 9 6472 48 661 199782 4385 6485 30405 256780
internal_value=-6.08513e-06 0.00209434 0.0240423 0.0134771 0.0284606 0.00127717 0.00695802 0.0322957 0.115 -0.000228289 -0.0354455 0.0056447 0.0186908 -0.00151939 0.0777456 -0.00213603 -0.0195095 -0.000336706 0.0170088 0.0223562 -0.00184197 0.0199296 0.041748 0.151901 0.126986 -0.00233628 -0.00620672 -0.00320587 -0.0297877 -0.00576468
internal_weight=4958.91 2312.82 83.0209 70.3874 49.7716 2229.8 735.572 162.528 22.9591 573.045 81.9047 491.14 139.569 1494.22 11.5345 1482.69 139.147 1343.54 6.86698 47.6117 2646.09 58.7447 36.7851 2.85133 2.80832 2587.35 1229.69 1090.87 138.82 1054.08
internal_count=873313 238053 8516 5865 2232 229537 187960 78943 1248 109017 50360 58657 77695 41577 141 41436 2368 39068 95 2208 635260 11981 7190 718 709 623279 423497 388707 34790 382222
is_linear=0
shrinkage=0.08


Tree=132
num_leaves=31
num_cat=0
split_feature=10 8 7 4 16 2 4 5 8 9 7 10 9 1 5 11 11 7 4 2 10 0 10 8 9 5 10 7 4 15
split_gain=3.02264 16.6806 19.4021 11.0806 10.8611 22.2146 9.12396 7.91459 7.39898 16.8092 23.8032 9.45094 18.2271 15.8148 27.449 9.40312 32.3993 37.5794 9.07741 8.79646 8.28836 8.25058 8.11138 7.97669 7.91461 8.02826 6.92842 6.84514 6.96706 6.23597
threshold=0.3514705896377564 0.6062217950820924 0.65830647945404064 0.84523808956146251 1.0000000180025095e-35 0.55403152108192455 0.77500000596046459 0.91547620296478283 0.51116093993186962 0.63661757111549389 0.86996778845787059 0.17519181966781619 0.27461755275726324 0.83424907922744762 0.35355392098426824 0.93750000000000011 0.58571431040763866 0.66833335161209118 0.19090909510850909 0.1366749703884125 0.11882352828979494 0.22401433438062671 0.10762548446655275 0.30813187360763555 0.89314281940460216 0.62192192673683178 0.45643940567970281 0.62699216604232799 0.44949495792388922 0.30876226723194128
decision_type=2 2 2 2 2 2 2 2 2 2 2 2 2 2 2 2 2 2 2 2 2 2 2 2 2 2 2 2 2 2
left_child=8 27 4 6 5 -3 7 -4 11 -10 19 12 22 20 -15 16 -13 -18 -17 -11 -14 -21 -1 -24 25 -12 -8 29 -29 -2
right_child=1 2 3 -5 -6 -7 26 -9 9 10 24 15 13 14 -16 18 17 -19 -20 21 -22 -23 23 -25 -26 -27 -28 28 -30 -31
leaf_value=0.00019135561143607423 0.31611156587628753 1.0812148676762039 -0.00032763765284647342 0.058203896817705367 0.10200218378070874 0.13183526674380205 -0.099303159183895956 0.060824529745269425 -0.01854785095863366 -0.049267006320608119 -0.069817164486226407 0.012642284134080233 -0.054340149176025254 2.299903751490135 0.012901432437841196 -0.017246117641411807 0.44760434747873923 0.082322590837560272 0.065988270582018393 0.13568124015638122 -0.019481833316181613 0.024197356521682669 0.076689913440658564 -0.019829586494839322 0.023628346598151492 -0.22606841801305322 -0.014289037096024665 0.020611542423212909 0.087837694083187159 0.069545192911020501
leaf_weight=1618.1590335443525 0.95306642737705205 0.27417383494321257 1922.1337691593435 20.778565878790687 0.87071897397981846 0.37143321016628761 10.149755800521236 13.641306841542244 401.35588198424557 10.165451004919303 4.9873489134479296 277.21151898530479 77.321305851441139 0.033607507833948058 55.399718340409891 90.952504290387878 2.096444398030143 12.85525646296446 9.2372992824966769 4.4027416337194145 100.26322673240065 121.3070108258471 17.181706779814707 8.0461136688900279 2.5934823749703346 3.6408780013152864 15.511552468044099 137.29136654071044 10.630190828785997 2.1094845240440918
leaf_count=49144 30 36 59915 15394 169 20 258 10777 106669 850 104 39628 447506 44 40697 17136 542 231 638 473 68166 6842 464 1098 48 93 1581 3595 745 420
internal_value=-1.00709e-05 0.0022605 0.000309534 9.07108e-05 0.286366 0.535014 -0.000524914 0.000103299 -0.00173058 -0.0100691 0.0130652 0.000285196 -0.00207587 -0.0230151 0.014288 0.0115769 0.0188293 0.13354 -0.00957207 0.0223135 -0.0346593 0.0281019 0.000893129 0.0459062 -0.0989163 -0.135751 -0.0479145 0.0278937 0.0254427 0.146277
internal_weight=4951.93 2134.72 1983.73 1982.21 1.51633 0.645607 1961.44 1935.78 2817.21 548.453 147.097 2268.76 1876.4 233.018 55.4333 392.353 292.163 14.9517 100.19 135.875 177.585 125.71 1643.39 25.2278 11.2217 8.62823 25.6613 150.984 147.922 3.06255
internal_count=873313 92940 88150 87925 225 56 72531 70692 780373 115079 8410 665294 607119 556413 40741 58175 40401 773 17774 8165 515672 7315 50706 1562 245 197 1839 4790 4340 450
is_linear=0
shrinkage=0.08


Tree=133
num_leaves=31
num_cat=0
split_feature=9 14 10 9 7 14 4 6 10 14 7 9 14 9 11 10 0 15 6 11 11 5 5 5 7 10 10 2 11 0
split_gain=2.9725 23.3962 13.0626 10.7817 8.26447 8.05403 12.8609 7.49041 7.44779 7.7087 16.1139 15.5049 13.2886 12.842 9.65379 8.66693 6.99921 6.49436 6.48826 8.77823 6.90382 6.31557 5.64524 10.1615 5.51047 5.44208 4.51291 4.50665 4.42332 11.8932
threshold=0.86974194645881664 0.129171296954155 0.61721614003181469 0.91442927718162548 0.88648077845573436 0.055815160274505622 0.64583334326744091 0.14854215830564502 0.82480818033218395 0.25521059334278112 0.5085725486278535 0.80586275458335888 0.12018518522381784 0.80586275458335888 1.0000000180025095e-35 0.58578431606292736 0.16807910054922107 0.99885582923889171 0.59549137949943554 0.93750000000000011 0.38750000298023229 0.17694497108459475 0.61620295047760021 0.69309264421463024 0.87895438075065624 0.79057019948959362 0.67333334684371959 0.29217478632926946 0.14835165441036227 0.76253134012222301
decision_type=2 2 2 2 2 2 2 2 2 2 2 2 2 2 2 2 2 2 2 2 2 2 2 2 2 2 2 2 2 2
left_child=8 4 22 -4 5 16 -7 -8 9 10 -1 18 14 -14 -12 27 -2 28 19 -11 -20 -17 -3 24 -24 26 -5 -13 -6 -30
right_child=1 2 3 25 17 6 7 -9 -10 11 12 15 13 -15 -16 21 -18 -19 20 -21 -22 -23 23 -25 -26 -27 -28 -29 29 -31
leaf_value=-0.063698200771477545 -0.1674046184205393 0.077795076850841721 -0.0060842193142647341 0.02823959204988909 0.0091025310660387999 -0.05914320598207734 -0.079499569920175969 -0.42143764636757519 0.026626685470773317 0.0010418973745594288 0.016597739677168481 0.15270579603952114 -0.007278324337224037 -0.035729769863526009 -0.0042157306465862975 -0.02273396727196442 0.034722828275757005 0.078845430143717435 -0.0017720557316923244 -0.013851057622914451 0.040196162183839396 0.085960007917160616 -0.1803412880893005 0.061243891779237079 -0.012976415031606037 0.0089432538584865162 0.11733340984672871 0.062111865912276597 0.00017407841637848278 -0.036266858803652012
leaf_weight=30.769785825320469 1.3601912567391972 40.528585471751285 61.502063873500447 5.718455387614088 144.06357585679507 4.8957462027319707 0.61593202335643571 1.2263453396153634 62.503849111431919 2571.8671706174755 215.7612041687853 4.1436316055478555 425.66827998365807 133.33667400061677 420.74305349182032 13.616996681084858 5.654023870054516 6.3398304038491906 47.810875190443767 280.96558114425352 52.777626016038994 4.5692288982536402 1.6352055655443134 18.282594008996966 5.4731334599491674 9.7867478074840601 10.004591970006002 23.137655003389227 268.12361138348933 72.904689097413211
leaf_count=358998 11 729 5247 623 3295 85 37 25 5959 263087 10125 35 72417 4770 69666 138 185 9486 11439 27648 7156 1089 25 1384 168 1300 1007 1203 4623 11353
internal_value=-1.82455e-05 0.00498778 0.0324028 0.0120523 -0.00331139 -0.0644785 -0.126943 -0.307117 -0.000786621 -0.00119215 -0.00653588 0.000992957 -0.00506465 -0.0140647 0.00283959 0.0473543 -0.00447357 -0.00159969 0.000279231 -0.000424858 0.0202482 0.00457503 0.0592648 0.029687 -0.0514771 0.055778 0.0849301 0.0758718 -0.00265106 -0.00761623
internal_weight=4945.79 658.115 152.931 87.0119 505.184 13.7522 6.73802 1.84228 4287.67 4225.17 1226.28 2998.89 1195.51 559.005 636.504 45.4675 7.01422 491.432 2953.42 2852.83 100.589 18.1862 65.9195 25.3909 7.10834 25.5098 15.723 27.2813 485.092 341.028
internal_count=873313 39583 10483 8177 29100 343 147 62 833730 827771 515976 311795 156978 77187 79791 2465 196 28757 309330 290735 18595 1227 2306 1577 193 2930 1630 1238 19271 15976
is_linear=0
shrinkage=0.08


Tree=134
num_leaves=31
num_cat=0
split_feature=6 0 5 1 2 2 2 0 2 5 2 0 1 0 0 0 6 1 0 5 5 0 6 0 0 6 7 14 7 2
split_gain=2.91525 20.9582 11.826 40.1571 23.1246 35.1933 19.0681 31.0137 39.8278 30.0376 17.7635 16.3166 16.2881 15.6989 13.7792 15.5673 13.2136 11.9808 11.5416 74.88 24.2153 44.5696 26.9078 32.594 25.9889 22.2235 24.5379 20.3271 18.1569 15.6126
threshold=0.14854215830564502 0.12834591418504718 0.58411949872970592 0.82891985774040233 0.91331186890602123 0.82009246945381176 0.7933771312236787 0.80982521176338207 0.67006802558898937 0.4014925360679627 0.63224515318870556 0.94201681017875682 0.68703359365463268 0.91715687513351452 0.88548010587692272 0.89825496077537548 0.059411764144897468 0.70396453142166149 0.69614070653915416 0.28035087883472448 0.63525497913360607 0.91024166345596325 0.34654632210731512 0.9529346525669099 0.91331186890602123 0.25834259390830999 0.65830647945404064 0.49212549626827246 0.60723635554313671 0.270728349685669
decision_type=2 2 2 2 2 2 2 2 2 2 2 2 2 2 2 2 2 2 2 2 2 2 2 2 2 2 2 2 2 2
left_child=2 -2 3 6 5 14 7 8 -1 -8 -9 17 -11 -6 -4 -16 -13 -7 19 27 22 -22 23 -20 -24 -21 -27 28 -3 -29
right_child=1 18 4 -5 13 11 9 10 -10 12 -12 16 -14 -15 15 -17 -18 -19 20 25 21 -23 24 -25 -26 26 -28 29 -30 -31
leaf_value=0.0058448419411030227 -0.023650593487681459 -0.057589919331563676 -0.062137662328519111 0.049796941786317772 0.084458909384530934 0.12656891826855635 0.077246908941346865 -0.030524823800116556 -0.044543620811034731 0.036794628156624272 0.055055995880517399 0.062208268293258831 -0.083670735332811677 0.0010561252238342454 0.13280136179013308 0.012841540795742961 -0.076180820505894781 -0.062147204248210894 -0.019334303112481507 0.021980143694967126 0.11450997417946 0.0034748078629824124 -0.033220639899838152 -0.088238495296593097 0.012526469475388104 0.27644703434450202 0.09687644992795745 0.048574149358902155 -0.0019440061162268839 -0.00054508394252669496
leaf_weight=904.33254660798229 254.46834766005668 39.855490183663278 14.04286002077424 126.69801697156436 14.751730008763841 2.1883371566145788 11.606795639396294 18.176854885408829 112.92991253246691 8.5328218145077681 106.2874320968167 13.775253040190366 45.420334966540395 692.51607709453492 7.5796133071908107 79.972438296497785 6.4989341937762211 133.37479968206389 342.52641971596859 23.111334183096915 24.017175879453134 630.94402472554793 106.41376544461491 50.401693556246755 313.97066657246614 5.5015748761088608 42.437135107058566 89.981477119974443 642.58976883997093 76.729862744126876
leaf_count=175303 23979 328784 1101 6893 1114 92 634 1230 23514 1161 7993 1447 4402 57676 352 6818 346 6885 54530 5434 954 30232 32492 2746 23191 2469 1697 4537 42294 23013
internal_value=-1.28286e-05 -0.00182495 0.00207069 0.00695035 -0.00467689 -0.025207 0.00245384 0.00486306 0.00025104 -0.0395028 0.0425577 -0.04909 -0.0646188 0.00279569 0.0114274 0.0232268 0.0178473 -0.0591008 0.000500346 0.00752496 -0.00390217 0.00754642 -0.0131217 -0.0281728 0.000946302 0.0864186 0.117484 0.00092383 -0.00519378 0.0259667
internal_weight=4941.63 2642.95 2298.68 1333.98 964.7 257.432 1207.29 1141.73 1017.26 65.56 124.464 155.837 53.9532 707.268 101.595 87.5521 20.2742 135.563 2388.48 920.207 1468.27 654.961 813.313 392.928 420.384 71.05 47.9387 849.157 682.445 166.711
internal_count=873313 576352 296961 221130 75831 17041 214237 208040 198817 6197 9223 8770 5563 58790 8271 7170 1793 6977 552373 408228 144145 31186 112959 57276 55683 9600 4166 398628 371078 27550
is_linear=0
shrinkage=0.08


Tree=135
num_leaves=31
num_cat=0
split_feature=9 5 14 6 5 2 4 11 15 7 14 7 1 5 11 15 2 11 11 7 7 2 0 6 9 8 5 5 14 1
split_gain=2.82248 8.74244 9.08191 7.25457 20.2936 14.088 13.566 9.66793 8.82645 8.18115 4.32836 17.0309 10.3622 24.1954 17.3163 14.5753 14.1131 6.96686 17.0816 16.0103 9.10063 8.40571 10.5294 9.15217 6.83663 6.16248 11.8293 5.9769 5.90264 7.66229
threshold=0.76728257536888134 0.93440860509872448 0.30621437728405004 0.34654632210731512 0.10063291341066362 0.18321678787469867 0.10555555671453477 0.47222222387790685 0.30876226723194128 0.89492085576057445 0.32616405189037329 0.4866060763597489 0.6569296419620515 0.29758481681346899 0.47222222387790685 0.6700209677219392 0.78319624066352855 0.93750000000000011 0.5634920895099641 0.74443343281745922 0.77826943993568432 0.1366749703884125 0.270728349685669 0.18808962404727939 0.67276915907859813 0.75484195351600658 0.63859337568283092 0.4380482435226441 0.5534847378730775 0.15504807978868487
decision_type=2 2 2 2 2 2 2 2 2 2 2 2 2 2 2 2 2 2 2 2 2 2 2 2 2 2 2 2 2 2
left_child=10 2 3 5 9 7 -6 -2 -7 -5 11 -1 14 -14 16 -16 -13 18 25 28 -20 23 -23 -21 -22 -12 -27 -15 29 -19
right_child=1 -3 -4 4 6 8 -8 -9 -10 -11 17 12 13 27 15 -17 -18 19 20 21 24 22 -24 -25 -26 26 -28 -29 -30 -31
leaf_value=-0.06430648793159463 -0.012587372672427885 0.074803389663411046 0.045333892064840703 0.032161409483152617 0.071343782673649284 -0.17517132956546294 0.017271467899194627 0.032563105800277901 -0.0070496984388052977 -0.010135760259449469 0.00062881930691507406 -0.032819989433917778 0.11101806511725476 0.026481023571190171 0.0062298564429978743 -0.038798918848032618 0.1237730119466738 0.11714949895878807 0.10715368663880556 -0.021877362184623481 0.043977793549344266 0.035437866098980406 -0.02594224641602896 -0.070595512613108924 -0.054653654552220675 0.097066051660409297 -0.080856872049407752 -0.0017654569245792917 0.0047013913839629006 0.020635900869160614
leaf_weight=30.697436830649167 42.482751215517055 10.858293073411913 31.14148830823251 34.663500151073094 45.650836742657702 2.0045936489477745 84.959310980906594 106.2960479138419 664.76472109961469 187.97353277384536 2414.9504729898526 193.23633069053722 13.61586780365178 56.38584629703837 311.79401218680414 53.969517424848164 3.7550666240094861 8.8460699753668468 12.904506161314201 103.5391483232379 27.613003898819443 31.099826322169974 42.099599046166986 32.401718480861746 5.3728618090390219 10.172343695536254 3.1265840837149872 320.19890519398177 29.123650768131483 13.003022234814123
leaf_count=398439 651 14513 1015 615 1425 20 4941 2643 32337 1638 186352 96766 1047 3698 86843 1512 183 1213 868 741 542 316 2427 410 108 180 228 20009 1596 10037
internal_value=-1.23529e-05 0.00334234 0.00269569 0.00155963 0.0111362 -0.00258839 0.0361708 0.0196707 -0.00755514 -0.0035503 -0.00110486 -0.0056558 -0.00376649 0.00625182 -0.010713 -0.000414276 -0.029835 0.000532345 0.0018417 -0.011922 0.0501952 -0.0217205 0.000135975 -0.0334894 0.0279123 0.000927891 0.0552363 0.00246387 0.0282811 0.0597115
internal_weight=4928.7 1210.8 1199.94 1168.8 353.247 815.548 130.61 148.779 666.769 222.637 3717.91 983.653 952.956 390.201 562.755 365.764 196.991 2734.25 2474.14 260.113 45.8904 209.14 73.1994 135.941 32.9859 2428.25 13.2989 376.585 50.9727 21.8491
internal_count=873313 59798 45285 44270 8619 35651 6366 3294 32357 2253 813515 608497 210058 24754 185304 88355 96949 205018 188278 16740 1518 3894 2743 1151 650 186760 408 23707 12846 11250
is_linear=0
shrinkage=0.08


Tree=136
num_leaves=31
num_cat=0
split_feature=15 6 10 0 8 0 2 6 1 14 6 14 7 9 6 9 14 10 7 10 8 6 7 8 7 11 10 7 14 9
split_gain=2.59678 4.09175 8.07753 3.23667 3.31474 2.63482 9.67804 4.31912 4.22826 4.50089 7.21652 7.30458 4.6744 3.88821 5.20934 2.70685 20.0128 12.0314 6.848 6.27935 6.1488 2.23249 1.79811 1.6008 1.51446 1.7572 0.957403 0.861339 0.731783 4.14083
threshold=0.11000982299447061 0.22611077129840854 0.3514705896377564 1.0000000180025095e-35 0.51928389072418224 0.0745370388031006 0.072948999702930464 1.0000000180025095e-35 0.072948999702930464 0.25819891691207891 0.13100686669349673 0.62031176686286937 0.94151845574378978 0.73854896426200878 0.19292803853750232 0.86974194645881664 0.129171296954155 0.61721614003181469 0.88648077845573436 0.82480818033218395 0.88939857482910167 0.14434523880481723 0.6304883360862733 0.8668593466281892 0.99812734127044689 0.11805555596947671 0.77097901701927196 0.9492306411266328 0.58303356170654308 0.54246303439140331
decision_type=2 2 2 2 2 2 2 2 2 2 2 2 2 2 2 2 2 2 2 2 2 2 2 2 2 2 2 2 2 2
left_child=1 2 24 4 22 8 7 -7 9 13 12 -12 -11 23 -15 19 18 -18 -17 20 -8 -21 -3 -2 25 -1 -9 -6 29 -10
right_child=5 3 -4 -5 27 6 15 26 28 10 11 -13 -14 14 -16 16 17 -19 -20 21 -22 -23 -24 -25 -26 -27 -28 -29 -30 -31
leaf_value=0.097565177851193299 -0.11465289964184491 -0.080670844026711389 0.092109161218865282 -0.08908274086603836 -0.095690362333549023 -0.54694500168353866 -0.00047076488306489679 -0.10368066205947686 -0.087849869057844948 -0.057244939442508323 0.13179686845670416 0.00015967473288844256 0.089707650416798096 0.095308726396848939 -0.040518888156548173 -0.058090761710795802 0.057046770748668624 0.010996026793352954 -0.0012206291017106085 0.049122532481012511 -0.017479387068490403 0.015132688870960549 0.27691160735819281 0.0049265608257331173 0.073615177493580222 -0.1035955634806547 -0.0021553923115154292 0.05437942108291785 0.13273802353466554 0.12045179274055141
leaf_weight=0.30388792557642208 3.3310199002462495 0.1148833006482145 3.9510649796575308 7.6192915737974545 0.71670995092063072 0.13662381521498801 4016.7817299915314 5.101187095293426 0.8163106973843236 6.0414983603113823 6.4500937436278019 4.6376030445098877 1.7974923996953291 2.7391482270904799 5.3109609907260165 13.942898671593865 63.38458449265454 85.003510326227115 482.27901867949549 17.46910306483187 140.79730402552377 42.345349987488589 0.41552631970262155 0.91282361827325065 0.42362259328365315 3.2518637115790625 0.67287880368530739 0.37173156067728996 1.7056325089652089 2.4257898687719717
leaf_count=4 912 147 38 3022 79 14 814975 955 115 132 668 123 15 76 60 342 2302 8163 28648 3374 6169 2548 6 24 2 310 8 4 19 59
internal_value=-1.17972e-05 -0.0310704 0.0110819 -0.0672558 0.0354749 9.6935e-05 -6.29029e-05 -0.102369 0.0216096 0.0107206 0.0352014 0.0767375 -0.0235485 -0.026968 0.00569812 6.14694e-05 0.0048897 0.0306668 -0.00281857 -0.000676504 -0.00104677 0.0250596 0.199462 -0.0889321 -0.0693689 -0.0864036 -0.0918494 -0.0444376 0.0903202 0.0680047
internal_weight=4921.25 17.1686 7.93044 9.23814 1.61885 4904.08 4867.91 5.91069 36.1684 31.2206 18.9267 11.0877 7.83899 12.294 8.05011 4862 644.61 148.388 496.222 4217.39 4157.58 59.8145 0.53041 4.24384 3.97937 3.55575 5.77407 1.08844 4.94773 3.2421
internal_count=873313 3612 354 3258 236 869701 867498 977 2203 2010 938 791 147 1072 136 866521 39455 10465 28990 827066 821144 5922 153 936 316 314 963 83 193 174
is_linear=0
shrinkage=0.08


Tree=137
num_leaves=31
num_cat=0
split_feature=6 2 6 2 6 6 2 0 2 15 2 0 6 5 2 2 2 1 0 0 5 2 0 5 2 5 9 5 6 6
split_gain=2.49397 17.445 14.549 11.0635 34.454 17.4503 36.6809 28.673 24.899 15.1107 14.6495 40.4186 17.5651 9.96906 35.3997 19.3672 29.681 14.2288 13.7023 13.0626 43.9519 41.5325 30.5037 20.7707 17.4126 14.6912 12.1508 11.8699 11.3197 9.26364
threshold=0.14854215830564502 0.12945119291543963 0.21807064861059192 0.19399641454219821 0.35067567229270941 0.29061582684516912 0.82413583993911754 0.91024166345596325 0.61938297748565685 0.3200345933437348 0.6820855736732484 0.82807883620262157 0.48863048851490026 0.58411949872970592 0.85565477609634411 0.91331186890602123 0.82009246945381176 0.82891985774040233 0.94201681017875682 0.76833632588386547 0.30825792253017431 0.74862638115882885 0.7320508360862733 0.38529014587402349 0.60736888647079479 0.55217784643173229 0.72427368164062511 0.69309264421463024 0.059411764144897468 0.89699381589889537
decision_type=2 2 2 2 2 2 2 2 2 2 2 2 2 2 2 2 2 2 2 2 2 2 2 2 2 2 2 2 2 2
left_child=13 2 -2 4 9 6 8 -8 -5 -3 12 -12 -7 14 19 16 26 -17 27 20 22 25 -1 -23 -22 -21 -15 -18 -20 -6
right_child=1 3 -4 5 29 10 7 -9 -10 -11 11 -13 -14 15 -16 17 18 -19 28 21 24 23 -24 -25 -26 -27 -28 -29 -30 -31
leaf_value=0.002406220409301447 -0.002161579953853915 0.062838534237128013 -0.03877257039488044 -0.004966122505800483 -0.018105285784665446 -0.016925512055372502 0.054877315567371937 -0.0017897974199641705 -0.043244694309401775 -0.072807559087527687 0.079507197985591485 0.0077015915555772385 0.0087920499791019468 -0.0040898291577787906 0.063321105935021937 0.073892004338693709 -0.035713413082314446 0.00076040272161250063 0.059027420038170603 0.049240267897952932 0.01287378408931324 0.066683144750867701 0.1049947043122379 -0.025868305350892011 -0.06766889337117668 -0.048539771771836 0.062800925040878669 -0.084534900448765118 -0.069164436457104725 0.1014109044280027
leaf_weight=817.76044872717102 137.58994435804198 85.868237489430612 140.31193318416626 196.75924815549297 97.94955477311305 284.88174566542693 64.564257068188454 497.41207850954561 243.15422568206486 5.5986163565721645 57.536328261996459 391.86442162236563 421.37494363111 78.938610089573558 66.463028590300382 17.458949111425682 84.556510460575737 688.18260745256339 13.401590748280798 165.62280720950184 21.784589193699503 17.693351686371898 18.980170790486227 126.28433525841501 81.251638627911234 10.45493470173278 22.28724009081634 51.152344834345968 6.5696854892412366 4.3342349014164929
leaf_count=165342 5703 3721 20550 139600 12072 188371 3894 24598 42941 494 4832 23577 105793 4861 3736 945 4383 57845 1447 13434 3305 1265 1526 12868 18994 660 3410 2594 346 206
internal_value=-1.05979e-05 -0.00169147 -0.0206464 0.000548822 0.0188611 -0.00109564 -0.00882274 0.00472057 -0.0261239 0.0545357 0.00560331 0.0168948 -0.00158161 0.00192023 0.00641803 -0.0042773 -0.0230842 0.00256982 -0.0450108 0.00341608 -0.0013378 0.0173749 0.00473328 -0.0144947 -0.05064 0.0434344 0.0106377 -0.0541156 0.0168578 -0.0130408
internal_weight=4918.04 2629.2 277.902 2351.3 193.751 2157.55 1001.89 561.976 439.913 91.4669 1155.66 449.401 706.257 2288.84 1326.3 962.548 256.906 705.642 155.68 1259.83 939.777 320.055 836.741 143.978 103.036 176.078 101.226 135.709 19.9713 102.284
internal_count=873313 576352 26253 550099 16493 533606 211033 28492 182541 4215 322573 28409 294164 296961 221130 75831 17041 58790 8770 217394 189167 28227 166868 14133 22299 14094 8271 6977 1793 12278
is_linear=0
shrinkage=0.08


Tree=138
num_leaves=31
num_cat=0
split_feature=16 14 5 5 5 6 0 15 5 10 15 1 5 4 5 1 14 11 4 14 11 15 2 6 2 5 10 2 14 9
split_gain=2.2556 5.64309 7.26173 5.46662 6.40801 5.36486 4.92747 4.87707 18.2841 16.6217 15.5581 13.3695 19.3249 12.6679 9.70119 9.10788 7.85434 6.50374 24.3131 10.761 4.75451 4.05584 3.84277 3.52561 8.59972 13.6363 5.3894 6.64508 6.56593 36.9561
threshold=1.0000000180025095e-35 1.0000000180025095e-35 0.51668518781661998 1.0000000180025095e-35 0.51389962434768688 0.70412456989288341 0.70659971237182628 0.68625652790069591 0.18624359369277957 0.097167581319808974 0.63494759798049938 0.33508773148059851 0.080322578549385085 0.2264957278966904 0.1366749703884125 0.62258651852607738 0.62031176686286937 0.11805555596947671 0.26136364042758947 0.19920635223388675 0.38750000298023229 0.70402085781097423 0.18321678787469867 0.6776927411556245 0.43534001708030706 0.24467120319604876 0.36939570307731634 0.18321678787469867 1.0000000180025095e-35 0.41191250085830694
decision_type=2 2 2 2 2 2 2 2 2 2 2 2 2 2 2 2 2 2 2 2 2 2 2 2 2 2 2 2 2 2
left_child=1 2 3 5 6 20 -5 8 11 16 -11 12 -3 -13 15 21 -10 18 -16 -19 -1 -9 -7 -2 26 -26 28 -28 29 -25
right_child=23 7 -4 4 -6 22 -8 14 9 10 -12 13 -14 -15 17 -17 -18 19 -20 -21 -22 -23 -24 24 25 -27 27 -29 -30 -31
leaf_value=-0.055925190337261829 -0.002091708070743787 0.0033785216130757223 0.080380361307484327 -0.062759014578338948 -0.61832935080598062 -0.059818761926256576 0.016894809327351983 -0.082451084116725415 -0.050207636503012056 0.086687784979554178 0.021239234033843236 -0.03779760900819417 0.11542797220242987 0.048411271053123456 0.043039102726641423 0.16309023013243859 0.019048232561703338 -0.025328630064350845 -0.002417236202500186 0.0020568854647923093 0.052294693969634237 0.053813068481248894 0.024791059995707503 3.4865340912026945 0.16960064767519153 -0.13526301718104639 -0.018643074668068277 0.044076121428797778 -0.038642182957298155 -0.080638018646922591
leaf_weight=2.8245790686723913 2547.8936496649867 480.09053446749931 11.864864134699017 9.0432363638847217 0.11482017587331839 6.5217550024535722 11.036148628758381 1.9499770486727337 17.08708832868615 43.634879547764285 49.746848461974878 85.08907258432555 10.057289378055428 12.513123099903167 81.311273784725927 4.3507337688934058 27.105538613948738 179.92373597663391 1019.6849171305075 187.55917821690673 32.417482756878599 4.9383350881398655 7.2595321737244376 0.022428381225835348 4.7105895085405782 1.1727735340864454 17.057776137487963 29.523598212981597 15.075819089288414 0.10853497145581059
leaf_count=538 620565 57316 2651 1677 37 179 1919 21 58547 7205 2516 52970 1591 4514 1143 46 3301 19782 9764 10747 1341 74 174 191 441 132 197 359 13118 257
internal_value=-8.62857e-06 0.00182698 0.0225543 0.0126421 -0.022387 0.0270717 -0.0189792 0.00106481 0.00643865 0.0326922 0.0518217 0.000293495 0.00567765 -0.0267452 -0.00156932 0.0724734 -0.00772956 -0.00213601 0.000939826 -0.0113514 0.0436211 0.0152387 -0.0152491 -0.00161304 0.0164093 0.10883 0.00760921 0.0211088 -0.0337427 0.530265
internal_weight=4901.69 2286.12 81.0824 69.2176 20.1942 49.0233 20.0794 2205.04 725.324 137.574 93.3817 587.75 490.148 97.6022 1479.72 11.239 44.1926 1468.48 1101 367.483 35.2421 6.88831 13.7813 2615.57 67.6715 5.88336 61.7882 46.5814 15.2068 0.130963
internal_count=873313 238053 8516 5865 3633 2232 3596 229537 187960 71569 9721 116391 58907 57484 41577 141 61848 41436 10907 30529 1879 95 353 635260 14695 573 14122 556 13566 448
is_linear=0
shrinkage=0.08


Tree=139
num_leaves=31
num_cat=0
split_feature=8 14 11 10 9 6 0 15 9 9 2 6 9 9 14 8 14 11 14 10 10 2 9 14 10 11 14 6 14 14
split_gain=2.30223 7.47338 6.60189 5.88469 5.73737 5.22629 6.04751 7.08241 6.05529 5.18691 4.77179 5.87531 4.44089 3.07042 5.41 3.82701 19.3247 4.95862 5.5667 5.42295 4.90149 4.06397 4.02734 19.1099 9.9631 9.10561 6.21422 11.396 9.90821 2.33214
threshold=0.95672976970672619 0.015268065501004459 0.23611111193895343 0.58578431606292736 0.53365698456764232 0.2522727251052857 0.53262412548065197 0.99885582923889171 0.84898874163627636 0.56265702843666088 0.21778655797243121 0.22335600852966311 0.58355855941772472 0.95600938796997081 1.0000000180025095e-35 0.92921337485313427 0.085867896676063551 0.63333335518836986 0.07907764241099359 0.47493734955787664 0.61721614003181469 0.80217391252517711 0.8782135844230653 0.129171296954155 0.61721614003181469 0.86607143282890331 0.030457638204097751 0.33602151274681097 0.21889881044626239 0.071685511618852629
decision_type=2 2 2 2 2 2 2 2 2 2 2 2 2 2 2 2 2 2 2 2 2 2 2 2 2 2 2 2 2 2
left_child=13 3 -3 -2 10 29 8 -8 -7 -6 -5 -12 -11 15 -15 22 17 19 -19 -17 -18 -22 26 25 -25 -24 27 -1 -28 -4
right_child=1 2 5 4 9 6 7 -9 -10 12 11 -13 -14 14 -16 16 20 18 -20 -21 21 -23 23 24 -26 -27 28 -29 -30 -31
leaf_value=0.027063849743212534 0.11859602899230128 0.063362155076941956 0.050279970588101019 -0.2936058209839334 0.096940019728356322 0.083956816197567188 -0.11175708864349415 0.12298326049131639 -0.014170829526286144 -0.12242048250273246 -0.14076425215426347 0.047311271660117032 -0.00097631278329652726 -0.062995966564316982 0.066853607830376291 0.0023224686821600739 0.091562385980726635 0.028065403767036885 -0.085802848783876992 -0.064725761696727946 0.0029889420254099151 0.064942758959701946 -0.018427639973089559 0.060081130642718632 0.013786681468856627 0.029519114940356441 -0.0088163939066362804 -0.018211951756994704 0.00071036120038687892 -0.015738006136112315
leaf_weight=123.66336821388177 2.5962918089062432 23.693777685373789 20.825107628385016 0.62899946770630677 3.4371918187825932 5.3047281401231947 5.6652612422767552 0.96232257431256574 16.6790891722776 1.9469642834446848 2.407880720711546 1.9033021938375894 188.55461493848998 2.6032983968034378 9.7234659726527735 9.2696499240118992 5.4619136278197393 10.787159132974919 3.6868328305572495 46.194301485666074 46.31139649132092 7.9378023126337203 129.6825276890595 50.536245421448257 72.341237035638187 31.508696109522134 900.04764609562244 49.950836029202037 3123.0912827450284 4.0985954892821601
leaf_count=41982 33 1432 3384 23 275 59 486 197 173 234 194 91 14996 58 432 147 325 869 313 655 1920 3675 2406 1889 7245 2626 391112 21817 373571 694
internal_value=-1.72001e-05 0.00704403 0.0282032 -0.00106663 -0.00262878 0.0126424 -0.0106871 -0.0776729 0.00950752 -0.00046012 -0.0877647 -0.0577326 -0.0022175 -0.000442915 0.0394306 -0.000549523 -0.0140996 -0.0426382 -0.000939256 -0.05352 0.0193269 0.0120541 -0.000157462 0.00906114 0.0328264 -0.0090553 -0.000781449 0.0140375 -0.00142094 0.0394236
internal_weight=4901.5 278.704 77.2289 201.475 198.879 53.5351 28.6114 6.62758 21.9838 193.939 4.94018 4.31118 190.502 4622.8 12.3268 4610.47 129.649 69.9379 14.474 55.464 59.7111 54.2492 4480.82 284.069 122.877 161.191 4196.75 173.614 4023.14 24.9237
internal_count=873313 22271 6425 15846 15813 4993 915 683 232 15505 308 285 15230 851042 490 850552 7904 1984 1182 802 5920 5595 842648 14166 9134 5032 828482 63799 764683 4078
is_linear=0
shrinkage=0.08


Tree=140
num_leaves=31
num_cat=0
split_feature=10 8 7 4 4 5 2 7 8 9 7 10 9 10 7 15 7 15 9 5 10 7 9 11 8 8 9 5 5 0
split_gain=2.28119 14.8525 11.9832 9.73753 7.26816 6.61278 6.50972 10.0123 6.05949 12.1115 19.1801 9.42224 12.8868 9.19648 10.6705 7.82017 15.9321 13.949 7.54901 6.57866 6.53028 14.2569 11.1654 7.35031 7.09911 8.19165 6.00927 5.55931 5.45163 5.44517
threshold=0.3514705896377564 0.5655868947505952 0.66833335161209118 0.84523808956146251 0.77500000596046459 0.91547620296478283 0.10212950780987741 0.86121249198913585 0.45622551441192633 0.63661757111549389 0.86121249198913585 0.23205128312110904 0.41277122497558599 0.15894736349582675 0.80123457312583934 0.26773250102996832 0.85012078285217296 0.33259908854961401 0.27461755275726324 0.81530213356018078 0.17902930825948718 0.56019324064254772 0.60044842958450328 0.93750000000000011 0.61125501990318309 0.61574918031692516 0.46679636836051946 0.65669643878936779 0.62192192673683178 0.88047617673873912
decision_type=2 2 2 2 2 2 2 2 2 2 2 2 2 2 2 2 2 2 2 2 2 2 2 2 2 2 2 2 2 2
left_child=8 6 -3 4 5 -4 7 26 11 20 15 12 13 18 -15 16 -11 -17 -1 28 24 22 -22 -23 -10 -26 -2 -6 -12 -5
right_child=1 2 3 29 27 -7 -8 -9 9 10 19 -13 -14 14 -16 17 -18 -19 -20 -21 21 23 -24 -25 25 -27 -28 -29 -30 -31
leaf_value=0.0007625442140964053 -0.01861944719251241 0.10581122627276265 -8.8194540431281259e-05 -0.17780669914619043 0.13030869036599305 0.058354718045936005 0.049581344940048011 -0.036765352541341827 -0.041303579437787889 -0.053225425102660755 -0.043673527511136456 0.024925316208094524 -0.036278156900271356 0.044327004653169841 -0.0033243262069751552 0.2199482013272025 0.62691000015767961 0.025016530290483955 -0.018564406396246555 0.089783539061467008 0.049468212292819426 -0.0076302085596975109 0.46790377269352801 -0.03259163254108715 0.48614082774130724 0.037439328025680021 0.13726385898078994 -0.049968604433528886 -0.1444978426938722 0.064154518857804183
leaf_weight=1632.2045125575478 2.5088882778072756 6.9090903470641924 1961.0894764694458 0.61462039808975788 1.1447006432863442 12.469611937638545 58.615267471061088 15.477974442066623 68.519878602666722 11.329442311835006 7.6892611284856667 98.020365843978652 62.347817076977663 64.313510626838251 56.495345286792144 2.3977028745139242 0.22479885502252805 116.65226490173518 140.47488981803417 1.4610588655632444 18.341909864659105 407.0594466185612 0.41741823721167648 92.692194370840298 0.28066605519779786 3.6057541005538951 4.2873689029365778 25.093002913199598 6.1994552594260313 18.887634999373404
leaf_count=50393 25 813 61472 125 52 10857 2275 118 130699 1014 148 4632 116394 8931 1037 278 6 6976 356966 90 27896 58697 240 15022 181 704 56 1797 69 15350
internal_value=-1.1492e-05 0.00197545 0.000633453 0.000273585 -0.000275025 0.000281067 0.0355912 -0.00122413 -0.0015117 -0.00773526 0.0129018 0.000721149 -0.000491888 0.000686464 0.0220432 0.022844 -0.0399927 0.0289425 -0.000769008 -0.0716913 -0.0128325 -0.00968983 0.0587789 -0.01226 -0.0353378 0.0698433 0.0797184 -0.0421035 -0.0886781 0.056529
internal_weight=4897.83 2107.1 2026.21 2019.3 1999.8 1973.56 80.8895 22.2742 2790.73 736.871 145.954 2053.86 1955.84 1893.49 120.809 130.604 11.5542 119.05 1772.68 15.3498 590.917 518.511 18.7593 499.752 72.4063 3.88642 6.79626 26.2377 13.8887 19.5023
internal_count=873313 92940 90466 89653 74178 72329 2474 199 780373 242020 8581 538353 533721 417327 9968 8274 1020 7254 407359 307 233439 101855 28136 73719 131584 885 81 1849 217 15475
is_linear=0
shrinkage=0.08


Tree=141
num_leaves=31
num_cat=0
split_feature=6 4 4 4 2 0 2 5 0 2 5 0 1 6 6 2 1 4 0 9 8 4 0 2 4 6 4 1 5 4
split_gain=2.14163 11.4879 16.7187 28.332 20.0706 16.2353 13.631 18.3958 11.9404 19.0884 13.1671 11.5483 30.9605 18.9529 10.9371 36.3073 21.7352 15.3187 13.1625 11.1184 10.7398 10.2363 50.7241 30.9578 23.7369 20.2281 11.7682 19.5184 18.0085 16.6998
threshold=0.10380747169256212 0.64583334326744091 0.35416667163372045 0.44949495792388922 0.84028983116149913 0.89039039611816417 0.6776927411556245 0.53158244490623485 0.99494948983192455 0.84660634398460399 0.83558556437492382 0.83935481309890758 0.7243877947330476 0.10582306981086732 0.24037037044763568 0.85880398750305187 0.62258651852607738 0.84523808956146251 0.90366768836975109 0.5085725486278535 0.8668593466281892 0.64583334326744091 0.99494948983192455 0.9495762586593629 0.87301588058471691 0.037749288603663451 0.2264957278966904 0.12579113990068438 0.98571428656578075 0.53571429848670971
decision_type=2 2 2 2 2 2 2 2 2 2 2 2 2 2 2 2 2 2 2 2 2 2 2 2 2 2 2 2 2 2
left_child=21 2 4 8 11 -6 -5 -8 9 -4 -10 12 -2 -13 15 16 -3 18 -17 20 -16 26 23 -23 -24 -25 27 -1 -28 -30
right_child=1 14 3 6 5 -7 7 -9 10 -11 -12 13 -14 -15 19 17 -18 -19 -20 -21 -22 22 24 25 -26 -27 28 -29 29 -31
leaf_value=0.0097183836405028111 -0.0025389280148264072 0.1523053429493898 -0.040550392437068775 0.026512871155404683 0.092317908716309682 -0.017250009960606227 -0.050022989797697801 -0.0022026140119044426 -0.085755741719747897 0.070204484551010249 0.01947755066225991 -0.55225958928288055 0.051310148619315932 -0.026424196810145503 0.0072892267550116619 0.10019729926375234 -0.076522223900201372 0.038738015355186763 -0.0056374734719164118 0.031259336551907831 -0.13653725885978804 -0.079759321181036791 0.028864357942641649 -0.087472448173638959 -0.012700954783172569 0.10162213708702469 0.02047570436669512 -0.017958998232952685 -0.02681252268085535 0.069807487251419817
leaf_weight=408.08236538349411 1529.1044297234803 2.8031123923246914 78.825499784847125 71.849480533823225 26.248955315286366 12.912963207603751 64.961567415135505 248.15337036301753 56.2532312425501 11.399416771329923 8.8000905380395107 0.44073723417386546 71.529633872021805 94.363272986662196 314.0479754064072 7.743788142772245 50.830508910030403 72.984830001409136 261.11723274637552 167.17407187803474 3.358289683572365 80.663831908919747 159.11778869542104 5.354117784027042 196.54539386578836 11.182281222958407 496.14468390846378 271.60181977908542 96.583565603268653 12.988349849470977
leaf_count=11524 527525 229 19890 10696 1664 919 9290 13651 4141 540 421 34 5156 13420 15751 296 2987 6053 11619 8113 115 4295 15084 143 23012 671 57596 99450 8001 1027
internal_value=-1.40245e-05 -0.00125634 -0.00425895 -0.0165481 -0.000431491 0.0561898 -0.00491272 -0.0121238 -0.0453943 -0.0265571 -0.0715203 -0.00173935 -0.000132504 -0.0288688 0.00650502 -0.00336701 -0.0645628 0.00623425 -0.0025892 0.0145618 0.00576748 0.00224075 -0.0081021 -0.0593174 0.00589467 0.0403975 0.00588466 -0.0013415 0.0139933 -0.0153595
internal_weight=4893.17 3154.9 2274.84 540.243 1734.6 39.1619 384.964 313.115 155.278 90.2249 65.0533 1695.44 1600.63 94.804 880.06 395.479 53.6336 341.846 268.861 484.58 317.406 1738.26 452.863 97.2002 355.663 16.5364 1285.4 679.684 605.717 109.572
internal_count=873313 652510 607347 58629 548718 2583 33637 22941 24992 20430 4562 546135 532681 13454 45163 21184 3216 17968 11915 23979 15866 220803 43205 5109 38096 814 177598 110974 66624 9028
is_linear=0
shrinkage=0.08


Tree=142
num_leaves=31
num_cat=0
split_feature=8 14 11 10 8 14 7 10 10 9 2 2 2 9 14 8 14 5 10 10 2 8 9 14 8 14 10 14 11 14
split_gain=2.05855 6.73389 7.80254 5.63199 4.60512 6.85801 8.00277 5.20071 5.19104 4.13302 4.01776 27.1585 5.33166 2.72839 4.66523 3.12066 16.0616 4.6412 4.10456 5.33313 5.31865 3.99018 3.82425 17.2746 4.54462 4.43438 7.23407 6.25422 3.72706 2.67693
threshold=0.95672976970672619 0.048900047317147262 0.63333335518836986 0.54772728681564342 0.97229894995689403 0.023952954448759559 0.97446763515472423 0.79057019948959362 0.85960590839385997 0.84898874163627636 0.90521115064620983 0.91010102629661571 0.58204832673072826 0.95600938796997081 1.0000000180025095e-35 0.92921337485313427 0.085867896676063551 0.60188680887222301 0.62731480598449718 0.84292763471603405 0.82413583993911754 0.93498808145523082 0.91442927718162548 0.096930783241987242 0.91368666291236889 0.030457638204097751 0.21807064861059192 0.19920635223388675 0.30384616553783422 0.017937581054866317
decision_type=2 2 2 2 2 2 2 2 2 2 2 2 2 2 2 2 2 2 2 2 2 2 2 2 2 2 2 2 2 2
left_child=13 3 -3 -2 5 -5 -7 29 -9 -4 12 -12 -11 15 -15 22 18 21 20 -20 -17 -18 25 24 -24 26 -1 -27 -25 -6
right_child=1 2 9 4 7 6 -8 8 -10 10 11 -13 -14 14 -16 16 17 -19 19 -21 -22 -23 23 28 -26 27 -28 -29 -30 -31
leaf_value=-0.056359814208793803 0.11288288112582068 0.082162835536287449 0.064505416450714434 -0.011828168463824382 0.0020512757938656611 -0.038993154435546101 -0.26793993783781139 -0.055108229710324128 0.0050003150821840625 -0.023002287611234743 -2.547198822793062 -0.084116267890798097 0.09044824298025532 -0.057911106917498997 0.06393774954736528 0.028239449280403429 -0.025512351537850649 0.070953773232689102 -0.060098879608292397 0.025951439293565054 -0.053216751278704698 0.023579364863611642 0.019388924658831474 0.090808169354862578 -0.035412211813121777 -0.0067286356643534127 0.01448236589386696 0.00063976619503144927 0.038133716788701026 0.06176427135503728
leaf_weight=9.6899070534645926 2.8708496849430949 15.184393786883446 6.5345178213829085 50.198914690117817 7.0603603605413836 2.8922746309399363 1.4756669986381892 9.8109414701466431 146.51737933258119 15.135203234967781 0.030448004697972375 0.48522989699995378 3.2141089740543967 2.5603860191476988 9.3719913192908262 11.307413526228631 15.290492447442373 8.9927920967675146 44.311368643757305 5.144723199256986 9.3908068906312092 34.515884870503214 14.124410243093733 11.956836654950164 30.813478878109891 956.43277711446717 192.38780283394954 3216.8282738046 30.594435810911818 15.04040514515509
leaf_count=52966 49 536 633 923 180 73 64 385 15423 278 28 921 942 58 432 201 529 3872 996 416 371 1519 529 591 804 358210 11840 414870 2838 1836
internal_value=-9.95155e-06 0.00669504 0.0367953 0.0015159 0.0001437 -0.0201941 -0.116341 0.00636338 0.00122799 0.00967362 -0.0093192 -0.229548 -0.00313002 -0.000412583 0.0377921 -0.000511863 -0.0127809 0.0180587 -0.0386289 -0.0511474 -0.00871732 0.00850827 -0.000157348 0.0164037 -0.0181877 -0.000488502 0.0110854 -0.00104893 0.0529352 0.0426882
internal_weight=4880.16 276.451 40.5839 235.867 232.996 54.5669 4.36794 178.429 156.328 25.3995 18.865 0.515678 18.3493 4603.71 11.9324 4591.78 128.953 58.7992 70.1543 49.4561 20.6982 49.8064 4462.83 87.4892 44.9379 4375.34 202.078 4173.26 42.5513 22.1008
internal_count=873313 22271 3338 18933 18884 1060 137 17824 15808 2802 2169 949 1220 851042 490 850552 7904 5920 1984 1412 572 2048 842648 4762 1333 837886 64806 773080 3429 2016
is_linear=0
shrinkage=0.08


Tree=143
num_leaves=31
num_cat=0
split_feature=10 8 7 14 9 7 4 8 5 4 8 15 15 7 9 15 15 6 11 8 8 10 10 10 8 2 7 9 14 15
split_gain=2.09731 12.4893 10.0354 8.68204 9.04157 8.78687 8.03101 11.86 7.82441 7.43604 7.28322 7.07624 6.53312 6.30785 12.8316 9.71215 14.5226 13.906 9.29946 8.81034 8.55371 10.5587 8.00321 7.90129 7.75474 7.28168 6.24201 5.98708 6.3925 7.21178
threshold=0.36939570307731634 0.6062217950820924 0.65830647945404064 0.14644659310579303 0.69647300243377697 0.86121249198913585 0.2264957278966904 0.8668593466281892 0.93440860509872448 0.30384616553783422 0.80814999341964733 0.11000982299447061 0.99885582923889171 0.76609560847282421 0.616968333721161 0.2568363249301911 0.46719530224800115 0.2522727251052857 0.93750000000000011 0.75484195351600658 0.33139474689960485 0.17316342145204547 0.13714733719825747 0.3390804678201676 0.43254275619983679 0.59896907210350048 0.73357313871383678 0.63661757111549389 0.14644659310579303 0.29889015853405004
decision_type=2 2 2 2 2 2 2 2 2 2 2 2 2 2 2 2 2 2 2 2 2 2 2 2 2 2 2 2 2 2
left_child=3 9 -3 4 6 11 7 -1 12 27 26 -6 -4 14 15 17 -17 -5 20 25 22 -22 -15 24 -20 -16 -8 28 29 -2
right_child=1 2 8 13 5 -7 10 -9 -10 -11 -12 -13 -14 18 19 16 -18 -19 23 -21 21 -23 -24 -25 -26 -27 -28 -29 -30 -31
leaf_value=-0.053659361721852643 0.24409692419585924 0.21980471391168721 -0.00045833638546363068 0.029158940468941796 0.69459681238760185 -0.061579612269113106 -0.015647793336689812 0.37502839773277308 0.059382404353097454 0.085437397701370724 -0.16057517435043797 0.029741517999204038 0.066000739246298845 -0.019811196861433438 0.0012288134298739301 -0.035145740273137563 0.0005068250841514314 -0.040888578600697424 -0.0057856606443216149 -0.12820420032555024 -0.056571432209820173 -0.001978577982675448 0.074511278393704208 0.028029440737636694 -0.050831906988470781 0.061744541427704594 0.057247729749624957 -0.037711278868147152 0.022297473248895843 0.040186249064775435
leaf_weight=58.725576843661656 1.7994813171681006 1.3341953635972448 1878.411730453794 135.78171335943262 0.10276465956121583 7.9701583114074301 67.036116467591455 0.41595653956755896 14.248807532676436 12.893551698762165 2.0423506134538902 33.876069985766662 9.5145042340227501 8.7235485498677026 18.366578279899841 76.157804722434776 1833.9524790801979 20.934948596777758 37.834283190808492 1.9838888975209545 24.083004470303422 387.40642002216191 16.931244455976412 14.496125427132936 69.182500207942212 41.432579100641306 8.4676402214099635 10.045418003981466 80.560244244756177 2.8973326385603286
leaf_count=200950 34 187 56566 13644 12 137 89303 5 19168 699 39 1427 10096 156 4282 259952 184691 15692 654 55 508 9376 287 261 1339 906 150 605 1485 647
internal_value=-1.01382e-06 0.00197899 0.000476179 -0.00139087 -0.018469 0.0140196 -0.0284396 -0.0506443 0.000322341 0.0284182 -0.011505 0.0317523 -0.000123405 -0.000255595 0.00173004 0.000656137 -0.000914675 0.0198017 -0.00782132 0.0376553 -0.00237949 -0.0051737 0.0424383 -0.0273984 -0.0349064 0.0431579 -0.00747266 0.020704 0.0275868 0.11831
internal_weight=4877.61 2011.71 1903.51 2865.9 178.637 41.949 136.688 59.1415 1902.18 108.196 77.5461 33.9788 1887.93 2687.27 2128.61 2066.83 1910.11 156.717 558.657 61.783 437.144 411.489 25.6548 121.513 107.017 59.7992 75.5038 95.3025 85.2571 4.69681
internal_count=873313 89487 86017 783826 292023 1576 290447 200955 85830 3470 89492 1439 66662 491803 479222 473979 444643 29336 12581 5243 10327 9884 443 2254 1993 5188 89453 2771 2166 681
is_linear=0
shrinkage=0.08


Tree=144
num_leaves=31
num_cat=0
split_feature=15 6 10 0 0 2 2 6 6 10 7 6 10 11 11 4 7 6 8 8 2 14 10 7 11 6 8 7 10 10
split_gain=2.11168 3.40106 6.78526 2.86543 2.46505 8.54391 3.60919 5.72101 6.73414 7.07918 6.65417 2.5978 2.31568 10.0501 13.2541 9.27825 5.39831 16.1727 11.704 2.22313 1.42926 1.96286 2.90914 1.35561 1.66323 1.08469 4.64353 1.04317 0.934792 0.883423
threshold=0.11000982299447061 0.22611077129840854 0.3514705896377564 1.0000000180025095e-35 0.0745370388031006 0.072948999702930464 0.072948999702930464 0.31643131375312811 0.13100686669349673 0.26794873178005224 0.93629321455955516 1.0000000180025095e-35 0.4463601559400559 0.11805555596947671 0.23611111193895343 0.13392857462167743 0.76609560847282421 0.48863048851490026 0.69482603669166576 0.51928389072418224 0.18321678787469867 0.58303356170654308 0.58578431606292736 0.99812734127044689 0.11805555596947671 0.76253134012222301 0.90250155329704296 0.6304883360862733 0.77097901701927196 0.98214286565780651
decision_type=2 2 2 2 2 2 2 2 2 2 2 2 2 2 2 2 2 2 2 2 2 2 2 2 2 2 2 2 2 2
left_child=1 2 23 19 6 11 7 8 10 -10 -2 -6 16 15 -15 -14 18 -18 -7 27 21 22 -8 24 -1 26 -9 -3 -13 -5
right_child=4 3 -4 29 5 12 20 25 9 -11 -12 28 13 14 -16 -17 17 -19 -20 -21 -22 -23 -24 -25 -26 -27 -28 -29 -30 -31
leaf_value=0.097204768470519273 -0.054310335196213026 -0.080628653619964408 0.082836420738657976 -0.09057260506847721 -0.41053093881024794 0.00014436724951106313 -0.031318101816703983 -0.078404416967663232 0.15902054496653323 0.025978603639547519 0.085418901757963031 -0.10255925116572395 0.083510467066789829 -0.10538899968855886 -0.00023704589910910267 0.012062280228580902 -0.0094229147503794991 0.025899728217584527 0.040344382419769682 -0.039103482140444033 0.20374739247988941 0.13079863310294321 0.097511306849162441 0.065817608143217923 -0.10173096281296676 -0.11513380335697698 0.14688829552093163 0.20556498401066189 -0.0014199780777857849 0.084253972167576574
leaf_weight=0.29492931021377788 8.2931534512245033 0.097941803192950649 3.9576745582744479 6.7514828965095148 0.16678082648104364 2273.8356936893715 2.2134675272482118 3.406675963642555 3.7900040661952499 7.8850661579053849 2.9596476593287653 4.6761868217554365 12.04631915813661 7.7230158635647959 1156.2779670657765 338.41078673346783 887.23777569258527 91.514223398291506 47.316004350941512 0.99472696245356929 0.49677141448046302 1.9103118705097584 2.2745505224447697 0.43547189235687245 3.0561097844110918 1.7332262088402783 0.70702721178531636 0.48588258383097127 0.66847252845764149 0.19019491598010052
leaf_count=4 289 147 38 3018 14 766837 202 871 359 126 61 955 1352 195 64306 8277 20761 2500 2293 83 10 20 42 2 310 220 3 6 8 4
internal_value=-3.9844e-06 -0.0287818 0.00959027 -0.0636589 9.24116e-05 -6.26545e-05 0.0210456 0.00858877 0.0266024 0.0691672 -0.0175595 -0.0996117 5.13085e-05 0.0026412 -0.000934717 0.0145182 -0.0011373 -0.00612021 0.000963833 0.0336297 0.0730308 0.0628819 0.0339733 -0.0669669 -0.0842224 -0.0620492 -0.0396831 0.157553 -0.0899095 -0.0857825
internal_weight=4871.81 16.2644 7.74419 8.52023 4855.54 4819.87 35.6699 28.7748 22.9279 11.6751 11.2528 5.51144 4814.36 1514.46 1164 350.457 3299.9 978.752 2321.15 1.57855 6.8951 6.39833 4.48802 3.78651 3.35104 5.84693 4.1137 0.583824 5.34466 6.94168
internal_count=873313 3612 354 3258 869701 867498 2203 1929 835 485 350 977 866521 74130 64501 9629 792391 23261 769130 236 274 264 244 316 314 1094 874 153 963 3022
is_linear=0
shrinkage=0.08


Tree=145
num_leaves=31
num_cat=0
split_feature=16 15 2 9 8 9 1 11 4 15 0 0 9 7 14 14 10 2 4 1 10 9 9 15 1 14 14 10 11 15
split_gain=2.07722 5.16774 9.90115 11.6107 11.6176 7.84469 7.71373 10.8461 9.20497 7.19715 7.27737 6.12679 6.08742 5.76789 14.5524 7.76373 8.44941 11.7207 7.74314 7.47217 5.93537 5.47272 4.95142 4.22371 3.8787 3.77523 3.50501 3.02014 14.2209 4.11553
threshold=1.0000000180025095e-35 0.68625652790069591 0.48050633072853094 0.47769485414028173 0.51628047227859508 0.57212206721305858 0.33508773148059851 0.080128207802772536 0.11805555596947671 0.4066507369279862 0.43288289010524755 0.45199692249298101 0.99824562668800365 0.94151845574378978 0.17153518646955493 0.041841737926006324 0.51086956262588512 0.88153818249702465 0.61250001192092907 0.55848154425621044 0.41277891397476202 0.47229200601577764 0.70986828207969677 0.50322800874710094 0.64051282405853283 0.053262412548065192 0.023952954448759559 0.40370370447635656 0.73214286565780651 0.70402085781097423
decision_type=2 2 2 2 2 2 2 2 2 2 2 2 2 2 2 2 2 2 2 2 2 2 2 2 2 2 2 2 2 2
left_child=1 2 6 9 5 -5 7 11 -9 -4 -11 -1 23 15 18 19 25 -18 21 26 -21 -15 -6 -8 -20 -17 -3 28 -16 -29
right_child=-2 13 3 4 22 -7 12 8 -10 10 -12 -13 -14 14 27 16 17 -19 24 20 -22 -23 -24 -25 -26 -27 -28 29 -30 -31
leaf_value=0.14205901687510339 -0.0015504897148739193 -0.12749894078826882 -0.070837989337371024 0.1016133426651067 0.015703636475641027 0.30106872191121281 -0.060744159734784295 0.0035850737174338227 0.11533753864161721 0.14948268150841457 0.011078092160948173 -0.0532611150022732 0.10176864908206965 -0.32064211515803692 0.055327964802093704 -0.050684805816141355 -0.041708959702388006 0.042317568163964363 -0.27192879844862972 -0.0017830822134208238 0.047008044593483414 -0.015688238628696557 0.070772447852377282 -0.015042690800417582 0.062767217128967975 -0.0016865706730162687 -0.0031719853201075195 -0.087931969235610322 -0.30552123803920556 0.076360361309717156
leaf_weight=5.5728740381528032 2595.7340340412256 2.8687343341298392 6.7452510074926968 9.4936587125703209 28.092588987234194 1.4554958361113666 16.460646086299676 522.35594093392956 4.7602291597941067 2.4943815790702493 96.268115800399755 1.2602576417411908 2.5108427517116061 0.37938505315105331 5.4605104051297522 10.14666494328412 68.694255085953046 12.568109550004008 0.22624273828114283 24.616929278839962 45.358144956306205 51.858522891969187 16.638634003407788 60.5524573948951 10.79238078019989 1232.2945171691681 2.9370237612165511 1.0118443920509914 0.80156946761417192 27.41063403278531
leaf_count=953 635260 46 6177 2521 2639 83 40229 58532 173 502 72848 761 13 31 244 266 2323 3142 136 536 2433 7090 744 7152 5868 17561 45 19 74 4912
internal_value=-4.36015e-06 0.00176201 0.00706651 0.024711 0.0542669 0.128127 0.00243048 0.00589245 0.00459428 0.00911321 0.0145737 0.106035 -0.0208143 -0.000982163 0.0177863 -0.00229565 -0.00372134 -0.0287133 -0.00504817 0.0226077 0.0298435 -0.017903 0.0361875 -0.0248108 0.055895 -0.00208673 -0.0646043 0.0594309 0.00913793 0.0705115
internal_weight=4867.82 2272.09 774.661 161.188 55.6804 10.9492 613.473 533.949 527.116 105.508 98.7625 6.83313 79.5239 1497.43 97.9411 1399.48 1323.7 81.2624 63.2565 75.7808 69.9751 52.2379 44.7312 77.0131 11.0186 1242.44 5.80576 34.6846 6.26208 28.4225
internal_count=873313 238053 193327 85514 5987 2604 107813 60419 58705 79527 73350 1714 47394 44726 18374 26352 23292 5465 13125 3060 2969 7121 3383 47381 6004 17827 91 5249 318 4931
is_linear=0
shrinkage=0.08


Tree=146
num_leaves=31
num_cat=0
split_feature=6 4 0 5 6 7 15 4 4 5 6 5 0 4 0 2 1 6 1 0 0 5 2 4 5 1 4 10 4 6
split_gain=1.97511 17.0512 20.4002 73.2114 18.3765 21.3416 16.8378 15.4245 21.2962 13.6606 12.9595 12.9313 16.5 11.9899 41.5477 24.9367 16.6596 15.2366 10.8471 10.8125 20.6482 34.3525 31.5862 29.1268 26.9426 11.6149 10.6657 9.5316 8.93602 10.781
threshold=0.15047170221805575 0.61250001192092907 0.69614070653915416 0.28035087883472448 0.30839161574840551 0.76609560847282421 0.99885582923889171 0.30384616553783422 1.0000000180025095e-35 0.34178434312343603 0.29478609561920172 0.78647416830062877 0.98213717341423046 0.61250001192092907 0.96590468287467968 0.9495762586593629 0.63211598992347728 0.033908046782016761 0.57284301519393932 0.99494948983192455 0.76833632588386547 0.38529014587402349 0.5912291705608369 0.15476191043853763 0.15438786894083026 0.89512962102890026 0.53571429848670971 0.47493734955787664 0.77500000596046459 0.03637566231191159
decision_type=2 2 2 2 2 2 2 2 2 2 2 2 2 2 2 2 2 2 2 2 2 2 2 2 2 2 2 2 2 2
left_child=13 2 3 7 9 -6 11 8 -2 -5 -9 12 -4 19 15 16 18 -17 -15 20 22 -22 23 -1 -24 -23 -21 -3 29 -16
right_child=1 27 6 4 5 -7 -8 10 -10 -11 -12 -13 -14 14 28 17 -18 -19 -20 26 21 25 24 -25 -26 -27 -28 -29 -30 -31
leaf_value=0.00095472262970077218 -0.0032117894590927005 0.0040125206086782028 -0.016502362324073927 -0.024327447054230244 0.23853414311490181 0.088735653537756976 0.010639816586022435 0.093759885967222595 -0.054473664559052892 0.083001008490232731 -0.0094009632598458567 0.055405838329468521 -0.048805374130139113 -0.028150317645171525 0.029005526929936281 -0.08457364244926191 -0.069233436425248082 0.098704617034214404 0.29452768516484884 -0.023103429239926743 0.077034273520933269 0.0053729848182528031 0.13221917967972213 0.053003729837995332 -0.041014671188013593 0.031265339610149337 0.036542918289744403 0.026277218448301231 -0.0069733343134677417 -0.011955157299698873
leaf_weight=719.29191250951044 989.53029974246783 606.63659921858925 406.30285535233452 12.925942276033313 7.9313637720424586 26.173158667021198 118.053706087725 18.578428205211821 54.736276952641674 18.384058644609468 13.425603152378242 13.263584513426393 134.76555683059451 1.3324291085064026 129.20327289327179 4.0157191279013196 101.79720734469811 10.476721071980135 1.3345288376604001 137.74955171416514 57.902863380910276 412.65258142522907 5.984772784937376 76.088240725608557 143.92797102787335 151.62039953943895 22.291724165468622 154.37397050019354 254.6854951891346 60.326179851424968
leaf_count=105862 281069 26820 84917 5180 1489 1270 3407 7139 123756 1516 8259 1103 14456 99 13196 104 5360 642 109 11055 4337 31104 2043 42037 42342 10792 1784 12587 26657 2822
internal_value=-1.68743e-06 -0.00152187 -0.00573826 0.000772264 0.0829454 0.123573 -0.0167929 -0.00422213 -0.00589873 0.0386918 0.0504842 -0.0226351 -0.0245482 0.00170724 -0.00842968 -0.0504196 -0.0640624 0.0479199 0.133316 0.00501189 0.00703425 0.018352 -0.000414868 0.00593387 -0.0340989 0.0123303 -0.0147954 0.008529 0.00281484 0.015968
internal_weight=4865.76 2575.08 1814.07 1141.69 65.4145 34.1045 672.386 1076.27 1044.27 31.31 32.004 554.332 541.068 2290.68 563.172 118.957 104.464 14.4924 2.66696 1727.51 1567.47 622.176 945.293 795.38 149.913 564.273 160.041 761.011 444.215 189.529
internal_count=873313 572968 533561 429678 9455 2759 103883 420223 404825 6696 15398 100476 99373 300345 48989 6314 5568 746 208 251356 238517 46233 192284 147899 44385 41896 12839 39407 42675 16018
is_linear=0
shrinkage=0.08


Tree=147
num_leaves=31
num_cat=0
split_feature=10 14 16 8 4 5 7 14 10 2 14 1 1 0 14 2 7 0 11 15 4 11 4 0 0 1 7 8 7 8
split_gain=2.02267 9.10048 13.8705 8.93075 8.24949 7.85174 10.3939 12.2575 6.85886 6.79771 18.6485 14.8511 13.799 11.6895 9.62755 10.8778 10.157 9.47483 7.16726 6.92271 6.69696 8.60385 7.05823 29.7654 18.1218 7.01644 6.5599 6.46659 5.97514 10.1567
threshold=0.23669467866420749 0.30992957949638372 1.0000000180025095e-35 0.5655868947505952 0.84523808956146251 0.59032633900642406 0.87895438075065624 0.090536512434482588 0.089898992329835906 0.270728349685669 0.52449017763137828 0.15504807978868487 0.69614070653915416 0.71010184288024913 0.38913471996784216 0.12422839552164079 0.72423112392425548 0.86729559302330028 0.58571431040763866 0.88844355940818798 0.6904762089252473 0.47222222387790685 0.61250001192092907 0.91331186890602123 0.96922349929809581 0.76071646809577953 0.57207792997360241 0.44124551117420202 0.70025381445884716 0.58937969803810131
decision_type=2 2 2 2 2 2 2 2 2 2 2 2 2 2 2 2 2 2 2 2 2 2 2 2 2 2 2 2 2 2
left_child=1 2 8 9 20 6 7 -6 -1 10 14 -12 17 -14 15 -2 -16 19 -13 -11 22 25 24 -24 -5 -22 -15 -19 -4 -30
right_child=3 -3 28 4 5 -7 -8 -9 -10 12 11 18 13 26 16 -17 -18 27 -20 -21 21 -23 23 -25 -26 -27 -28 -29 29 -31
leaf_value=-0.080726125280358121 0.073653746900822756 -0.00049079332841921847 -0.067675985813078279 0.0010217852846242724 -0.6198458002515268 0.061357723586164002 0.081408507840512206 -0.096652894375235887 0.0021622759467601338 -0.016597784015172683 0.0020821780032381936 0.11641897971006976 0.32383232461662259 0.1189180848091346 0.1583571962271198 -0.052476552167326496 0.061058289837996757 -0.33547566525863659 0.016624531102368875 -0.66352970044238657 0.052884551032727663 0.057090831990047795 -0.04777885008475366 0.030598207853727761 -0.028284646663534741 -0.026428099355142946 0.015362723465314285 -0.091183348619691532 0.52487225266686965 0.0039651264164193758
leaf_weight=6.9245416622206895 9.3386362987948832 2070.8328563842733 39.840090968024015 1760.3721463959228 0.34124109643744649 23.06662780604529 1.7811564051226012 1.7894255195860749 82.638024372661675 66.345215176406782 178.4990358244977 11.434488206170501 0.84606187982717429 4.2720909906201987 9.3778176859777869 8.2349184449994919 25.640084436687175 0.84916245075873931 7.7127701266435897 0.10603084415197273 7.5427929954603306 9.3451833313592925 38.821257175703067 154.13923844336023 146.25703982768027 133.21016674191924 46.837475361338875 3.7826427851105109 0.26387464186700471 2.5995457145763794
leaf_count=59602 1559 205853 407576 64961 35 15090 923 82 55924 18469 1641 222 20 114 622 3831 540 17 80 1 55 7373 935 11686 11625 2287 1778 80 81 251
internal_value=9.76851e-07 -0.00179024 -0.022135 0.00149015 -0.000390387 0.0435847 -0.0612167 -0.180446 -0.00424625 0.0129598 0.0205299 0.00926443 -0.00243633 0.0289009 0.0628671 0.0145494 0.087115 -0.0253411 0.0762204 -0.01763 -0.000917739 -0.0172425 0.000249307 0.0148297 -0.0012263 -0.0221778 0.0240186 -0.13597 -0.0596534 0.0519686
internal_weight=4853.04 2203.1 132.266 2649.94 2276.67 26.9785 3.91182 2.13067 89.5626 373.276 250.238 197.646 123.039 51.9556 52.5915 17.5736 35.0179 71.0831 19.1473 66.4512 2249.69 150.098 2099.59 192.96 1906.63 140.753 51.1096 4.63181 42.7035 2.86342
internal_count=873313 729287 523434 144026 115052 16130 1040 117 115526 28974 8495 1943 20479 1912 6552 5390 1162 18567 302 18470 98922 9715 89207 12621 76586 2342 1892 97 407908 332
is_linear=0
shrinkage=0.08


Tree=148
num_leaves=31
num_cat=0
split_feature=15 6 1 14 7 8 0 1 11 0 2 1 11 6 14 8 14 7 1 14 0 11 14 14 1 6 6 14 7 14
split_gain=1.89919 3.08564 4.23628 4.49457 4.07408 6.19584 2.65884 2.33926 2.50304 2.05433 7.65769 3.21778 3.38436 6.03582 4.47622 4.25836 3.36131 2.91944 1.84987 4.62325 4.46355 3.66536 2.86347 2.80995 2.06208 1.61909 1.54467 1.53336 1.33126 1.21499
threshold=0.11000982299447061 0.18808962404727939 0.054804805666208274 0.21889881044626239 0.82785561680793773 0.70915538072586071 1.0000000180025095e-35 0.054804805666208274 0.93750000000000011 0.0745370388031006 0.072948999702930464 0.072948999702930464 0.73214286565780651 0.061862245202064521 0.25819891691207891 0.76964211463928234 0.71063503623008739 0.9178399145603181 0.08191221579909326 0.021390985697507862 0.085410334169864668 0.47222222387790685 0.068796485662460341 0.18933144211769107 0.08856209367513658 0.68801230192184459 1.0000000180025095e-35 0.096930783241987242 0.97993290424346935 0.4360338300466538
decision_type=2 2 2 2 2 2 2 2 2 2 2 2 2 2 2 2 2 2 2 2 2 2 2 2 2 2 2 2 2 2
left_child=1 2 3 4 5 -1 25 -8 -9 11 26 12 13 15 -15 -2 17 -14 19 21 23 -12 -21 -20 -22 -3 -11 -4 29 -5
right_child=9 6 27 28 -6 -7 7 8 -10 10 18 -13 16 14 -16 -17 -18 -19 20 22 24 -23 -24 -25 -26 -27 -28 -29 -30 -31
leaf_value=0.090064596546031772 -0.1586057854333652 0.081929087441675791 -0.29994479258672746 0.03240308099150141 0.036443804304416065 0.50716161735867582 -0.098751154062286309 -0.088396567627310726 0.096045437479946774 -0.31607597855007175 -0.071811144753019265 0.081090041405076307 0.031023180789589589 -0.015402284643698153 0.079219381520247892 0.062445163946928554 -0.16504758730276578 -0.048987049622893998 -0.0084311493540196718 -0.10768087946184492 -0.015710721960596506 0.11145210431304162 -0.020061495406959493 0.086942562516137467 0.00026450287427708336 -0.087525250667536247 -0.088214686666572353 -0.06925364988446199 0.077737954561242315 -0.10196190136607346
leaf_weight=0.53702710500146977 1.6380330714855547 1.2633719809600723 0.22202915513480537 0.69224189744272768 1.0324556194245813 0.3960137739777565 6.1424409696937783 0.94867044285365387 0.93502647476088896 0.19789797043267654 0.92477051816422262 4.6843629659251738 5.7061239880586072 4.5524960282345992 10.767902670260808 0.84571161493659008 0.96778672700747925 5.9748184029012918 2.9137545259982272 2.5788851785855504 52.287910645112788 2.8542396604389069 32.099655676005568 6.1500219720874156 4696.1830679269842 0.50515774649647927 5.0274270250383779 1.0880699042827471 0.7115243226289748 1.1400131598056757
leaf_count=67 86 62 14 35 12 3 2737 314 60 14 82 193 245 797 745 7 12 118 164 288 2661 86 2590 184 860466 180 963 92 4 32
internal_value=4.80314e-08 -0.0278558 0.0182825 0.0550736 0.145936 0.267095 -0.0552683 -0.0748339 0.00315646 8.99799e-05 -5.10703e-05 0.0193633 0.00986834 0.0323473 0.0511023 -0.0833382 -0.0217727 -0.00990216 5.43879e-05 -0.0174208 0.000195649 0.0666053 -0.0265774 0.0562825 8.85913e-05 0.0335266 -0.0968444 -0.10835 -0.0151329 -0.0511976
internal_weight=4851.97 15.614 5.81937 4.50928 1.9655 0.933041 9.79467 8.02614 1.8837 4836.35 4801.22 35.1372 30.4529 17.8041 15.3204 2.48374 12.6487 11.6809 4795.99 38.4576 4757.53 3.77901 34.6785 9.06378 4748.47 1.76853 5.22532 1.3101 2.54378 1.83226
internal_count=873313 3612 259 153 82 70 3353 3111 374 869701 867498 2203 2010 1635 1542 93 375 363 866521 3046 863475 168 2878 348 863127 242 977 106 71 67
is_linear=0
shrinkage=0.08


Tree=149
num_leaves=31
num_cat=0
split_feature=9 10 4 0 10 4 8 15 0 11 11 6 8 6 10 7 10 11 8 11 6 4 11 0 6 5 0 6 11 11
split_gain=1.96531 7.58778 20.2405 11.7866 9.83063 9.70898 9.61099 9.5392 7.94813 9.61829 10.4583 9.16649 7.28058 7.064 6.77593 9.60335 7.37446 6.43894 6.43347 6.39416 4.29727 3.98638 14.2276 11.5361 17.6429 27.8883 35.8798 17.3836 14.9 13.2225
threshold=0.76728257536888134 0.57518798112869274 0.53571429848670971 0.96590468287467968 0.46770833432674414 0.64583334326744091 0.66807910799980175 0.2568363249301911 0.16807910054922107 0.13392857462167743 0.86607143282890331 0.32037734985351568 0.76964211463928234 0.54870337247848522 0.3390804678201676 0.86121249198913585 0.36939570307731634 0.47222222387790685 0.73980519175529491 0.38750000298023229 0.21103239059448245 0.2264957278966904 0.30384616553783422 0.270728349685669 0.30839161574840551 0.21975609660148623 0.680425524711609 0.64126753807067882 1.0000000180025095e-35 0.080128207802772536
decision_type=2 2 2 2 2 2 2 2 2 2 2 2 2 2 2 2 2 2 2 2 2 2 2 2 2 2 2 2 2 2
left_child=21 2 7 19 5 -5 -3 17 11 12 -11 -8 -10 -13 15 -9 -16 -2 -19 20 -4 23 -23 29 28 27 -27 -26 -25 -1
right_child=1 6 3 4 -6 -7 8 14 9 10 -12 13 -14 -15 16 -17 -18 18 -20 -21 -22 22 -24 24 25 26 -28 -29 -30 -31
leaf_value=0.092551794633980222 -0.048260877926275654 0.33105252715736661 -0.065476823633288286 -0.096958405151694405 0.029820171835172406 -0.0056995218348055935 0.026852022447768555 0.10390279086847957 -0.16109130857497014 -0.025696653080117475 -0.0012659567733109393 -0.07424923705673972 0.013378486649909973 0.003377887895902364 -0.097492045406651032 -0.062948850294093986 0.027723049369924434 -0.10472015140768372 0.030617508110868413 0.083741914755116081 -0.0072095962847564653 -0.00082314831244213488 0.021254939595708691 0.00068492525571880807 -0.031449919825782366 0.1216793642463754 -0.0030297398328910609 0.036068954911472842 -0.035817118239434342 0.00012886322498732256
leaf_weight=10.00944090422672 17.774126893782523 0.55370872269850124 34.758355896221474 8.7136837529396853 47.385810516752827 51.903973599211895 103.73226950643584 14.42215495259734 1.5471914736845054 201.49799182348215 252.88225442803014 10.794637143146245 144.09355847723782 24.599653695011511 3.0508727892884044 2.6067433828720814 225.84372088500822 2.5241541899740723 20.544018547516316 2.3391024401644236 10.562364120036362 1957.6939420383942 206.51112059872503 103.20066364557351 99.282767727657301 26.012813272474887 34.146951284235911 32.358418756200081 233.51038440665707 966.10105359840509
leaf_count=838 243 19 260 104 3882 2473 2927 264 20 6545 32477 73 4560 281 84 52 4950 18 167 333 66 241795 19180 96517 151976 4491 11071 10497 167504 109646
internal_value=-1.17173e-06 0.00283559 0.011123 -0.0121016 0.00252177 -0.0188178 -0.00212129 0.0237299 -0.00237087 -0.00636552 -0.0120999 0.0148571 0.011525 -0.020297 0.0296761 0.0783615 0.0260541 -0.0120737 0.0158087 -0.0452401 -0.0518972 -0.000915203 0.00128357 -0.00407785 -0.0135976 0.00576882 0.0508939 -0.0148533 -0.0246294 0.00107661
internal_weight=4850.96 1182.13 442.429 155.663 108.003 60.6177 739.701 286.766 739.148 600.021 454.38 139.127 145.641 35.3943 245.923 17.0289 228.895 40.8423 23.0682 47.6598 45.3207 3668.83 2164.21 1504.62 528.512 191.801 60.1598 131.641 336.711 976.11
internal_count=873313 59798 12896 7118 6459 2577 46902 5778 46883 43602 39022 3281 4580 354 5350 316 5034 428 185 659 326 813515 260975 552540 442056 178035 15562 162473 264021 110484
is_linear=0
shrinkage=0.08


Tree=150
num_leaves=31
num_cat=0
split_feature=16 14 5 5 14 2 15 6 11 15 6 4 1 15 11 11 5 2 6 2 0 2 10 6 14 5 14 6 6 4
split_gain=1.79623 4.50597 6.36778 4.85801 4.77209 5.38076 5.03483 4.52804 4.09025 3.98443 4.3108 3.77838 15.0388 13.2268 10.734 9.23252 6.63481 5.67215 3.40691 5.9681 19.0656 10.0003 32.6346 9.90884 25.2487 7.97342 13.1454 7.82425 6.54696 5.26981
threshold=1.0000000180025095e-35 1.0000000180025095e-35 0.51668518781661998 1.0000000180025095e-35 0.017937581054866317 0.21132376790046695 0.95834520459175121 0.70412456989288341 0.38750000298023229 0.9513554871082307 0.33602151274681097 0.35416667163372045 0.84028983116149913 0.70402085781097423 0.84523808956146251 1.0000000180025095e-35 0.44543650746345526 0.37866288423538214 0.48863048851490026 0.42933948338031774 0.58204832673072826 0.42644809186458593 0.98214286565780651 0.50373134016990673 0.77653318643569957 0.11803405731916429 0.77653318643569957 0.64126753807067882 0.51754924654960643 0.2264957278966904
decision_type=2 2 2 2 2 2 2 2 2 2 2 2 2 2 2 2 2 2 2 2 2 2 2 2 2 2 2 2 2 2
left_child=1 2 3 7 5 -3 -7 8 -1 10 -5 12 15 -14 16 -6 -13 -16 29 21 25 23 -23 24 -20 27 -27 -21 -25 -2
right_child=18 4 -4 9 11 6 -8 -9 -10 -11 -12 14 13 -15 17 -17 -18 -19 19 20 -22 22 -24 28 -26 26 -28 -29 -30 -31
leaf_value=-0.05441583671320304 -0.0065642311696948339 0.039013405100683241 0.077577005618110359 0.00013987469723201597 0.020654682254695259 -0.072286795207558777 0.088931758961317373 -0.013846514761588075 0.048432177645858013 0.087727181848553201 -0.079690645330001322 -0.020396195972346695 0.16808728153601099 0.034076488068162727 -0.43934545782167744 -0.00066731335254369996 -0.00082122900367216775 0.050539901689033551 0.052486974751296323 -0.079916442175497635 0.0039909400696163406 -0.19155501541804085 -3.1359770987531754 -0.10272332655317705 0.85793394581546367 0.11213406791248791 0.61263809721264717 0.18954127997173476 -0.0023683882980719512 0.001070441532830872
leaf_weight=2.6829887481562755 1056.605101084584 4.6217985840685314 10.779871603870559 10.103337275148084 155.0442612581428 14.861415169327303 1.3525858652428713 13.734071067144212 31.891057051969256 1.904266441692015 7.5748155100563954 124.60179468873866 5.3318279147206331 40.655023253755644 0.15211346535943704 803.67062788669682 1001.6840252611564 27.119062149184174 12.270675325729822 2.6369225486832906 59.567151715070395 0.77616899001350148 0.024862864724127576 4.278697024853499 0.25424481858499426 14.21562763949532 0.34397072507999915 0.93393539660974045 150.56496738139322 1279.0642238197443
leaf_count=538 362563 305 2651 1580 35023 1727 292 353 1341 1156 897 15844 410 2770 9 108203 46606 18348 5876 3147 18160 632 3 3154 29 2720 81 114 53610 185171
internal_value=9.931e-07 0.00164908 0.0204586 0.0113891 0.000970012 -0.0371324 -0.0588378 0.0250142 0.040451 -0.0222226 -0.0340663 0.00133785 0.00492453 0.049614 -0.001786 0.0027809 -0.00298682 0.0478074 -0.00144039 0.0075171 0.0258541 -0.000954934 -0.282946 0.000394683 0.0688368 0.0976849 0.123958 -0.00944147 -0.00514143 -0.00238332
internal_weight=4839.3 2257.76 78.6704 67.8905 2179.09 20.8358 16.214 48.3081 34.574 19.5824 17.6782 2158.26 1004.7 45.9869 1153.56 958.715 1126.29 27.2712 2581.54 245.867 77.6976 168.17 0.801032 167.369 12.5249 18.1305 14.5596 3.57086 154.844 2335.67
internal_count=873313 238053 8516 5865 229537 2324 2019 2232 1879 3633 2477 227213 146406 3180 80807 143226 62450 18357 635260 87526 24222 63304 635 62669 5905 6062 2801 3261 56764 547734
is_linear=0
shrinkage=0.08


Tree=151
num_leaves=31
num_cat=0
split_feature=10 9 16 7 6 15 8 10 10 9 14 14 15 9 10 6 14 6 9 9 1 7 8 7 2 7 10 2 8 14
split_gain=1.78024 9.20387 12.0517 8.88414 8.48433 8.16184 7.96746 7.68021 7.60086 7.51539 7.86465 7.11815 6.89512 6.66053 6.08846 7.17607 6.6269 7.88619 6.61449 6.91495 6.48317 6.27571 8.77069 6.053 25.8033 6.02152 7.38674 5.36216 5.30291 8.26598
threshold=0.23669467866420749 0.36404040455818182 1.0000000180025095e-35 0.66833335161209118 0.29912281036376959 0.14003355056047442 0.5655868947505952 0.15894736349582675 0.16441441327333453 0.64418154954910289 0.67281225323677074 0.37850958108901983 0.99885582923889171 0.44865803420543676 0.3390804678201676 0.39173060655593878 0.6431068778038026 0.035098522901535041 0.50090909004211437 0.40586884319782263 0.64565756916999828 0.93116611242294323 0.48898592591285711 0.50101214647293102 0.15831244736909869 0.71471861004829418 0.32071428000926977 0.1366749703884125 0.46488857269287115 0.6431068778038026
decision_type=2 2 2 2 2 2 2 2 2 2 2 2 2 2 2 2 2 2 2 2 2 2 2 2 2 2 2 2 2 2
left_child=1 7 3 9 5 -5 14 11 -4 10 -3 -1 13 25 15 21 18 -18 19 -16 -20 22 -2 24 -10 26 -8 -23 29 -9
right_child=6 2 8 4 -6 -7 12 28 23 -11 -12 -13 -14 -15 16 -17 17 -19 20 -21 -22 27 -24 -25 -26 -27 -28 -29 -30 -31
leaf_value=-0.058292673021104621 0.037391270410501568 0.0028212816730815221 -0.065372512367421295 0.18640663839380167 0.022861619344519683 -0.035259857769362996 -0.022779640212197458 0.082506229452657023 0.66630515243491484 0.098940210232688702 0.095009716572696357 -8.1967401774063492e-05 0.066020862724010823 0.00016129260176333773 0.011052676777560552 -0.024156089196396988 -0.12979196975715385 0.012498445505301671 0.0089329018099905851 0.10303898283448711 0.097670031338903077 -0.023618066040485816 0.0031171214522370335 -0.023921923206649633 -0.040366800057487197 -0.031646722541371575 0.11624253088574577 0.035710812782851889 -0.03050076362582255 0.017693391106470453
leaf_weight=13.55089763955675 88.483374324481701 123.89852918814904 32.904605651885504 1.0776540067745362 23.032745928205259 78.631952525567613 5.9445761698734696 15.397930891711438 0.42859235484047431 5.9813017167616627 6.219836065080016 1710.7625578537263 9.9644996054412314 2173.8309763672951 7.4624659166220253 41.09755209213472 3.0332871548307621 13.991457901953252 33.379100765334442 17.485145844577346 6.2571133675519368 46.048789491847856 103.88473487176816 104.04237345490401 1.4476453959468925 70.055780822745874 4.1562334366026334 12.3682737564377 10.611360716888155 69.150677852558147
leaf_count=202872 5687 101013 262588 11 948 1628 1817 3851 834 252 161 77560 16291 94135 218 8038 66 178 1306 469 271 301 12106 62689 9383 2245 564 334 4032 1465
internal_value=4.54124e-06 -0.00167741 -0.0130423 -0.00214709 -0.0199052 -0.032263 0.0014057 0.00068159 -0.0317873 0.0112586 0.00722802 -0.000539429 -0.000380234 -0.000673782 0.0122313 0.00683038 0.0315483 -0.0128533 0.0432529 0.0755235 0.0229413 0.0119083 0.0188822 -0.0213537 0.12106 -0.0233209 0.0344245 -0.0110567 0.0228067 0.0294971
internal_weight=4834.58 2197.14 377.665 238.842 102.742 79.7096 2637.44 1819.47 138.823 136.1 130.118 1724.31 2263.95 2253.99 373.491 291.883 81.6086 17.0247 64.5838 24.9476 39.6362 250.785 192.368 105.919 1.87624 80.1566 10.1008 58.4171 95.16 84.5486
internal_count=873313 729287 439507 104013 2587 1639 144026 289780 335494 101426 101174 280432 115052 98761 28974 26466 2508 244 2264 687 1577 18428 17793 72906 10217 4626 2381 635 9348 5316
is_linear=0
shrinkage=0.08


Tree=152
num_leaves=31
num_cat=0
split_feature=6 0 0 1 15 4 0 4 6 14 10 4 0 2 6 14 15 6 0 4 15 1 4 14 2 2 6 6 4 6
split_gain=1.78167 16.11 11.5134 10.7743 10.0996 9.67829 33.0119 21.1789 12.4149 9.90326 8.93505 8.52585 27.9282 35.5197 22.4083 15.9818 13.756 10.6209 8.31062 15.3813 39.1548 20.0382 9.87414 9.46729 8.14666 7.97929 7.95979 7.84971 7.74618 9.25784
threshold=0.15047170221805575 0.12834591418504718 0.097167581319808974 0.097167581319808974 0.20156372338533404 0.61250001192092907 0.99494948983192455 0.87301588058471691 0.061862245202064521 0.071685511618852629 0.56832298636436474 0.61250001192092907 0.69614070653915416 0.6351073980331422 0.19292803853750232 0.49212549626827246 0.99885582923889171 0.21103239059448245 0.98213717341423046 0.10555555671453477 0.24392151087522509 0.43792808055877691 0.53571429848670971 0.20851448923349383 0.92718276381492626 0.094494048506021514 0.21807064861059192 0.089898992329835906 0.77500000596046459 0.080540537834167494
decision_type=2 2 2 2 2 2 2 2 2 2 2 2 2 2 2 2 2 2 2 2 2 2 2 2 2 2 2 2 2 2
left_child=5 2 25 -4 26 9 7 8 10 -1 -7 12 13 15 -15 -3 17 -14 19 20 -11 -21 23 -20 -10 -2 -5 -24 29 -8
right_child=1 11 3 4 -6 6 28 -9 24 18 -12 -13 16 14 -16 -17 -18 -19 22 21 -22 -23 27 -25 -26 -27 -28 -29 -30 -31
leaf_value=0.019810701742012323 -0.0056118601187599261 -0.0031826659641784696 -0.086634045122175665 0.018748381409144147 -0.048330428746663871 -0.091565428447751424 0.02690661772068742 0.055396915360966199 -0.038583761417232201 0.0062633354912782361 -0.011893336504924246 0.0075857980916911533 -0.0031396279945844086 -0.056186283457912829 0.088837305339154807 0.024456592755342715 0.0096985896208662895 -0.027489914578780229 -0.11021389674333552 0.0994497086450888 -0.039865456804419878 0.010661362922945991 0.068712007621783214 -0.018007734077759619 0.053897077463156064 0.079580011986387089 -0.037817942255806834 -0.037845271737672881 -0.0064774202473973684 -0.011690998917921965
leaf_weight=236.43075236136883 81.184177669394558 664.23725690587889 21.716647146686228 39.811808881931938 64.495447960969614 53.810311658071441 128.93184989962174 12.13661544329443 35.468679450284981 512.48575887600327 10.820235401712123 754.11023273085448 162.05493833270975 7.947799649507032 48.004987149752196 167.69386123700679 118.19104908876761 391.811469846406 7.5468460044321537 16.691237113218449 152.90227688510549 641.0683154572007 14.431077307275702 127.99807502882686 7.3613866559553562 7.7040839196924926 26.530363325769031 6.3808981287766064 253.71161738451519 57.511636727353107
leaf_count=52577 10158 367058 2243 2169 2599 3062 13241 1033 1803 14157 286 39407 21302 2803 8858 27071 3407 79174 3719 9941 73661 91366 911 4676 227 599 6120 348 26632 2705
internal_value=-2.56432e-07 -0.00145001 -0.0211144 -0.0344494 -0.0257878 0.00162776 -0.00750676 -0.0447776 -0.0560913 0.00460751 -0.078227 0.000601719 -0.00277454 0.0065383 0.0682375 0.00238863 -0.0150781 -0.0203653 0.00217798 0.0042391 -0.00433679 0.0129144 -0.0152639 -0.0231416 -0.0226887 0.00177185 -0.0038726 0.0360418 0.00262034 0.0150005
internal_weight=4831.18 2555.49 241.443 152.554 130.838 2275.69 559.752 119.597 107.461 1715.94 64.6305 2314.05 1559.94 887.884 55.9528 831.931 672.057 553.866 1479.5 1323.15 665.388 657.76 156.357 135.545 42.8301 88.8883 66.3422 20.812 440.155 186.443
internal_count=873313 572968 23888 13131 10888 300345 48989 6411 5378 251356 3348 549080 509673 405790 11661 394129 103883 100476 198779 189125 87818 101307 9654 8395 2030 10757 8289 1259 42578 15946
is_linear=0
shrinkage=0.08


Tree=153
num_leaves=31
num_cat=0
split_feature=10 8 1 0 7 16 14 16 9 4 8 5 2 7 9 5 9 10 2 4 7 8 10 14 9 10 15 9 1 6
split_gain=1.83457 9.97668 7.42786 13.6329 6.82701 8.56088 6.6611 8.41374 7.5532 7.53241 6.67307 6.51443 6.16283 6.05966 5.5759 6.40642 5.32672 9.8008 13.7575 5.76243 5.36323 11.1813 7.56209 13.349 8.26684 7.24005 5.00258 4.88059 12.0941 25.8181
threshold=0.36939570307731634 0.6062217950820924 0.64326766133308422 0.71010184288024913 0.65830647945404064 1.0000000180025095e-35 0.14644659310579303 1.0000000180025095e-35 0.70986828207969677 0.73214286565780651 0.8668593466281892 0.93440860509872448 0.59611794352531444 0.90967366099357616 0.63661757111549389 0.15331196784973147 0.78065484762191784 0.3514705896377564 0.30532014369964605 0.58571431040763866 0.76609560847282421 0.55329477787017833 0.11882352828979494 0.42916174232959753 0.41797162592411047 0.17316342145204547 0.99885582923889171 0.47921466827392584 0.11679454520344736 0.028174603357911113
decision_type=2 2 2 2 2 2 2 2 2 2 2 2 2 2 2 2 2 2 2 2 2 2 2 2 2 2 2 2 2 2
left_child=6 2 12 -4 5 -3 7 27 9 10 -9 26 14 -5 15 -2 20 18 -18 -20 22 25 23 -8 -24 -22 -6 28 29 -1
right_child=1 4 3 13 11 -7 16 8 -10 -11 -12 -13 -14 -15 -16 -17 17 -19 19 -21 21 -23 24 -25 -26 -27 -28 -29 -30 -31
leaf_value=2.477844789108393 0.02170607196052015 0.46464930445188501 0.31033636585890867 0.074252398339534245 -0.00029904698954384836 0.04993224190846892 -0.056046926706361175 -0.065490486499781675 0.027597937732773064 0.019505021566060089 0.32047637762267889 0.056991662934302641 -0.086819736442371981 -0.075141242727651408 -0.039798693803265159 0.11328853195274403 0.40447604366273232 -0.12304003653576195 0.09864302873464538 0.0063384951632265265 -0.029803421003726044 -0.025098113890875934 0.024852917932624955 -0.00030073164847868242 0.0018829750945309079 0.0041824476288665879 0.06209979835055697 0.0053752845279113441 -0.053211622065086665 0.14839575256420681
leaf_weight=0.031273392145524492 74.116687075729715 0.44421496673021454 1.4499967487063248 12.054990437522063 1854.0033729268907 1.1262017890403502 27.954041892683563 46.535762373066063 9.2142693687928823 8.3171503257972272 0.28846268355846305 12.915022567365666 3.5228488102438851 2.0303147652157341 8.6771207230049168 5.2336378975887774 0.70886129373685136 2.1122428337403099 7.4595039059640866 10.312602790974777 45.818236877472373 165.18329647870269 163.1312520545589 1661.6693564278175 260.25547326171727 322.37894494846114 8.2594602469434886 87.185187272008989 19.336477342683793 1.1576218750824407
leaf_count=24 1930 35 19 523 56566 152 269421 224295 394 5807 4 19168 78 250 577 93 16 56 131 230 938 4923 37495 72164 100101 6328 10096 14251 46501 747
internal_value=-1.36226e-06 0.00186518 0.0256154 0.0767631 0.000510012 0.167241 -0.00130564 -0.0165616 -0.0394477 -0.0506512 -0.0631127 0.000370378 0.0169361 0.0527182 0.0210884 0.0277465 -0.00032137 0.0402085 0.0588666 0.0450816 -0.000636757 -0.00780493 0.00117268 -0.00122303 0.0107333 -4.67335e-05 -2.22972e-05 -0.0028874 -0.0379846 0.209671
internal_weight=4822.88 1983.83 107.086 15.5353 1876.75 1.57042 2839.05 172.066 64.3556 55.1414 46.8242 1875.18 91.5503 14.0853 88.0274 79.3503 2666.98 20.5932 18.481 17.7721 2646.39 533.38 2113.01 1689.62 423.387 368.197 1862.26 107.711 20.5254 1.1889
internal_count=873313 89487 3470 792 86017 187 783826 292023 230500 230106 224299 85830 2678 773 2600 2023 491803 433 377 361 491370 12189 479181 341585 137596 7266 66662 61523 47272 771
is_linear=0
shrinkage=0.08


Tree=154
num_leaves=31
num_cat=0
split_feature=1 6 10 1 10 9 16 7 7 10 9 8 4 5 15 6 2 6 2 1 2 10 6 7 1 10 9 1 8 7
split_gain=1.79822 6.54831 4.13692 3.52576 1.88365 7.33256 10.3703 7.52412 7.62802 6.92899 6.37267 6.08052 6.74577 6.80079 8.58466 6.56727 14.5792 8.5891 6.16283 10.9583 8.28189 54.6311 7.93587 6.93471 6.78656 6.06652 8.29482 11.8751 6.25409 4.45493
threshold=0.054804805666208274 0.18808962404727939 0.3514705896377564 1.0000000180025095e-35 0.23669467866420749 0.36404040455818182 1.0000000180025095e-35 0.66833335161209118 0.90967366099357616 0.16441441327333453 0.64418154954910289 0.5655868947505952 0.84523808956146251 0.59032633900642406 0.88844355940818798 0.3312236368656159 0.55217784643173229 0.15047170221805575 0.270728349685669 0.69614070653915416 0.2674796879291535 0.37715516984462744 0.069366481155157103 0.94555336236953746 0.70051544904708873 0.12973351776599887 0.27461755275726324 0.76071646809577953 0.42563724517822271 0.77826943993568432
decision_type=2 2 2 2 2 2 2 2 2 2 2 2 2 2 2 2 2 2 2 2 2 2 2 2 2 2 2 2 2 2
left_child=1 2 -1 -3 5 25 7 10 -9 -8 -7 18 15 14 -14 17 -17 -13 20 22 23 -22 -20 -6 -21 26 -2 -28 -27 -30
right_child=4 3 -4 -5 11 6 9 8 -10 -11 -12 12 13 -15 -16 16 -18 -19 19 24 21 -23 -24 -25 -26 28 27 -29 29 -31
leaf_value=-0.042188442790825953 0.00021979034043365664 0.030859786192185289 0.1119189941616137 -0.096951877427421937 0.026071403193093427 0.0067997961781929963 -0.063419006961107693 -0.023210256347607313 0.076814836327696312 -0.019880471457476682 0.09204400026659601 0.0020046056812498031 -0.15444560383284892 0.059025591286310693 0.080741335542469289 -0.0015877911547133644 0.024151738388014352 -0.009970552380410622 0.044204100862700976 0.22078706060609779 0.080977793472086473 2.6131306195156858 -0.03509866358228448 -0.0031718174272790463 0.020072477913840397 0.024153443922661656 -0.055158109875218665 0.015832732259757783 0.0073622720047800136 -0.061172645076328087
leaf_weight=1.9145980637258606 1609.7508591680808 1.7332326161940708 2.668862784281373 6.8030082560180745 175.13697397369106 129.77212470306768 30.216450563850231 97.635669267772755 5.1361718573025419 103.60912049919352 5.86642436349939 852.68528340234479 2.3246157714456812 21.327260721380298 1.7343773572865755 472.40022306144238 200.65682195773843 696.37889958450978 9.326364495624146 1.1020878472772881 0.66751833097805402 0.059381527011282742 60.239783308636106 73.754820146306884 49.597339738596929 116.57265583939989 40.890664512352487 23.891462313597003 15.407642723873325 10.016167757305082
leaf_count=132 50162 242 23 2887 7436 100829 261606 2464 104 72079 252 48693 73 15090 967 17181 7676 24949 2461 17 234 7 16106 524 1895 6405 187797 36036 8779 207
internal_value=-8.36829e-06 -0.0295856 0.0475454 -0.0710005 7.23708e-05 -0.00165954 -0.0118885 -0.00188424 -0.0182114 -0.029711 0.0104866 0.00152066 -4.35963e-05 0.0409617 -0.053952 -0.000512054 0.00608587 -0.0033788 0.0110255 -0.00385151 0.0181932 0.287833 -0.024467 0.0174057 0.0244355 0.000436532 -0.000909732 -0.0289769 0.0163127 -0.0196383
internal_weight=4819.28 13.1197 4.58346 8.53624 4806.16 2188.77 372.236 238.41 102.772 133.826 135.639 2617.39 2247.51 25.3863 4.05899 2222.12 673.057 1549.06 369.884 120.266 249.619 0.7269 69.5661 248.892 50.6994 1816.53 1674.53 64.7821 141.996 25.4238
internal_count=873313 3284 155 3129 870029 726720 437334 103649 2568 333685 101081 143309 114629 16130 1040 98499 24857 73642 28680 20479 8201 241 18567 7960 1912 289386 273995 223833 15391 8986
is_linear=0
shrinkage=0.08


Tree=155
num_leaves=31
num_cat=0
split_feature=9 10 11 6 4 1 0 14 6 1 11 11 0 14 6 10 10 9 6 1 4 14 10 6 6 4 2 6 2 5
split_gain=1.72112 6.66767 18.5465 10.0094 9.08923 14.9309 10.8801 8.68673 11.2839 8.35346 8.10874 9.50208 14.3072 9.58257 7.0405 6.48335 5.90772 5.90029 5.48195 4.78651 4.43701 3.80715 3.779 4.43034 8.27996 3.91444 12.6386 15.7291 18.0094 16.3993
threshold=0.76728257536888134 0.57518798112869274 0.47222222387790685 0.34514106810092932 0.53571429848670971 0.80874970555305492 0.62988328933715831 0.25521059334278112 0.78192934393882763 0.16784037649631503 0.13392857462167743 0.86607143282890331 0.7897985875606538 1.0000000180025095e-35 0.32037734985351568 0.77097901701927196 0.30217391252517706 0.88581016659736644 0.54870337247848522 0.53144779801368724 0.2264957278966904 0.1106403023004532 0.83666664361953746 0.6776927411556245 0.71834936738014232 0.2264957278966904 0.27334994077682501 0.57259953022003185 0.48313754796981817 0.17694497108459475
decision_type=2 2 2 2 2 2 2 2 2 2 2 2 2 2 2 2 2 2 2 2 2 2 2 2 2 2 2 2 2 2
left_child=22 2 3 4 6 -6 -2 8 16 14 15 13 -13 -12 -3 20 -4 19 21 -5 -11 -16 25 -24 -25 26 -1 29 -29 -28
right_child=1 9 7 17 5 -7 -8 -9 -10 10 11 12 -14 -15 18 -17 -18 -19 -20 -21 -22 -23 23 24 -26 -27 27 28 -30 -31
leaf_value=0.0010814640180028517 -0.034772836936874933 0.026258909016136946 0.21422800899891298 -0.018449404875595838 -0.08966245923324534 -0.010567643626017116 0.020521884472474997 0.082706617938863497 -0.15452022387177489 0.061097456356023379 -0.07344161648035534 -0.0084050748269066163 0.048553780248470416 -0.018165054372280717 -0.095635131338296542 0.057712851307842969 0.029254251500427132 0.070025048890082819 0.0060266356249378443 0.034103126126347492 0.00037909415531935526 0.0026098176009616485 0.037429260962630738 -0.22666685443376711 0.014046974369157061 0.0010425229817451766 -0.042829918793634028 0.0033458617113833466 0.12002565649033381 -0.009470831081202084
leaf_weight=954.11755453683463 29.225586057960754 103.21388860390289 1.1189748820324883 17.626030859188177 17.766079074703157 108.91961840976728 103.1716323310975 22.485996990559215 2.135254672728478 8.2340205766377021 22.628865074540954 218.19373441845528 32.416784523178649 177.60308319955948 7.2609309498220664 16.415177327027777 88.756040076761565 16.59621877403697 24.973121664486825 29.921792322420515 119.31513551817625 3.8698388934135437 29.294186430910486 1.2058970950311039 3.7853169881273061 2150.2664480771373 134.54164169934347 42.419826430483226 10.577183950366814 315.43480684376937
leaf_count=114237 793 2957 120 500 109 2820 1369 1530 15 315 372 4067 28404 6164 47 1852 5162 182 290 296 2407 27 3412 25 101 258215 317866 23453 1429 94777
internal_value=-1.74456e-05 0.00264928 0.0104642 0.000663415 -0.00634142 -0.0216597 0.00831603 0.0381323 0.027239 -0.0020104 -0.00614043 -0.0114187 -0.00103738 -0.024412 0.0156225 0.0103892 0.0315572 0.0289565 -0.014785 0.0146218 0.00429881 -0.0614783 -0.000875575 0.0255588 -0.0441104 -0.00112682 -0.00432816 -0.01459 0.0266329 -0.0194451
internal_weight=4813.49 1171.85 437.723 323.227 259.083 126.686 132.397 114.496 92.0103 734.125 594.807 450.842 250.611 200.232 139.318 143.964 89.875 64.144 36.1039 47.5478 127.549 11.1308 3641.64 34.2854 4.99121 3607.36 1457.09 502.973 52.997 449.976
internal_count=873313 59798 12896 6069 5091 2929 2162 6827 5297 46902 43581 39007 32471 6536 3321 4574 5282 978 364 796 2722 74 813515 3538 126 809977 551762 437525 24882 412643
is_linear=0
shrinkage=0.08


Tree=156
num_leaves=31
num_cat=0
split_feature=9 14 8 9 14 14 9 16 11 8 9 14 6 5 6 15 14 2 2 8 0 8 6 6 6 6 14 9 14 8
split_gain=1.59794 14.4303 6.44655 5.81524 7.01266 6.97495 5.45479 5.30202 4.37685 4.12635 6.07212 4.07185 9.01356 4.53997 4.01928 3.9178 3.69967 7.60987 7.18224 5.01375 4.51253 4.13252 3.39478 3.33646 5.50194 3.53382 3.31252 12.6115 10.4102 10.1552
threshold=0.86974194645881664 0.129171296954155 0.8668593466281892 0.92880183458328258 0.10551619529724122 0.11155555769801141 0.91442927718162548 1.0000000180025095e-35 0.30384616553783422 0.98314553499221813 0.73854896426200878 0.017937581054866317 0.11834733933210374 0.14185111224651339 0.58102023601531994 0.35542106628417974 0.18217893689870837 0.39415280520915991 0.17192118614912036 0.81916236877441417 0.32049381732940679 0.90250155329704296 1.0000000180025095e-35 0.71834936738014232 0.6776927411556245 0.83752354979515087 0.25521059334278112 0.80586275458335888 0.12018518522381784 0.73980519175529491
decision_type=2 2 2 2 2 2 2 2 2 2 2 2 2 2 2 2 2 2 2 2 2 2 2 2 2 2 2 2 2 2
left_child=9 2 7 5 15 22 16 11 -7 26 14 12 -2 -13 -11 -5 19 18 -18 -3 -19 -21 -4 24 -16 -25 28 -28 -1 -30
right_child=1 6 3 4 -6 8 -8 -9 -10 10 -12 13 -14 -15 23 -17 17 20 -20 21 -22 -23 -24 25 -26 -27 27 -29 29 -31
leaf_value=0.0026684175594149807 0.093954072786804024 0.10685496699974312 0.036409335623627699 0.01618607003418748 0.044203806890913189 -0.027610911013171403 0.058293283204194649 0.060108177777459915 -0.10223790046656209 0.025095957724865336 0.083608629508814314 -0.054497196197904482 -0.30114584135164796 0.061277568273527074 -0.0394777294294529 -0.0070278684256491119 0.098034418567080214 0.53179465625637679 -0.02299536362042991 -0.0084884403155197092 0.067182056696534251 0.036105255547307084 -0.013998395074820603 0.088752497362738561 -0.29160664073948078 -0.10246256545590193 1.708179072255251e-05 0.043950955551991369 0.00095187926872804197 -0.020997500301057272
leaf_weight=637.05432611373999 0.64322954741510574 3.1172298242890966 9.116240354775071 59.831810931966174 22.948791820163024 11.299676516384354 27.447061858671077 18.198047047997534 9.0647631998144771 15.778888378416019 9.0832460454475932 3.943594624870455 0.86850307325948961 4.8137980173196411 1.6867380634648719 209.27449508611608 3.927561687189157 0.13461742550134914 15.60994058975484 51.041932041458494 21.724465761690226 17.986642167379614 137.8097046283001 1.4616814285400326 0.8247839513933285 1.0723634207388384 2900.8448256042266 42.428088897970156 224.09010149942333 338.96271743022226
leaf_count=258520 32 90 1958 1488 2335 182 3147 541 415 2208 768 65 23 375 50 17714 83 2 111 2010 3100 1940 3972 55 20 23 309364 2516 247010 13196
internal_value=-1.38099e-05 0.00374576 -0.00276959 -0.00505903 0.00175348 -0.0169523 0.0262883 0.0341728 -0.0608294 -0.000580275 0.0290284 -0.0117877 -0.133034 0.00914233 0.00522155 -0.00186659 0.0185517 0.0376157 0.00133487 0.00761288 0.0700433 0.00313125 -0.0108708 -0.0569312 -0.122277 0.00783363 -0.000793997 0.000650401 -0.00433639 -0.0122618
internal_weight=4802.09 628.802 487.813 459.345 292.055 167.29 140.989 28.4672 20.3644 4173.29 29.9077 10.2691 1.51173 8.75739 20.8245 269.106 113.542 41.3966 19.5375 72.1458 21.8591 69.0286 146.926 5.04557 2.51152 2.53404 4143.38 2943.27 1200.11 563.053
internal_count=873313 39583 29100 28064 21537 6527 10483 1036 597 833730 3124 495 55 440 2356 19202 7336 3296 194 4040 3102 3950 5930 148 70 78 830606 311880 518726 260206
is_linear=0
shrinkage=0.08


Tree=157
num_leaves=31
num_cat=0
split_feature=2 0 6 2 7 6 2 9 6 7 0 14 2 9 11 14 14 6 6 9 16 7 11 6 6 0 14 9 8 15
split_gain=1.62256 4.72949 11.0713 6.25046 5.16271 4.97083 7.09583 5.92722 5.14044 35.1596 4.34757 4.7009 4.19344 12.0491 8.22363 7.73945 6.99777 6.0662 4.15052 3.73812 6.0984 11.1924 5.66013 5.42234 5.35519 5.62573 3.40623 3.08989 2.79546 2.75753
threshold=0.08856209367513658 0.097167581319808974 0.087595909833908095 0.094494048506021514 0.96245300769805919 0.26138716936111456 0.094494048506021514 0.43874259293079382 0.23861283808946612 0.71471861004829418 0.091608393937349333 0.03141447342932225 0.094494048506021514 0.41519744694232946 0.19090909510850909 0.11155555769801141 0.65722313523292553 0.11583184450864793 0.76253134012222301 0.45910002291202551 1.0000000180025095e-35 0.70814895629882824 0.63333335518836986 1.0000000180025095e-35 0.029857398010790352 0.091608393937349333 0.2703810334205628 0.29102416336536413 0.89672946929931652 0.16480319947004321
decision_type=2 2 2 2 2 2 2 2 2 2 2 2 2 2 2 2 2 2 2 2 2 2 2 2 2 2 2 2 2 2
left_child=18 2 3 10 -5 8 -7 -8 27 -10 29 -12 13 14 -3 17 -16 -15 19 23 21 22 -21 -1 -25 -26 -23 -4 -17 -2
right_child=1 12 5 4 -6 6 7 -9 9 -11 11 -13 -14 15 16 28 -18 -19 -20 20 -22 26 -24 24 25 -27 -28 -29 -30 -31
leaf_value=-0.1184069940072979 0.003587382674222702 0.23746070311062328 0.18028928478132197 -0.080152939522238342 -0.39710234940082018 -0.08638327713963953 0.30279012544738898 0.028452795271643187 0.98263155912280797 0.0034973270698335575 0.15265036602982579 -0.041105909508141851 0.00022753192397817926 0.099318158395213074 0.08998035734686452 -0.059673970217726018 -0.038971845474984626 -0.054566732729301619 -0.093499171511602988 0.10348803880686998 -0.0093810797038612163 -0.00050810228517977288 0.36889162772455841 0.1449579966129087 -0.0082155237387305617 -0.085329596012142711 0.063119785166109527 0.052274085572959497 -0.23887406123312349 0.1686799711137652
leaf_weight=3.650702213513795 1.3519943674909927 1.2848460421919288 1.2695481437258482 1.0133813413231099 0.48696253448724736 3.7323264271763019 0.5633151687998178 4.7896652417221048 0.30032382589342788 1.0743960249237714 0.8512382073968191 13.688217851988155 4546.8974711771898 3.7571031890474833 5.2124722545322566 29.809355451363448 5.5726884602336213 2.9087597578873101 3.5646151832197566 1.2686084963515925 72.626226021602633 16.65229697118048 0.86487790222963656 1.2702805205171888 34.422368568460115 7.3469692769194799 7.9579447074211194 24.376153328394139 0.56774210167350148 1.2426429842598736
leaf_count=162 71 48 12 64 7 497 195 303 65 20 45 396 856034 181 413 1054 78 253 919 363 5484 280 79 41 4451 792 87 881 20 18
internal_value=-9.00652e-06 0.000254805 0.0236309 -0.0264492 -0.183024 0.0494777 -0.0017132 0.0573224 0.06669 0.217401 -0.0127387 -0.0297621 -2.36134e-05 -0.0232747 0.0461427 -0.0458936 0.0233508 0.0321679 -0.00820899 -0.00612748 0.00264529 0.0353045 0.211078 -0.0247984 -0.0168583 -0.0217794 0.0200666 0.0586113 -0.0630232 0.0826548
internal_weight=4800.38 4650.75 54.7402 18.6344 1.50034 36.1057 9.08531 5.35298 27.0204 1.37472 17.1341 14.5395 4596.01 49.113 12.07 37.043 10.7852 6.66586 149.625 146.06 99.37 26.7437 2.13349 46.6903 43.0396 41.7693 24.6102 25.6457 30.3771 2.59464
internal_count=873313 860655 2574 601 71 1973 995 498 978 85 530 441 858081 2047 539 1508 491 434 12658 11739 6293 809 442 5446 5284 5243 367 893 1074 89
is_linear=0
shrinkage=0.08


Tree=158
num_leaves=31
num_cat=0
split_feature=10 8 6 11 6 0 9 5 7 8 11 11 0 15 9 9 2 0 15 8 10 11 6 6 2 8 9 9 15 8
split_gain=1.61377 5.46958 8.01624 7.13898 6.32383 7.08076 6.32036 5.28772 4.84941 13.9791 7.47364 19.3602 14.9522 7.45762 6.9915 10.719 7.18695 6.23288 8.40882 6.23285 7.63617 7.51057 7.03968 5.54345 11.2952 7.99468 5.25773 5.29839 5.24719 4.99682
threshold=0.42481203377246862 0.66807910799980175 0.64126753807067882 0.93750000000000011 0.032795699313282974 0.12276295199990274 0.69647300243377697 0.93440860509872448 0.76609560847282421 0.69482603669166576 0.58571431040763866 0.81666666269302379 0.2046049237251282 0.14003355056047442 0.66202038526535045 0.41797162592411047 0.59896907210350048 0.13994288444519046 0.35196441411972051 0.56079712510108959 0.30901856720447546 0.93750000000000011 0.75204917788505565 0.46470099687576299 0.55403152108192455 0.75484195351600658 0.41191250085830694 0.48094350099563604 0.18465090543031695 0.43254275619983679
decision_type=2 2 2 2 2 2 2 2 2 2 2 2 2 2 2 2 2 2 2 2 2 2 2 2 2 2 2 2 2 2
left_child=8 2 3 4 5 -2 -4 -3 9 10 14 12 -12 -11 15 -1 -16 -15 -19 20 21 22 -10 -21 25 -25 28 -28 -22 -23
right_child=1 7 6 -5 -6 -7 -8 -9 19 13 11 -13 -14 17 16 -17 -18 18 -20 23 26 29 -24 24 -26 -27 27 -29 -30 -31
leaf_value=0.00032836058575291685 -0.1169411322468909 0.00030380720700805589 0.047232690352882849 -0.012196848289116876 0.037201591600951558 0.032188069825480538 0.18250854685917514 0.058103257683585367 -0.00014397860179241449 0.43091670397567305 0.16918616140264919 0.0070759562539874929 0.010248477824317637 -0.053163256337342917 -0.022812536964346205 -0.016638106190958093 0.050971033434715596 0.20362655139242719 0.043743672223680433 -0.017635294153146561 0.064708294398692759 -0.0055711410709670629 0.13105438406324882 -0.032190649533037193 0.088483103763394078 0.064669705462996177 0.058190373183420005 0.013908512189574932 -0.043548058975992614 -0.046276856582769421
leaf_weight=1801.3973770991788 3.840254968905354 1597.8753141919842 9.1391357379034144 48.008161598863808 59.509568630688591 4.3410903890617192 2.9156537707895032 10.194440026873052 234.96969107571931 0.32003771259041869 9.0066161252789225 112.25650891928763 6.5381151214114643 3.8932201770367092 11.620727287740008 274.65081873582949 30.955874905761448 2.2358933499490368 36.040570194352767 325.92783527472056 3.6584183436934863 36.071992597338976 2.6469193669618098 23.861389750032689 9.8056952776969393 7.069436428253538 26.462342786340741 49.90743530850159 13.2209553993016 41.510139547026483
leaf_count=444545 24 59400 145 1889 1259 281 39 18265 5069 27 612 103518 2541 167 2181 217414 512 130 1740 9063 37 631 67 1256 140 183 369 876 247 686
internal_value=-1.2919e-05 0.00193598 0.0178683 0.0113998 0.0281352 -0.0378119 0.0799514 0.00067023 -0.001117 0.000735057 -0.000124769 0.0186628 0.102337 0.0461939 -0.00125808 -0.00191622 0.0308328 0.0432742 0.0530831 -0.00658616 0.000210832 -0.0057388 0.0013175 -0.0141577 0.0136659 -0.0100526 0.0203216 0.0292523 -0.0200847 -0.0273506
internal_weight=4799.85 1735.82 127.754 115.699 67.6909 8.18135 12.0548 1608.07 3064.03 2288.92 2246.43 127.801 15.5447 42.4897 2118.62 2076.05 42.5766 42.1697 38.2765 775.112 408.448 315.199 237.617 366.664 40.7365 30.9308 93.2492 76.3698 16.8794 77.5821
internal_count=873313 81302 3637 3453 1564 305 184 77665 792011 773387 771323 106671 3153 2064 664652 661959 2693 2037 1870 18624 7982 6453 5136 10642 1579 1439 1529 1245 284 1317
is_linear=0
shrinkage=0.08


Tree=159
num_leaves=31
num_cat=0
split_feature=1 6 14 0 11 10 14 16 9 8 10 4 4 6 5 1 15 15 9 6 9 8 15 9 8 8 9 10 14 14
split_gain=1.58285 5.75709 3.83292 3.17945 1.94064 1.59696 6.07541 8.47624 6.62866 5.38867 7.76265 5.6538 5.13361 7.62095 5.06289 4.97337 7.19346 4.62302 4.50615 6.89181 5.17449 3.7563 3.53422 3.18394 6.98232 13.1134 4.87172 4.79454 10.555 6.57294
threshold=0.054804805666208274 0.18808962404727939 0.053262412548065192 1.0000000180025095e-35 0.63333335518836986 0.23669467866420749 0.20463493466377261 1.0000000180025095e-35 0.53070896863937389 0.45622551441192633 0.23904761672019961 0.84523808956146251 0.77500000596046459 0.24780701845884326 0.76043477654457103 0.86526826024055492 0.88844355940818798 0.70402085781097423 0.40969732403755194 0.77207791805267345 0.30389872193336492 0.60169798135757457 0.19588133692741397 0.41277122497558599 0.47466187179088598 0.47639311850070959 0.47229200601577764 0.19292803853750232 0.60081303119659435 0.36096791923046118
decision_type=2 2 2 2 2 2 2 2 2 2 2 2 2 2 2 2 2 2 2 2 2 2 2 2 2 2 2 2 2 2
left_child=1 2 -1 -3 -4 6 7 8 21 10 22 12 14 -14 -11 16 -13 -10 20 -20 -12 -2 -7 27 26 -26 -25 29 -29 -8
right_child=5 3 4 -5 -6 9 23 -9 17 11 18 15 13 -15 -16 -17 -18 -19 19 -21 -22 -23 -24 24 25 -27 -28 28 -30 -31
leaf_value=0.24094074033411278 -0.050039098090896732 0.028170156922350996 -0.014457834705804251 -0.095125662410056683 0.11721871350287633 -0.024136622783388788 -0.058540703278039341 -0.063182610530187699 0.063455800326767717 -0.0002348078116335375 -0.034699094583696612 -0.084068647297535562 -0.04758085385211433 0.06758462308531249 0.014912160252210177 0.060205043951753912 0.052183131592730483 -0.0025860486846579029 -0.006076331359663888 0.33771865108163712 0.042697402184271711 0.039720895200255679 0.19892512533814988 -0.041449497548097333 0.20394149278490104 -0.0021251767440801199 0.0074928360806395689 0.065283249016663616 0.0026175164210270295 -0.00022668426735277436
leaf_weight=0.55270067480841945 21.131936454029532 1.6969338186881922 3.0752198430673161 6.3380684456083145 0.93384659531875502 0.57417501159943585 12.456144902098456 23.805239817394067 9.857435280078791 2297.7626086394703 6.3501454298821036 4.53849756899581 27.033162819316207 4.2564547216898054 150.47920432041792 18.786694263697427 5.4673081821383676 21.755301196390064 41.691957589893718 0.37654683228902186 42.725380227479036 3.4744199745728102 2.1827448819676647 55.880058524010565 2.0097751287976271 119.08212637976703 16.969181378392022 22.805245816063689 70.011934542053496 1803.1763096251925
leaf_count=27 72142 242 111 2887 17 12 124568 292289 4467 99956 158 184 1802 153 20701 13631 2533 292 2851 29 1202 444 97 49886 1268 47589 15447 4387 1346 112595
internal_value=-1.47086e-05 -0.0283357 0.0434418 -0.0690865 0.0162141 5.98536e-05 -0.00153608 -0.023171 -0.00622857 0.00139832 0.0202138 0.000693952 0.00028467 -0.0319144 0.000696188 0.0359403 -0.00961882 0.018007 0.0162134 -0.00299909 0.0326827 -0.037365 0.152469 -0.000712585 -0.0104787 0.00129493 -0.0300491 0.000279868 0.0180145 -0.000626748
internal_weight=4797.24 12.5968 4.56177 8.035 4.00907 4784.64 2182.42 80.0243 56.2191 2602.22 93.9009 2508.32 2479.53 31.2896 2448.24 28.7925 10.0058 31.6127 91.144 42.0685 49.0755 24.6064 2.75692 2102.39 193.941 121.092 72.8492 1908.45 92.8172 1815.63
internal_count=873313 3284 155 3129 128 870029 726720 369634 77345 143309 4349 138960 122612 1955 120657 16348 2717 4759 4240 2880 1360 72586 109 357086 114190 48857 65333 242896 5733 237163
is_linear=0
shrinkage=0.08


Tree=160
num_leaves=31
num_cat=0
split_feature=2 6 0 6 14 8 14 8 8 9 14 10 10 2 14 0 6 10 8 1 6 8 14 10 0 6 6 2 2 9
split_gain=1.44121 3.95333 3.79684 3.63992 3.29869 6.76878 9.05909 3.37291 17.9908 2.88743 2.67853 4.88801 3.50279 3.411 2.33706 3.20247 1.97129 1.95856 1.91038 1.67463 5.39236 3.86443 9.4892 4.86685 3.71756 9.13072 4.86328 4.75978 3.39435 9.57418
threshold=0.08191221579909326 0.039230769500136382 0.085410334169864668 0.76253134012222301 0.44487847387790685 0.52548557519912731 0.29046043753623968 0.48898592591285711 0.48499850928783422 0.62973192334175121 0.21225529909133914 0.65942031145095836 0.21132376790046695 0.21132376790046695 0.6431068778038026 0.0745370388031006 0.18808962404727939 0.47493734955787664 0.54847925901412975 0.08856209367513658 0.17902930825948718 0.62875112891197216 0.47080136835575109 0.51086956262588512 0.097167581319808974 0.087595909833908095 0.26138716936111456 0.094494048506021514 0.094494048506021514 0.41519744694232946
decision_type=2 2 2 2 2 2 2 2 2 2 2 2 2 2 2 2 2 2 2 2 2 2 2 2 2 2 2 2 2 2
left_child=1 14 10 4 5 6 -3 8 -6 -7 11 13 -12 -2 15 17 -9 18 -1 20 21 22 -4 -23 25 27 -27 -21 29 -26
right_child=2 3 19 -5 7 9 -8 16 -10 -11 12 -13 -14 -15 -16 -17 -18 -19 -20 24 -22 23 -24 -25 28 26 -28 -29 -30 -31
leaf_value=0.044649692540708483 -0.099615549123088759 -0.032544365518867718 0.14062856871229787 -0.091696067528064834 -0.011296983506800515 -0.029893433655322106 0.26161986992696024 -0.020364847148334211 0.45685446697345861 0.017897629773971965 -0.087518960633933066 0.088575607011112209 0.091367741908449415 0.20133082405163857 -0.1263530380266541 -0.10038757646126949 -0.079087291726023357 0.097346926479735585 -0.11058431957721085 -0.0113390379794454 -0.063634765818687877 -0.072814344574213902 -0.0014055294866096664 0.010226927968182179 0.039914595426413298 0.060747383919679203 -0.024273439484170697 -0.16196205745172088 0.00020285887124030756 -0.041483625032597983
leaf_weight=1.0527016780533802 2.5561167993591867 1.1761472937159845 3.6044201314280171 2.9602082462888566 18.129788651069251 11.076581325137338 1.556977512040248 7.4981816701911139 0.54103855019275116 30.016618867033685 0.77910174264616205 2.1641060420661233 6.9481250490061939 0.26613265760533966 2.5405528901610523 2.6262248984285179 7.1449995590446633 1.2420665025711057 0.97942714553937538 16.9119665343942 11.115771269987816 8.3518613242777082 18.266613326588413 9.8369867264991608 12.366548062434047 27.256052027711121 5.1136933847683386 1.458513226622016 4540.6796074652211 36.674104287809314
leaf_count=74 244 2614 629 813 1354 2059 1237 108 28 675 169 66 94 8 29 222 413 20 20 530 1479 108 248 199 560 958 731 51 856033 1540
internal_value=-1.58874e-05 -0.0101278 0.00017443 -0.00464023 -0.00129952 0.0131238 0.135032 -0.0202742 0.00226899 0.00501565 0.043834 -0.00187738 0.0733314 -0.0712369 -0.0622016 -0.0345798 -0.0490179 0.0182044 -0.0301686 5.61197e-05 -0.0143364 -0.000657091 0.0220022 -0.0279035 0.000214842 0.0217504 0.047316 -0.0232977 -2.32371e-05 -0.0209575
internal_weight=4792.89 88.5415 4704.35 80.1005 77.1403 43.8263 2.73312 33.314 18.6708 41.0932 12.7136 4.98636 7.72723 2.82225 8.44097 5.90042 14.6432 3.2742 2.03213 4691.64 51.1757 40.0599 21.871 18.1888 4640.46 50.7402 32.3697 18.3705 4589.72 49.0407
internal_count=873313 9666 863647 9301 8488 6585 3851 1903 1382 2734 581 318 263 252 365 336 521 114 94 863066 2663 1184 877 307 860403 2270 1689 581 858133 2100
is_linear=0
shrinkage=0.08


Tree=161
num_leaves=31
num_cat=0
split_feature=7 0 6 2 2 0 11 9 6 0 6 1 10 8 2 10 10 0 11 11 4 10 8 7 7 6 0 8 7 9
split_gain=1.47071 10.7005 4.95956 9.65254 42.7183 7.26269 7.23777 6.25076 7.73741 6.09771 14.5208 6.8156 4.72381 3.75739 3.52967 2.37836 11.6554 9.31767 13.3144 13.7502 12.8692 8.52646 8.02983 13.4439 8.35145 7.98348 7.29854 7.42335 6.94502 6.35357
threshold=0.99812734127044689 0.85053193569183361 0.045983087271451957 0.72834226489067089 0.7454303801059724 0.72046512365341198 0.30384616553783422 0.47229200601577764 0.028174603357911113 0.10596491396427156 0.15655637532472613 0.11189358308911325 0.30217391252517706 0.37296918034553533 0.10596491396427156 0.57518798112869274 0.56832298636436474 0.17817460745573047 0.27922078967094427 0.86607143282890331 0.41428571939468389 0.79057019948959362 0.87526825070381176 0.95531892776489269 0.86121249198913585 0.36451049149036413 0.11852502077817918 0.72403213381767284 0.96984851360321056 0.8782135844230653
decision_type=2 2 2 2 2 2 2 2 2 2 2 2 2 2 2 2 2 2 2 2 2 2 2 2 2 2 2 2 2 2
left_child=15 2 3 7 -5 -6 13 12 -9 10 -8 -11 -2 -4 -15 16 28 25 22 21 -21 -20 24 -24 -19 -17 -18 -28 29 -1
right_child=1 -3 6 4 5 -7 9 8 -10 11 -12 -13 -14 14 -16 17 26 18 19 20 -22 -23 23 -25 -26 -27 27 -29 -30 -31
leaf_value=-0.00094904882758874447 -0.020848228809315941 0.061040404284317659 0.25051945301916162 -1.5172087000485046 -0.61485108379129805 0.08065659051288801 0.069275240188581694 0.044449413429635667 -0.040916124660219842 -0.036350105930215384 -0.016847394242604272 0.0024917883986944377 -0.13626736938262315 -0.038750814748229924 0.082196412304374869 0.02337713605274162 -0.051075005293010893 -0.12045535737743204 -0.026440226552451398 -0.0083145076941828142 0.074180025530461824 -0.075285261328810374 -0.029919874952576864 0.020160829572533855 0.045035184831960111 -0.023881746450445055 0.13073700076626912 0.032873735219595565 0.083495068556894772 0.019860245776638055
leaf_weight=3538.4947254367762 4.6345574324950558 20.419830484184786 0.69393392838537593 0.15010514867026259 0.11460191378137097 0.59482824540464208 26.299055071780458 12.837109693675304 14.438169034663586 32.700616504997015 23.930895082419738 249.57204564384301 4.4470424642786384 1.9357872182736153 7.6352698605041951 110.99755133292638 5.9739522272720924 2.0452294546994372 163.0438565463628 155.58833813585807 13.123507179210717 26.60430142225232 60.445976470655296 79.32598210714059 42.640684155921917 28.816613198025152 5.4435245636850587 55.925124748449889 6.3265786092088083 96.463682168861851
leaf_count=807231 25 21210 11 16 9 130 461 388 441 529 335 4425 28 124 481 2139 50 21 4018 5769 14898 664 857 2109 815 200 289 2906 68 2666
internal_value=-1.66989e-05 0.00462478 0.00159308 -0.0261441 -0.291119 -0.0316963 0.00460467 -0.0198796 -0.000738835 0.00256212 0.0282441 -0.00200795 -0.0773662 0.070767 0.0577343 -0.000439918 0.000358851 -0.0047795 -0.009523 -0.018512 -0.00189755 -0.0332923 0.00794064 -0.00149714 0.0374608 0.0136368 0.0333373 0.0415544 -0.000251058 -0.000396817
internal_weight=4791.66 400.404 379.984 37.2164 0.859535 0.70943 342.768 36.3569 27.2753 332.503 50.23 282.273 9.0816 10.265 9.57106 4391.26 3708.63 682.632 542.818 358.36 168.712 189.648 184.458 139.772 44.6859 139.814 67.3426 61.3686 3641.28 3634.96
internal_count=873313 28613 7403 1037 155 139 6366 882 829 5750 796 4954 53 616 605 844700 813210 31490 29151 25349 20667 4682 3802 2966 836 2339 3245 3195 809965 809897
is_linear=0
shrinkage=0.08


Tree=162
num_leaves=31
num_cat=0
split_feature=15 6 10 0 0 2 1 11 6 10 14 14 10 6 2 7 6 2 6 16 9 7 11 6 10 10 7 9 14 14
split_gain=1.39951 1.8829 4.05806 2.04526 1.47347 6.41462 2.44048 2.86603 4.8397 4.46296 3.53736 2.71476 2.38771 1.59442 3.83917 5.02484 2.07274 21.0356 1.69003 1.44598 1.2509 1.2454 1.40618 1.04446 0.91378 0.717652 0.689838 0.6101 3.1163 0.397659
threshold=0.11000982299447061 0.22611077129840854 0.3514705896377564 1.0000000180025095e-35 0.0745370388031006 0.072948999702930464 0.072948999702930464 0.73214286565780651 0.061862245202064521 0.47493734955787664 0.25819891691207891 0.71063503623008739 0.51086956262588512 0.89699381589889537 0.12945119291543963 0.93629321455955516 0.83752354979515087 0.18321678787469867 0.29061582684516912 1.0000000180025095e-35 0.54246303439140331 0.99812734127044689 0.11805555596947671 1.0000000180025095e-35 0.77097901701927196 0.98214286565780651 0.9492306411266328 0.54246303439140331 0.58303356170654308 0.71063503623008739
decision_type=2 2 2 2 2 2 2 2 2 2 2 2 2 2 2 2 2 2 2 2 2 2 2 2 2 2 2 2 2 2
left_child=1 2 21 19 6 23 7 8 9 -2 -10 12 -9 16 15 -15 18 -18 -7 26 -16 22 -1 -6 -25 -5 -3 28 -8 -21
right_child=4 3 -4 25 5 13 27 11 10 -11 -12 -13 -14 14 20 -17 17 -19 -20 29 -22 -23 -24 24 -26 -27 -28 -29 -30 -31
leaf_value=0.095924121555612557 -0.14824653022474857 -0.094925358937797952 0.058174151158234634 -0.084507437860584289 -0.26281548726654569 -0.00084880819208524218 -0.085918996341684983 0.027033778304557467 -0.015347162452617831 0.10513222690115738 0.070150993010475268 -0.1533900529854911 -0.046529288257177004 -0.12560186768789133 -0.0087225252017875 0.085923784440163228 -0.13631554420536363 0.064175048173978302 0.0025533704959888638 0.067658333675862464 0.11711697335523791 0.065575960457645938 -0.097054213642010723 -0.098082010834575906 0.0044389140323917546 0.083775998667143553 0.058776710140694126 0.10144711080514335 0.10806620825526002 0.19578103404297367
leaf_weight=0.26547430409209383 1.6523033124458408 0.55965353231113113 3.9380438225343823 5.0935848287172121 0.21845270351877744 3429.833195721937 0.79784059398480112 5.5085255835128919 4.3529370117921635 0.6088353672530501 10.734214378542672 0.92271371837705451 5.7941175876185298 1.5672989635195327 0.61039052104752078 1.3275450053624809 6.4003047907299315 7.0258443086295301 1284.3954991998553 0.43079997351196631 2.9435473744306364 0.43261894583702076 2.6937946796933829 4.000838011696942 0.64629457518458355 0.16751922108232964 0.28057226166129112 2.1942708184142248 1.5788312237709758 0.24220292048994452
leaf_count=4 86 139 38 3018 14 519875 115 244 797 7 745 12 119 247 102 26 858 604 344721 92 88 2 310 955 8 4 3 59 19 2
internal_value=-6.45622e-06 -0.0251695 0.00293086 -0.0555745 6.7899e-05 -5.14114e-05 0.0166271 0.00821865 0.0291251 -0.0800216 0.0454831 -0.0214485 -0.0106771 4.29473e-05 0.0397947 -0.0285984 -1.12762e-05 -0.0313997 7.81182e-05 0.0263884 0.095504 -0.0612076 -0.0797422 -0.0918603 -0.083824 -0.0791491 -0.0436004 0.0710293 0.042946 0.113768
internal_weight=4787.22 14.1043 7.32993 6.77433 4773.11 4738.97 34.1446 29.5736 17.3483 2.26114 15.0872 12.2254 11.3026 4734.1 6.44878 2.89484 4727.65 13.4261 4714.23 1.51323 3.55394 3.39189 2.95927 4.86559 4.64713 5.2611 0.840226 4.57094 2.37667 0.673003
internal_count=873313 3612 354 3258 869701 867498 2203 2010 1635 93 1542 375 363 866521 463 273 866058 1462 864596 236 190 316 314 977 963 3022 142 193 134 94
is_linear=0
shrinkage=0.08


Tree=163
num_leaves=31
num_cat=0
split_feature=2 5 5 1 4 1 7 8 1 2 5 0 0 1 6 4 2 2 5 2 2 2 5 4 7 10 10 5 8 9
split_gain=1.41379 18.5463 7.77016 6.3442 7.48846 6.23043 6.0169 6.89778 5.22337 4.86897 17.5155 3.96889 3.69594 24.406 22.7095 19.8313 18.7736 14.1932 11.5878 3.47856 3.38455 3.26467 3.99812 3.21657 6.13812 5.76762 2.3568 9.04415 3.06788 2.13824
threshold=0.90070420503616344 0.74734041094779979 0.93440860509872448 0.81872946023941051 0.53571429848670971 0.77015754580497753 0.96636754274368297 0.89672946929931652 0.96684980392456066 0.92380261421203624 0.77913278341293346 0.99494948983192455 0.89825496077537548 0.81872946023941051 0.17902930825948718 0.44949495792388922 0.83424907922744762 0.88273492455482494 0.39314988255500799 0.88273492455482494 0.99494948983192455 0.89009663462638866 0.85880398750305187 0.44949495792388922 0.88648077845573436 0.75499999523162853 0.0745370388031006 0.63525497913360607 0.43865308165550237 0.46679636836051946
decision_type=2 2 2 2 2 2 2 2 2 2 2 2 2 2 2 2 2 2 2 2 2 2 2 2 2 2 2 2 2 2
left_child=2 5 8 -3 9 -2 7 -6 12 10 -5 23 13 17 16 -16 -14 -1 -15 26 -11 -21 -23 25 -25 -7 27 -10 -28 -8
right_child=1 3 -4 4 6 11 29 -9 19 20 -12 -13 14 18 15 -17 -18 -19 -20 21 -22 22 -24 24 -26 -27 28 -29 -30 -31
leaf_value=-0.0018762101821604596 0.09408628363237366 0.075925965833578218 0.085657915611973293 -0.17046274834472644 0.0024632555342775256 0.050979322252920456 -0.1510632915270784 -0.046156200780531238 -0.17702942719792275 0.0049873363943832693 -0.0093711707653096298 -0.14320875066777369 -0.011362737584225954 0.08821372886709393 -0.034009565387040072 0.0039575085184720867 -0.067842877353702258 0.13845795143310191 0.021157879697953956 -0.27977295751249404 -0.020829068269766417 0.10053978431031226 -0.19692436555671214 0.0070287271987923951 0.069282630116737728 -0.09432691987291611 0.13233921045456917 0.030691297302268376 0.039346827807119199 0.068963949433319655
leaf_weight=2633.0026395433897 9.3262589142832422 6.6129885656846445 6.6663783918884283 5.90392873574456 503.25309268465753 41.19318631799797 0.29096997692249615 19.395100236724829 1.4212043850748184 48.723402329427699 16.098667250642393 0.87892072766771789 98.675599393101947 18.103862411539012 98.846066057883945 805.95254427660984 60.917278495086975 4.620548351319484 185.39749201319137 0.41636697739158868 97.610813771585526 0.71481555655918783 0.48564859452017117 61.544981069948335 12.134985032280381 1.8257544484804373 2.9788226264427058 23.917551577011182 9.5486387388846179 9.9123323836465698
leaf_count=725283 868 310 280 280 32391 2474 61 4162 63 3507 949 81 5400 897 10258 44841 3213 383 9446 47 8006 49 8 2007 2037 972 169 890 4701 9280
internal_value=-6.73209e-06 0.00298486 -0.000638643 -0.00206447 -0.0028 0.0311473 0.00184681 0.000659022 -0.000784469 -0.017509 -0.0525967 0.0261549 -0.00107716 0.000429165 -0.00509791 -0.000190261 -0.0329214 -0.00163037 0.0271233 0.0281673 -0.0122332 -0.086748 -0.0197995 0.0274305 0.0172819 0.0448124 0.0330741 0.0190406 0.0614589 0.0626894
internal_weight=4786.37 834.705 3951.67 707.801 701.188 126.904 532.851 522.648 3945 168.337 22.0026 117.578 3905.52 2841.12 1064.39 904.799 159.593 2637.62 203.501 39.483 146.334 1.61683 1.20046 116.699 73.68 43.0189 37.8662 25.3388 12.5275 10.2033
internal_count=873313 67385 805928 58946 58636 8439 45894 36553 805648 12742 1229 7571 799721 736009 63712 55099 8613 725666 10343 5927 11513 104 57 7490 4044 3446 5823 953 4870 9341
is_linear=0
shrinkage=0.08


Tree=164
num_leaves=31
num_cat=0
split_feature=11 4 6 0 5 1 4 5 1 14 0 1 7 9 9 14 11 4 11 14 7 14 15 1 2 1 7 11 0 4
split_gain=1.50642 10.1672 10.7486 8.42911 22.164 17.3875 46.7545 17.2141 13.7561 7.94075 8.62445 11.8178 7.72491 8.34465 7.0374 8.00562 6.67986 48.3394 18.9188 18.286 13.9696 13.6897 11.3065 5.96588 6.79403 11.8295 5.81018 5.62482 5.01504 4.99123
threshold=0.47222222387790685 0.61250001192092907 0.042109929025173194 0.67068272829055797 0.34178434312343603 0.67826876044273388 0.13392857462167743 0.27334994077682501 0.64326766133308422 0.52966317534446727 0.10933997482061387 0.10367219150066377 0.99812734127044689 0.49065339565277105 0.96712303161621105 1.0000000180025095e-35 1.0000000180025095e-35 1.0000000180025095e-35 0.23611111193895343 0.27308239042758947 0.44908872246742254 0.51363748311996471 0.55394813418388378 0.10367219150066377 0.3442887961864472 0.25677657127380377 0.97993290424346935 0.23611111193895343 0.65648320317268383 0.19090909510850909
decision_type=2 2 2 2 2 2 2 2 2 2 2 2 2 2 2 2 2 2 2 2 2 2 2 2 2 2 2 2 2 2
left_child=12 2 9 4 8 6 -5 -7 -4 10 -2 -12 14 27 16 26 17 20 21 -20 -1 -18 -19 -15 25 -25 -16 -14 -6 -11
right_child=1 -3 3 5 28 7 -8 -9 -10 29 11 -13 13 23 15 -17 18 22 19 -21 -22 -23 -24 24 -26 -27 -28 -29 -30 -31
leaf_value=-0.021926999965395707 -0.0456829342995679 0.039260805153797554 0.0038462380441870248 -0.10787465615436254 0.098759405211707577 0.11397372769505446 0.0094810598161278823 -0.00010919199117197389 0.10159589237109426 -0.046950495723859967 0.10392904701710831 -0.0020064607593812166 0.12229466683921932 -0.0068750482709755735 0.011854365144361991 0.066508434060350466 -0.074750957595731679 -0.044123238942766027 -0.016641538540514946 0.010054405597875583 0.12239889905597245 -0.0072831976749977694 -0.00042747338824680677 0.10683465642218484 0.044096702869156443 0.41727897535627395 -0.11821610917147095 -0.026358140432783238 -0.046105055315104969 0.019834567861094415
leaf_weight=5.1310411807176051 26.594738812907963 45.527827149373479 1113.6432657297532 36.407148610204786 19.460664332082164 9.1227414787008438 53.881973267993089 117.39557269757188 9.2907819853699021 59.074396038726263 7.243246213074598 96.926922404916695 1.8281607646204072 5.937166178540795 17.700021011172797 20.674522308661835 44.659109340010673 38.538382555608678 350.20977069590299 309.19565605979369 26.252495826317499 33.827005962863041 2284.8784349065063 6.9654200802033328 10.825779948223497 0.88541230733972032 2.5095489193918175 14.959756321681198 1.6598859646474 8.1499746217450575
leaf_count=5500 876 30723 209069 2805 1607 325 3221 12326 339 908 213 24821 121 149 164 1047 39375 318461 81462 51582 2193 3178 79213 221 2450 27 39 161 129 608
internal_value=-2.25287e-06 0.00199575 0.000907385 0.00344122 0.00618208 -0.0110218 -0.0378401 0.00811688 0.00465499 -0.0165087 -0.00502139 0.00535953 -0.00101188 0.0333184 -0.00146546 0.0315082 -0.00190136 0.00017989 -0.00854317 -0.00412379 0.0988024 -0.0456728 -0.00115225 0.06298 0.0851864 0.141846 -0.0042973 -0.0101702 0.0873744 -0.0388538
internal_weight=4779.36 1604.38 1558.85 1360.86 1144.05 216.807 90.2891 126.518 1122.93 197.989 130.765 104.17 3174.98 41.4017 3133.58 40.8841 3092.69 2354.8 737.892 659.405 31.3835 78.4861 2323.42 24.6138 18.6766 7.85083 20.2096 16.7879 21.1206 67.2244
internal_count=873313 287970 257247 229821 211144 18677 6026 12651 209408 27426 25910 25034 585343 3129 582214 1250 580964 405367 175597 133044 7693 42553 397674 2847 2698 248 203 282 1736 1516
is_linear=0
shrinkage=0.08


Tree=165
num_leaves=31
num_cat=0
split_feature=6 5 1 0 2 5 5 2 0 2 5 2 1 0 2 5 0 6 5 0 6 6 2 0 1 0 8 10 5 0
split_gain=1.29183 7.20592 20.9294 17.3867 23.9138 15.2344 12.1604 9.77066 29.9458 26.5589 15.7364 12.9168 10.7654 10.5125 7.85632 6.51319 24.3196 13.3751 30.0246 19.671 14.6957 11.2257 9.59795 29.5887 19.4678 49.386 26.8435 15.3669 8.71681 14.3689
threshold=0.10380747169256212 0.60188680887222301 0.85880398750305187 0.94201681017875682 0.94185259938240062 0.77167919278144848 0.81934732198715221 0.76506900787353527 0.80982521176338207 0.67006802558898937 0.41742423176765447 0.628892481327057 0.79805827140808117 0.88548010587692272 0.91010102629661571 0.64346247911453258 0.91024166345596325 0.2736185491085053 0.71307507157325756 0.93643954396247875 0.16035714000463488 0.11483516544103624 0.84660634398460399 0.90366768836975109 0.80217391252517711 0.9529346525669099 0.32151830196380621 0.75499999523162853 0.59032633900642406 0.84680575132370006
decision_type=2 2 2 2 2 2 2 2 2 2 2 2 2 2 2 2 2 2 2 2 2 2 2 2 2 2 2 2 2 2
left_child=1 2 7 4 5 14 -5 8 9 -1 12 -10 -9 -12 -3 22 21 18 20 -20 -18 -17 24 -24 28 26 -26 -27 -2 -30
right_child=15 3 -4 6 -6 -7 -8 10 11 -11 13 -13 -14 -15 -16 16 17 -19 19 -21 -22 -23 23 -25 25 27 -28 -29 29 -31
leaf_value=0.0056515589808298471 -0.0032960405597473571 -0.035654920059905955 0.049535647775518027 0.030471356676153687 0.085903081663235001 -0.093898805313477565 -0.002440264388410576 -0.022889862735233239 -0.015047654940216084 -0.047415721094705966 -0.044097219427582338 0.063148327007181676 0.085030683487642714 0.035696350108049453 0.0068927978625520246 -0.073042553893206602 -0.0015369928599471944 0.024005874962271773 0.065502450807399901 0.00062704895325462276 -0.070773129269390694 0.097657856570912083 0.063346273304387274 -0.069785903855822118 -0.052975122667221507 -0.1028722567361047 0.039156085511116871 -0.4339020595104181 0.17291358642533033 0.014946430829430892
leaf_weight=638.01841343936258 2021.1807724112341 102.17805389728801 66.563445867798691 85.385575915242043 11.377530697536711 23.33374088896926 453.2684526545072 10.330643512405006 16.465979469957347 66.664818209847454 80.250775832695581 75.555526744920826 13.842012568560675 12.169367719573527 38.142637072416619 2.7468092919953078 30.271277413115968 150.47746567188733 31.882303071643037 484.04832294399057 55.763138072870788 24.084378604690755 42.011939500927838 14.327934361619553 35.564893612870947 36.917804843320482 46.97022057553113 0.91985732482862559 3.8351792249977725 94.278488408891462
leaf_count=121386 597438 5655 4509 8590 883 1215 45291 1364 1029 14783 8213 4661 554 669 2001 183 1445 6288 1655 24810 2979 1156 2760 783 1011 1985 4381 114 114 5408
internal_value=-8.38791e-07 0.00177347 0.00622703 -0.00434108 -0.026246 -0.0340428 0.00277677 0.00307059 0.00623602 0.00063126 -0.0185595 0.0491562 0.0389088 -0.0335904 -0.0240894 -0.000977947 0.0053416 0.00267286 -0.0026599 0.00463607 -0.0464123 0.0801826 -0.00312283 0.0294891 -0.00394319 -0.0352391 -0.000543825 -0.11092 -0.00216563 0.0211212
internal_weight=4768.83 1693.55 979.861 713.686 175.032 163.654 538.654 913.298 796.705 704.683 116.593 92.0215 24.1727 92.4201 140.321 3075.28 779.274 752.443 601.965 515.931 86.0344 26.8312 2296.01 56.3399 2239.67 120.373 82.5351 37.8377 2119.29 98.1137
internal_count=873313 220803 157168 63635 9754 8871 53881 152659 141859 136169 10800 5690 1918 8882 7656 652510 38516 37177 30889 26465 4424 1339 613994 3543 610451 7491 5392 2099 602960 5522
is_linear=0
shrinkage=0.08


Tree=166
num_leaves=31
num_cat=0
split_feature=1 7 10 8 1 5 0 15 2 1 12 7 4 2 0 10 4 0 15 2 1 1 12 7 7 15 5 5 2 0
split_gain=1.26848 3.21986 6.44823 2.03116 1.30375 16.9289 22.331 14.7302 12.9744 13.0176 12.9172 11.4818 10.2036 8.32577 6.50706 9.66972 6.24443 9.22236 5.52067 4.63623 4.52426 5.73716 43.798 6.57138 4.43608 4.27941 34.1619 28.3765 3.35069 4.81719
threshold=0.054804805666208274 0.81509971618652355 0.3514705896377564 0.43254275619983679 0.33508773148059851 0.093933824449777617 0.48313754796981817 0.47637233138084417 0.33508773148059851 0.32811352610588079 1.0000000180025095e-35 0.87895438075065624 0.30384616553783422 0.3464102596044541 0.32811352610588079 0.32071428000926977 0.30384616553783422 0.44575163722038275 0.44693334400653845 0.51899951696395885 0.76071646809577953 0.76506900787353527 1.0000000180025095e-35 0.30564402043819433 0.78969484567642223 0.68625652790069591 0.11180555447936059 0.26442842185497289 0.28718703985214239 0.41533938050270086
decision_type=2 2 2 2 2 2 2 2 2 2 2 2 2 2 2 2 2 2 2 2 2 2 2 2 2 2 2 2 2 2
left_child=1 2 -1 -3 5 8 14 20 9 10 -2 -11 -8 28 24 -16 18 -18 -10 -14 -6 22 -22 -23 -7 27 -27 -15 29 -9
right_child=4 3 -4 -5 7 6 12 13 16 11 -12 -13 19 25 15 -17 17 -19 -20 -21 21 23 -24 -25 -26 26 -28 -29 -30 -31
leaf_value=-0.065782630880835857 0.075810266943746221 0.060426722516269578 0.15428203817571853 -0.067465124172960925 -0.067460115026796552 -0.089804220921296488 -0.096926518773915643 0.019290300483960198 -0.014791469093325802 -0.026256995593298901 0.00084766346768161004 0.13286440666533544 0.033513070010067925 -0.010043920463025715 0.37431328437592221 0.1454266747049559 1.0362197985370207 0.095444724984174001 -0.071334862161619814 0.25590304193136615 -0.080304674651160535 -0.041688544672198846 4.0244026342278314 0.14264033645881932 0.11508407221467665 0.13185039808663657 -0.0013420740440506162 0.038916765584969315 -0.053259346970775397 -0.12309411244949699
leaf_weight=1.7921223049834218 14.872810214631953 0.89165979839162712 1.6247096140286883 7.313583933719201 27.508450818808797 0.80071437476181184 4.9270825444591519 10.113266165400999 20.723639517399079 4.2924753742063322 1356.7387905523219 8.9607945973402803 2.9195329099447922 194.87796427774401 1.5994409857239587 4.5183433889760636 0.074464000081205906 0.63865326081759122 23.677572719114323 0.75512354619786481 0.11386066747036139 7.0583837773829128 0.019483668016619049 1.5010269537924612 4.3529436851240462 12.377094711642711 2890.3390916089702 123.94602885081167 26.35519123011909 1.789857415001278
leaf_count=2943 2823 43 63 235 278053 227 4881 591 35915 8809 167870 129 809 112428 2202 73 96 91 2584 235 416 9431 4 3938 90 143 91402 141095 5254 440
internal_value=2.77104e-06 -0.0263945 0.0388585 -0.0535672 6.74151e-05 0.00206664 0.0753952 -0.000812009 0.00104755 0.00242293 0.00166051 0.0813281 -0.0216798 -0.000248413 0.149477 0.205267 -0.0411721 0.193681 -0.044944 0.0792131 -0.0515619 -0.00125164 0.519456 -0.00936358 0.083251 0.00019218 -0.000774145 0.00899004 -0.0373486 -0.00211986
internal_weight=4757.47 11.6221 3.41683 8.20524 4745.85 1449.85 19.8732 3296 1429.98 1384.86 1371.61 13.2533 8.60174 3259.8 11.2714 6.11778 45.1143 0.713117 44.4012 3.67466 36.2012 8.69276 0.133344 8.55941 5.15366 3221.54 2902.72 318.824 38.2583 11.9031
internal_count=873313 3284 3006 278 870029 226834 8517 643195 218317 179631 170693 8938 5925 351353 2592 2275 38686 187 38499 1044 291842 13789 420 13369 317 345068 91545 253523 6285 1031
is_linear=0
shrinkage=0.08


Tree=167
num_leaves=31
num_cat=0
split_feature=11 4 6 0 5 5 1 4 14 8 8 8 10 0 7 8 9 14 5 0 14 1 6 7 4 1 1 2 1 11
split_gain=1.26371 8.75145 9.76869 7.53292 19.3835 15.7647 16.6075 12.2176 6.77211 9.23198 18.3126 8.25581 14.77 6.64355 6.58614 7.38102 6.15161 7.14589 6.46201 18.3677 17.6757 14.1777 13.0692 12.0046 8.50639 5.66247 5.59274 4.95586 4.8395 7.19057
threshold=0.47222222387790685 0.61250001192092907 0.042109929025173194 0.67068272829055797 0.34178434312343603 0.24264069646596911 0.70396453142166149 0.27922078967094427 0.52966317534446727 0.6062217950820924 0.62236940860748302 0.41684396564960485 0.22792208194732669 0.10933997482061387 0.99812734127044689 0.53034487366676342 0.96712303161621105 1.0000000180025095e-35 0.19625350087881091 0.57307061553001415 0.30451765656471258 0.63798952102661144 0.26726190745830541 0.97993290424346935 0.095454547554254546 0.6832355558872224 0.81284341216087352 0.78738203644752514 0.74322345852851879 0.63333335518836986
decision_type=2 2 2 2 2 2 2 2 2 2 2 2 2 2 2 2 2 2 2 2 2 2 2 2 2 2 2 2 2 2
left_child=14 2 8 4 7 25 -7 -4 11 26 -11 12 -2 -13 16 -16 18 27 20 24 21 -1 -22 -21 -20 -5 -10 -18 29 -3
right_child=1 28 3 5 -6 6 -8 -9 9 10 -12 13 -14 -15 15 -17 17 -19 19 23 22 -23 -24 -25 -26 -27 -28 -29 -30 -31
leaf_value=-0.031841798079273877 0.085301667776153084 -0.077162756049949544 0.0033549730996193937 0.028553264499068334 0.084892355383075685 -0.041115694826370473 0.0054313090173964997 0.067592550539067361 -0.036656187542535114 -0.49030705215407661 0.012340313826803048 -0.043875843144957904 0.8518876632952459 0.0012144830635332365 -0.0088493746984635371 0.060019145564412554 -0.053766948273448315 0.06412742665300776 0.10200693208114409 -0.00052947838040988111 0.01269929385595062 0.14755150660391958 -0.026551954588611541 -0.10297363622152075 -0.011337341303717559 0.12282392576011625 0.075636870371051115 0.027700309161672845 0.049971241731234926 0.072968442906782408
leaf_weight=188.09038645676492 2.3999266455366519 5.1112806120072474 1100.8497873065489 11.838695058996565 19.509966874002203 95.004276003237464 101.43411884506349 19.280951281352827 61.760764590551844 0.83605682681081717 1.0420417403511235 26.336650336103048 0.17241209970961779 101.54819922927891 17.221299732977059 23.621071950132318 7.7576011298224357 19.706614338239888 16.301408133618683 2577.8620031130981 206.93527351730518 2.8624258194786298 73.59952688620433 7.3415713229915118 5.7262320706349774 6.2205420406498879 2.9753142542904234 12.446348833851514 35.529534235269239 3.399838769917551
leaf_count=210023 3003 265 208913 866 1736 6205 11430 495 973 24 24 802 41 22064 192 2937 64 1047 1660 268728 41804 1386 48104 392 8867 176 495 139 28661 1797
internal_value=-9.90642e-06 0.00182555 0.000827147 0.00324903 0.00583764 -0.0105045 -0.0170804 0.0044607 -0.0158144 -0.0365678 -0.211419 -0.0052172 0.136682 -0.00807143 -0.000936649 0.0309805 -0.00135464 0.0298517 -0.00175918 -0.000200586 -0.0103779 -0.0291527 0.00240156 -0.000820404 0.0725423 0.061025 -0.0314951 -0.00358023 0.0369916 -0.0171916
internal_weight=4754.72 1595.25 1551.21 1354.14 1139.64 214.498 196.438 1120.13 197.071 66.6142 1.8781 130.457 2.57234 127.885 3159.47 40.8424 3118.63 39.9106 3078.72 2607.23 471.488 190.953 280.535 2585.2 22.0276 18.0592 64.7361 20.2039 44.0407 8.51112
internal_count=873313 287970 257247 229821 211144 18677 17635 209408 27426 1516 48 25910 3044 22866 585343 3129 582214 1250 580964 279647 301317 211409 89908 269120 10527 1042 1468 203 30723 2062
is_linear=0
shrinkage=0.08


Tree=168
num_leaves=31
num_cat=0
split_feature=6 15 0 5 0 10 0 5 1 7 1 6 8 8 1 6 0 5 6 5 1 2 2 2 6 6 10 0 14 10
split_gain=1.24533 12.5735 7.82331 55.7663 30.2966 35.7574 14.2158 20.4579 7.42099 5.65119 11.275 5.36375 5.04374 6.96649 4.62382 12.8278 11.9746 30.651 34.8795 30.1239 12.6518 13.1739 11.934 11.8529 33.8093 16.2067 14.4692 10.7101 8.25388 7.90419
threshold=0.44862772524356848 0.33756728470325476 0.71330726146698009 0.21778655797243121 0.91331186890602123 0.87867647409439098 0.55941176414489757 0.12838828563690188 0.58643677830696117 0.76609560847282421 0.58898946642875682 0.46720430254936224 0.56762659549713146 0.39513565599918371 0.21132376790046695 0.42146381735801702 0.7320508360862733 0.32173123955726629 0.2149859964847565 0.43437242507934576 0.70396453142166149 0.54085850715637218 0.65030118823051464 0.1366749703884125 0.20638945698738101 0.21807064861059192 0.17902930825948718 0.72850123047828685 0.059041393920779235 0.35504202544689184
decision_type=2 2 2 2 2 2 2 2 2 2 2 2 2 2 2 2 2 2 2 2 2 2 2 2 2 2 2 2 2 2
left_child=14 -2 3 6 5 11 7 -3 -8 10 -5 -4 13 -6 15 23 19 18 22 20 21 -16 -18 25 -25 28 -26 -22 -1 -20
right_child=1 2 4 9 12 -7 8 -9 -10 -11 -12 -13 -14 -15 16 -17 17 -19 29 -21 27 -23 -24 24 26 -27 -28 -29 -30 -31
leaf_value=0.030957610961513237 -0.016270025538144488 0.0034263301643861987 0.0017633143962284439 0.11910056966153264 0.0061803046047716912 -1.1691211426358172 -0.080272455665269624 0.083918009855912232 0.079676816538789885 0.095912620131851686 0.33910274604897395 -0.089615248850312523 0.030065311073123113 -0.068252132637910454 -0.0070577185815140168 -0.1014515141326785 0.11605433539537695 -0.0012173270871532185 -0.060772156126321468 0.087000978464925216 0.067877631070859049 -0.031916458478934463 0.036823299908868366 -0.020893977523476045 -0.093945949020232469 -0.028130382483856464 0.072339814961853779 -0.10449472411187744 0.0030047865945614892 0.022432648004005837
leaf_weight=75.509485557635344 159.82455130057315 237.11556554559957 5.0271535844576709 6.1398445046170291 92.494932318881183 0.1917824539123093 16.450392557836498 22.091490621897719 2.0925695594178242 25.674855274774018 1.9689961653875796 22.561499974252001 53.517104235375882 8.8145788077199523 317.04987680957584 7.2775970536472405 33.646065308024845 2462.2906964122967 15.463002580920149 18.963990340571399 18.087761936496467 239.50708634325383 19.05862264958796 51.697793918491698 3.5234077381483067 102.05207926938783 67.655093290180957 2.6441860879904189 645.92830871581418 13.853455441072581
leaf_count=3988 39561 66708 1859 1772 7482 14 17662 4343 425 1000 317 12728 3278 2770 326192 1798 2269 201898 9822 2052 2970 118760 2307 3854 3078 12480 2126 376 19199 225
internal_value=-6.83602e-06 0.00323489 0.00954354 0.0172502 -0.00360427 -0.0805317 0.00544564 0.0102864 -0.0622222 0.114301 0.172522 -0.0729644 0.0101988 -0.000295796 -0.000524635 0.0043542 -0.00200611 0.000385255 0.0484951 -0.0122105 -0.0154696 -0.0177554 0.0874035 0.00516785 0.0283454 0.00170944 0.0641085 0.045893 0.00593048 -0.0214538
internal_weight=4748.17 653.965 494.141 311.534 182.607 27.7804 277.75 259.207 18.543 33.7837 8.10884 27.5887 154.827 101.31 4094.21 953.644 3140.56 2544.31 82.0211 596.253 577.289 556.557 52.7047 946.366 122.876 823.49 71.1785 20.7319 721.438 29.3165
internal_count=873313 159919 120358 92227 28131 14601 89138 71051 18087 3089 2089 14587 13530 10252 713394 46523 666871 216521 14623 450350 448298 444952 4576 44725 9058 35667 5204 3346 23187 10047
is_linear=0
shrinkage=0.08


Tree=169
num_leaves=31
num_cat=0
split_feature=16 14 5 5 15 14 7 6 7 9 12 7 0 6 0 0 10 2 9 4 0 6 2 15 7 10 6 11 6 2
split_gain=1.23991 3.96137 5.59732 4.56517 4.44363 4.13949 5.37044 10.5946 5.01773 4.0856 3.72466 3.58781 3.57271 3.31854 4.86791 4.56866 7.33019 7.14946 5.1187 4.01333 16.1955 17.1076 18.4064 6.88245 6.0403 7.5272 10.7832 7.74725 5.73852 20.0729
threshold=1.0000000180025095e-35 1.0000000180025095e-35 0.51668518781661998 1.0000000180025095e-35 0.53151360154151928 0.013245614245533945 0.90967366099357616 1.0000000180025095e-35 0.85012078285217296 0.44489428400993353 1.0000000180025095e-35 0.60049262642860424 0.28743545711040502 0.48863048851490026 0.14870093762874606 0.11374663189053537 0.85357144474983226 0.15831244736909869 0.83886700868606578 0.2264957278966904 0.21132376790046695 0.38529014587402349 0.1366749703884125 0.33259908854961401 0.99812734127044689 0.74537035822868358 0.27823315560817724 0.23611111193895343 0.30839161574840551 0.6351073980331422
decision_type=2 2 2 2 2 2 2 2 2 2 2 2 2 2 2 2 2 2 2 2 2 2 2 2 2 2 2 2 2 2
left_child=1 2 3 4 9 6 7 -3 -9 -1 11 -5 -12 19 15 17 -17 18 -15 20 21 22 -2 -23 25 27 -27 -21 -22 -30
right_child=13 5 -4 10 -6 -7 -8 8 -10 -11 12 -13 -14 14 -16 16 -18 -19 -20 24 28 23 -24 -25 -26 26 -28 -29 29 -31
leaf_value=0.2402722697853131 -0.0016059926870423749 -1.1811847883828197 0.075177131783380535 0.40984839021156427 0.13339162839985608 0.00093007043858255294 -0.0093190647408859656 -0.027778621943164491 -0.27329938229052686 0.015999246296133453 0.097384412614815036 0.027163658200765987 -0.053992970950864631 -0.047051324218422085 0.011861346933367514 -0.036669051133341568 -0.2423703642294206 0.18086446675780329 0.073349587815895095 -0.00096512010114036949 -0.027004721853769644 -0.09076933924659096 0.04004426665562251 0.057970437381341222 0.037837669544787927 -0.0098805325577866806 -0.10008588707261734 0.019932880921481846 -0.022982549637969175 0.072097405699590458
leaf_weight=0.52597999875751966 605.24628019503552 0.063620629109208848 9.973256928726185 0.16269285516500609 2.2670038552896576 2131.028887522195 4.0774093538129819 1.2336414236515341 0.93764720438048232 44.636946742630244 1.0795484457084974 4.3238248571215081 13.181608605348627 7.2683013086088994 211.65074831812944 14.282556719581859 1.2020280957221992 1.4323560074135446 3.2795177805237472 1056.6991316253807 239.14887042156079 17.016504180806354 76.488448057541973 2.2548104352317742 27.667613225199602 35.327245552965906 11.160771119320996 127.19813770370001 66.961253796879646 18.038832961652588
leaf_count=786 28465 30 2651 1301 24 228697 257 527 26 1422 63 101 2168 3378 81197 2786 16 120 29 155032 220328 5993 5924 14 18292 1983 285 9579 97590 4249
internal_value=-4.54334e-06 0.00137727 0.019307 0.0108871 0.0240973 0.000738457 -0.06395 -0.16362 -0.133804 0.0186112 -0.0225336 0.0410408 -0.0425339 -0.00121717 0.00774952 -0.0239373 -0.0526371 0.0131576 -0.00961639 -0.00215623 -0.00587179 0.000965809 0.00306703 -0.0733663 0.000871485 4.02281e-05 -0.0315369 0.00128016 -0.0206588 -0.00280455
internal_weight=4735.82 2213.49 76.1509 66.1776 47.4299 2137.34 6.31232 2.23491 2.17129 45.1629 18.7477 4.48652 14.2612 2522.32 239.116 27.4648 15.4846 11.9802 10.5478 2283.21 1025.16 701.006 681.735 19.2713 1258.05 1230.39 46.488 1183.9 324.149 85.0001
internal_count=873313 238053 8516 5865 2232 229537 840 583 553 2208 3633 1402 2231 635260 87526 6329 2802 3527 3407 547734 362563 40396 34389 6007 185171 166879 2268 164611 322167 101839
is_linear=0
shrinkage=0.08


Tree=170
num_leaves=31
num_cat=0
split_feature=6 4 2 4 0 2 4 6 7 4 1 4 2 1 1 9 5 7 14 1 2 16 9 6 5 1 4 2 2 0
split_gain=1.17972 6.54678 12.7542 6.32825 28.3231 19.7894 15.8571 12.0211 9.48184 8.54914 8.16634 10.0072 13.1117 7.66316 13.009 7.05366 7.03262 6.82186 10.168 6.66254 5.75506 5.61005 6.31657 5.55572 17.4159 12.9222 20.4902 13.6952 10.9694 18.1337
threshold=0.10380747169256212 0.84523808956146251 0.71010184288024913 0.64583334326744091 0.96590468287467968 0.9495762586593629 0.87301588058471691 0.033908046782016761 0.92444902658462536 0.58571431040763866 0.99494948983192455 0.2264957278966904 0.12945119291543963 0.89009663462638866 0.88185444474220287 0.66202038526535045 0.31129325926303869 0.78969484567642223 0.20851448923349383 0.63211598992347728 0.47856706380844122 1.0000000180025095e-35 0.90690451860427868 0.29061582684516912 0.64346247911453258 0.80217391252517711 0.15476191043853763 0.14670014381408694 0.2014492750167847 0.13423423469066623
decision_type=2 2 2 2 2 2 2 2 2 2 2 2 2 2 2 2 2 2 2 2 2 2 2 2 2 2 2 2 2 2
left_child=3 23 20 9 5 8 21 -7 19 10 11 12 -1 14 -11 -8 -13 18 -12 -5 -3 22 -6 28 25 27 -27 -25 29 -2
right_child=1 2 -4 4 6 7 15 -9 -10 13 17 16 -14 -15 -16 -17 -18 -19 -20 -21 -22 -23 -24 24 -26 26 -28 -29 -30 -31
leaf_value=0.007956532367620818 -0.002709932935096443 0.15258424133917423 0.02587938044277855 0.19107079722967474 0.040325214650575585 -0.072491690070894621 -0.01396214654563185 0.092201159317565895 -0.001363258008870106 0.02193204992481974 -0.14374692036154252 0.039863011995165946 -0.01528870098843543 0.065706905507845553 -0.18415293453956463 0.078895089240673427 0.010634907327394239 0.067315308400909601 -0.017187388435630939 -0.078448191039639847 -0.041338746654743103 0.0078264149894857176 -0.24940867180644685 -0.026346159025349539 0.035062307241747928 0.108978342942601 -0.090786573109602101 0.003645799312502382 -0.0086507315620729715 0.036840488340456827
leaf_weight=408.95561285097074 325.74666796337351 1.0169515162451741 126.43154822319048 0.59264560887913731 75.226851076129606 4.0626913584146669 189.90531204464787 9.39758952372358 13.254666880828152 23.414913695273757 4.236571883691794 61.590106927567831 250.38305712216788 27.166939149765312 2.1394643680923755 5.3839932509836208 364.4331867738847 5.7279029962301129 99.043133901697729 61.659835986862618 26.542473682709897 77.241573767667433 0.48467609457293193 107.81977258058441 95.546278319330668 3.9228286556899574 20.2471661149375 1012.2151393200406 1230.8174378439126 96.075484486793357
leaf_count=11713 15172 40 9999 106 6560 104 15077 642 359 1127 2092 18430 99253 2211 99 7943 35257 4411 3005 3813 1965 7422 1179 19405 3623 116 1365 323081 273287 4457
internal_value=-3.30752e-06 -0.000942674 0.0151302 0.00169572 -0.00658611 -0.0468708 0.00370565 0.0424922 -0.0628011 0.00459919 0.00320755 0.00530396 -0.000870817 0.0361259 0.0046782 -0.0114021 0.0148604 -0.0176658 -0.0223789 -0.0758824 -0.0341829 0.0229952 0.0384704 -0.00179839 0.00224973 -0.000490272 -0.0583644 0.000758634 -0.00483515 0.00629819
internal_weight=4730.68 3046.38 153.991 1684.3 437.21 88.9674 348.242 13.4603 75.5071 1247.09 1194.37 1085.36 659.339 52.7213 25.5544 195.289 426.023 109.008 103.28 62.2525 27.5594 152.953 75.7115 2892.39 1239.75 1144.2 24.17 1120.03 1652.64 421.822
internal_count=873313 652510 12004 220803 43205 5024 38181 746 4278 177598 174161 164653 110966 3437 1226 23020 53687 9508 5097 3919 2005 15161 7739 640506 347590 343967 1481 342486 292916 19629
is_linear=0
shrinkage=0.08


Tree=171
num_leaves=31
num_cat=0
split_feature=2 5 5 1 1 5 2 6 4 15 15 14 1 0 1 4 11 6 2 8 9 6 2 5 4 5 10 2 5 5
split_gain=1.19621 14.5007 6.69997 5.51497 5.33595 5.80927 41.0414 9.05153 6.30278 4.56888 4.12825 3.81413 3.68633 3.25945 21.4212 9.27224 14.3092 11.262 8.15302 4.9314 3.25256 2.91542 2.86879 2.53076 2.34133 7.0846 4.45602 2.28965 3.2785 2.0084
threshold=0.90070420503616344 0.74734041094779979 0.93440860509872448 0.77015754580497753 0.81872946023941051 0.80217391252517711 0.92718276381492626 0.16823899745941165 0.53571429848670971 0.99885582923889171 0.72835320234298717 0.054200939834117896 0.96684980392456066 0.86391696333885204 0.81872946023941051 0.44949495792388922 0.76388889551162731 0.15450928360223773 0.67006802558898937 0.33139474689960485 0.96712303161621105 0.17902930825948718 0.88273492455482494 0.50423729419708263 0.53571429848670971 0.62622550129890453 0.0745370388031006 0.89009663462638866 0.85880398750305187 0.71547618508338939
decision_type=2 2 2 2 2 2 2 2 2 2 2 2 2 2 2 2 2 2 2 2 2 2 2 2 2 2 2 2 2 2
left_child=2 3 12 29 -3 6 11 20 -8 10 -5 -6 13 14 18 17 -17 -15 -1 -16 -7 -9 24 -12 26 -26 -14 -24 -29 -2
right_child=1 4 -4 9 5 7 8 21 -10 -11 23 -13 22 15 19 16 -18 -19 -20 -21 -22 -23 27 -25 25 -27 -28 28 -30 -31
leaf_value=0.0012221048206918839 0.10391720827920621 0.071490578540949465 0.08100544502659203 0.092801574542594689 -0.18059556914746761 -0.0023053493796769053 -0.00081743851429573813 0.057536317005730635 0.065637022123447325 -0.1767754648194218 0.089659197507945085 -0.092005904515758227 -0.043925779357598609 -4.0027356219986066e-05 0.017809771831392162 -0.0022154637530936816 0.066729233326217302 -0.033971453999766338 -0.011572719129046163 0.055433084248127845 0.067698925486213285 -0.081739163214410576 -0.22834852697208619 0.019251042498983642 -0.10329871299929179 0.055151113600252009 0.056761829998272714 0.097814739860035027 -0.1733828048134663 -0.031385401890573518
leaf_weight=2102.0201401233107 7.4966498989033408 6.3254827785704029 6.430226784432306 5.4511716819820313 3.6396566541502606 610.06127482793545 21.434086334422318 20.485396814450727 15.917078937424774 0.72369044821243633 3.3725162889168123 21.387694402026682 6.6070120136046153 118.02341515148601 39.767876166569295 1013.415134104458 19.639429576294788 133.31585860956056 375.70385063908998 50.750570540830267 4.2775054914745843 1.0092946889817529 0.47125029796734352 104.69627709398264 1.9611701096400818 22.821902120125742 4.898759756149957 0.66058965997217434 0.50215302658762084 0.77468842984308128
leaf_count=651717 803 310 280 1683 234 49303 1643 1205 891 5 393 1120 391 6837 964 46951 12065 16354 60880 3953 4217 23 47 5490 334 3859 1239 49 8 65
internal_value=-1.45278e-06 0.00276189 -0.000587913 0.0281643 -0.00165545 -0.00231812 -0.0256157 -3.2503e-05 0.0275019 0.0235973 0.0248746 -0.104889 -0.000722769 -0.000967085 0.000678476 -0.00425751 -0.000904754 -0.018038 -0.000718008 0.0389039 -0.00181793 0.0509966 0.0240977 0.0214483 0.0287667 0.0426124 -0.00105648 -0.0795956 -0.0193072 0.0912448
internal_weight=4724.04 827.052 3896.99 122.515 704.537 698.212 62.3785 635.833 37.3512 114.244 113.52 25.0274 3890.56 3852.64 2568.24 1284.39 1033.05 251.339 2477.72 90.5184 614.339 21.4947 37.9228 108.069 36.2888 24.7831 11.5058 1.63399 1.16274 8.27134
internal_count=873313 67385 805928 8439 58946 58636 3888 54748 2534 7571 7566 1354 805648 799721 717514 82207 59016 23191 712597 4917 53520 1228 5927 5883 5823 4193 1630 104 57 868
is_linear=0
shrinkage=0.08


Tree=172
num_leaves=31
num_cat=0
split_feature=16 9 14 9 14 15 2 10 7 6 4 2 11 6 11 7 10 1 4 2 14 6 2 1 6 6 1 15 6 1
split_gain=1.07472 3.44868 15.4046 6.64172 9.27717 7.61869 13.5901 4.05156 9.2241 9.58152 4.33012 4.00756 8.58718 9.79304 5.37967 6.75377 4.64525 3.98131 3.46383 4.01181 3.39616 3.17084 6.72804 3.49451 3.10642 7.39826 5.96252 4.36279 2.91026 5.05921
threshold=1.0000000180025095e-35 0.91442927718162548 0.11416039988398553 0.90690451860427868 0.15811403095722201 0.92204877734184276 0.94185259938240062 0.81534090638160717 0.96984851360321056 0.31643131375312811 0.35416667163372045 0.79041057825088512 0.23611111193895343 0.32037734985351568 0.47222222387790685 0.96245300769805919 0.47493734955787664 0.12060606107115747 0.15476191043853763 0.2994252890348435 0.074227120727300658 0.6776927411556245 0.17192118614912036 0.29818989336490637 0.53907206654548656 0.23861283808946612 0.26735395193099981 0.53719279170036327 0.69309264421463024 0.31851120293140417
decision_type=2 2 2 2 2 2 2 2 2 2 2 2 2 2 2 2 2 2 2 2 2 2 2 2 2 2 2 2 2 2
left_child=1 3 11 7 5 17 -7 8 10 -10 -1 14 16 -14 20 -16 -13 -5 19 -6 -3 23 -23 -9 25 -4 -26 -27 -2 -30
right_child=28 2 24 4 18 6 -8 21 9 -11 -12 12 13 -15 15 -17 -18 -19 -20 -21 -22 22 -24 -25 26 27 -28 -29 29 -31
leaf_value=0.0051801129614442998 -0.0015452473897644829 0.019291127215659599 0.037813649001040894 0.020270693324745355 0.07697974956484134 0.035579638648746977 -0.57965539794789789 0.088025513162229743 -0.0035858057273158179 -0.12851108247314166 -0.0022593544113891327 -0.049226005510112927 -0.078381606985707744 -0.6045496649211064 -0.042268953711982755 0.014717511978031606 0.062930279647116366 -0.13435781513873699 0.093281106793150881 -0.086338033812536005 0.10285748162701387 0.087908505047821647 -0.087260023526425923 0.017362045330936458 0.078972395483326491 0.19402282342964011 -0.10689416208777502 0.085666373674078158 0.0061512452034258435 0.070303680634209734
leaf_weight=911.18216341251036 2454.9420758753031 7.1748199073772394 10.394851204877346 1.2047936320304895 1.6524128972669125 4.6047884020008487 0.24185267798020493 8.4175756029144448 8.6764544400793948 7.1816056836978523 1111.5542152700818 3.9904133690288308 8.2220979296143888 0.23279514591922712 18.555586743619642 47.084174600677215 5.7966306347370846 9.2293012514128332 3.2509685626646387 2.3059608935145661 5.4971652144449763 2.3350028377026311 3.5170257414574735 9.5723562690563977 3.1136538131395346 4.3856463308911753 1.7119342204241546 5.1952737702667946 47.858315392887107 9.4152874550709367
leaf_count=148527 623279 206 2195 34 21 246 198 216 940 130 75748 93 2732 164 552 2479 262 169 622 60 80 43 149 1665 26 29 49 418 9626 2355
internal_value=2.10337e-06 0.00129045 0.0144004 0.000527373 -0.042712 -0.0780042 0.00487874 0.000998882 0.000615426 -0.0601604 0.0010919 -4.53054e-05 -0.0338147 -0.092869 0.00782094 -0.00139189 0.0172015 -0.116503 0.0320923 -0.0181614 0.0555426 0.0337861 -0.0173665 0.0504258 0.0706389 0.0845546 0.013034 0.135266 -0.00112935 0.0166974
internal_weight=4718.5 2206.28 121.355 2084.93 22.4901 15.2807 4.84664 2062.44 2038.59 15.8581 2022.74 96.5537 18.2419 8.45489 78.3117 65.6398 9.78704 10.4341 7.20934 3.95837 12.672 23.842 5.85203 17.9899 24.8014 19.9758 4.82559 9.58092 2512.22 57.2736
internal_count=873313 238053 9285 228768 1350 647 444 227418 225345 1070 224275 6568 3251 2896 3317 3031 355 203 703 81 286 2073 192 1881 2717 2642 75 447 635260 11981
is_linear=0
shrinkage=0.08


Tree=173
num_leaves=31
num_cat=0
split_feature=2 5 5 1 1 5 2 6 0 1 9 10 6 0 1 11 11 1 2 8 9 0 6 5 5 2 5 5 5 5
split_gain=1.14766 12.4071 5.9931 5.14055 4.70033 4.92479 34.6389 7.8576 3.55735 3.46705 3.32863 3.18507 3.22949 2.87199 18.5492 7.67112 10.6654 9.25731 6.74239 4.5048 2.86924 2.74968 2.51853 2.47331 3.83774 2.47195 2.34157 2.41861 1.88098 1.8539
threshold=0.90070420503616344 0.74734041094779979 0.87939393520355236 0.77015754580497753 0.81872946023941051 0.80217391252517711 0.92718276381492626 0.16823899745941165 0.91715687513351452 0.96684980392456066 0.93583860993385326 0.16441441327333453 0.2149859964847565 0.86391696333885204 0.81872946023941051 0.73214286565780651 0.080128207802772536 0.96051946282386791 0.67006802558898937 0.33139474689960485 0.96712303161621105 0.99494948983192455 0.17902930825948718 0.91547620296478283 0.93440860509872448 0.88273492455482494 0.50423729419708263 0.73123827576637279 0.71547618508338939 0.61620295047760021
decision_type=2 2 2 2 2 2 2 2 2 2 2 2 2 2 2 2 2 2 2 2 2 2 2 2 2 2 2 2 2 2
left_child=2 3 9 28 -3 6 8 20 -6 13 -8 12 -4 14 18 16 -15 -17 -1 -16 -7 26 -9 -14 -25 29 -5 -28 -2 -11
right_child=1 4 11 21 5 7 10 22 -10 25 -12 -13 23 15 19 17 -18 -19 -20 -21 -22 -23 -24 24 -26 -27 27 -29 -30 -31
leaf_value=0.0010103717192644166 0.10226458178640888 0.068745927324921505 -0.057148333647682757 0.089004005726792637 0.0031138176168942016 -0.0019494856433907681 0.029067094624711829 0.054574191542101635 -0.10519316808736726 0.12751669961535161 -0.14703711167975395 0.10260906315530458 0.10133361480792216 -0.0019985041315347669 0.016395749513533259 0.032707978663564806 -0.022408009090871581 -0.75449666627966394 -0.010631548282462678 0.052547809224832778 0.065121894909044645 -0.11707499390088273 -0.074553791614404438 -0.078069167249100971 0.063810348259947122 -0.071954863859970811 0.016861274534122107 0.05435596613532228 -0.028382076998734355 0.024802411504087442
leaf_weight=2102.4178204712898 7.0262129321472448 6.0696224046205307 2.4099323069895027 3.3537979238953985 2.1200294792256527 611.12009546703212 36.301227484735136 19.939175556604827 22.964612797647078 1.1632317465700897 0.70016946805117086 4.8317007974073922 3.3555625923254393 1040.4685912241562 39.91679895807647 39.004593891921104 194.49887299473085 0.095841925009152784 375.19694038193529 49.308511479965091 4.1094476867619951 0.90198782037077663 1.0159418722378166 1.8866025328716203 3.4540929720205895 1.6510723841856805 96.547060491644515 12.427781513782973 0.78398510447368597 33.879204282653518
leaf_count=651717 803 310 70 413 170 49303 2115 1205 1184 344 419 508 70 61020 964 15212 5584 68 60879 3953 4217 81 23 29 40 100 6075 1002 65 5370
internal_value=6.19184e-06 0.00271589 -0.00056823 0.0263763 -0.00135016 -0.00195946 -0.0234658 0.000139373 -0.0960396 -0.000769453 0.0257347 0.0483882 0.0247996 -0.00100326 0.000537945 -0.00410831 -0.00521286 0.0307784 -0.000752619 0.0363744 -0.00150148 0.0220464 0.0483138 0.0475092 0.0136914 0.0237049 0.0231636 0.0211373 0.0891503 0.028212
internal_weight=4718.92 825.381 3893.54 121.041 704.34 698.271 62.086 636.185 25.0846 3877.6 37.0014 15.9379 11.1062 3840.91 2566.84 1274.07 1234.97 39.1004 2477.61 89.2253 615.23 113.231 20.9551 8.69626 5.3407 36.6935 112.329 108.975 7.8102 35.0424
internal_count=873313 67385 805928 8439 58946 58636 3888 54748 1354 805211 2534 717 209 799397 717513 81884 66604 15280 712596 4917 53520 7571 1228 139 69 5814 7490 7077 868 5714
is_linear=0
shrinkage=0.08


Tree=174
num_leaves=31
num_cat=0
split_feature=4 5 1 11 4 11 14 0 10 16 0 5 1 4 4 5 2 15 15 1 8 0 11 11 11 4 4 0 4 10
split_gain=1.14369 13.691 11.1125 8.41884 37.309 14.7467 18.6725 12.9024 12.5324 12.2879 10.4999 41.514 27.8485 30.8857 25.4898 13.2476 8.17845 7.81737 92.2584 24.0678 7.54658 7.53109 7.39407 10.299 32.0422 10.0692 7.90103 36.5765 13.7904 7.41912
threshold=0.2264957278966904 0.1366749703884125 0.51191151142120372 1.0000000180025095e-35 1.0000000180025095e-35 0.30384616553783422 0.4490660578012467 0.65261757373809826 0.056349206715822227 1.0000000180025095e-35 0.64899963140487682 0.27195686101913458 0.6569296419620515 0.13392857462167743 0.095454547554254546 1.0000000180025095e-35 0.76253134012222301 0.52175363898277294 0.52044934034347545 0.51471862196922313 0.52548557519912731 0.62432795763015758 0.84523808956146251 0.52777779102325451 0.63333335518836986 0.41428571939468389 0.26136364042758947 0.65648320317268383 0.30384616553783422 0.75499999523162853
decision_type=2 2 2 2 2 2 2 2 2 2 2 2 2 2 2 2 2 2 2 2 2 2 2 2 2 2 2 2 2 2
left_child=3 2 -2 4 8 6 -5 -6 -1 16 11 15 13 -12 -14 -7 -9 18 19 -4 -8 -13 23 26 29 -24 27 -3 -28 -25
right_child=1 22 17 5 7 10 20 9 -10 -11 12 21 14 -15 -16 -17 -18 -19 -20 -21 -22 -23 25 24 -26 -27 28 -29 -30 -31
leaf_value=-0.026007755291512332 0.030946633687135985 -0.074445441134002005 2.2122247399636041 -0.054985434341783525 -0.060482061088274135 0.0023785400170603602 -0.015434850422167374 0.068356280095152697 0.1171484984895771 -0.016593095808362133 -0.081188978861105709 0.10062461732585608 0.043470569708964353 0.025445530645166227 -0.032530979492241874 -0.020084035541876259 -0.0038347357976031837 0.14394672963675589 8.3399283631640042 -0.080091254288498184 0.03487893701592279 0.018532675834861855 5.8099160294450091e-05 -0.29518495144103934 -0.0073738068635309803 0.060154877744363351 -0.080759808931570781 0.034824542126497771 -0.00024334593731199669 -0.097791935589441825
leaf_weight=4.6068220747379227 15.362514231727802 23.139937457846827 0.034897982341134504 75.471000023094803 20.928955573230724 1299.7272258090934 71.24026366040016 26.411943897654055 26.015218449147142 53.83918164920351 63.158252096264732 31.051080484890008 60.995717229727234 23.985466757522772 52.594977220122928 192.98353090908904 16.206069165769804 5.2150469460102613 0.009501007987637422 0.18318162043851771 26.057547106964194 9.2925554670682669 41.797331145422504 3.4281588047015275 23.26813910610872 31.134543266476612 13.692625552635944 128.36195757185851 2373.4039929382748 1.8907266561873255
leaf_count=5273 13436 29011 213 74283 114401 204940 10243 3370 3031 36176 7267 2142 3341 1199 2580 94277 844 337 13 1875 1147 827 7280 103 2468 36018 6143 24388 186652 35
internal_value=9.69044e-06 0.00110447 0.065747 -0.00140818 0.0169715 -0.00283502 -0.0251233 -0.00354308 0.0956119 0.00881134 -0.000614028 0.00163874 -0.017819 -0.0518389 0.00828019 -0.00052551 0.0409047 0.163976 0.622938 0.286734 -0.0019602 0.081716 0.000595057 -0.000118535 -0.0478683 0.0257134 0.000419173 0.018135 -0.000705196 -0.225017
internal_weight=4715.49 2660.92 20.8051 2054.57 148.008 1906.56 172.769 117.386 30.622 96.4572 1733.79 1533.05 200.734 87.1437 113.591 1492.71 42.618 5.44263 0.227581 0.21808 97.2978 40.3436 2640.12 2567.19 28.587 72.9319 2538.6 151.502 2387.1 5.31889
internal_count=873313 307972 15874 565341 163095 402246 85673 154791 8304 40390 316573 302186 14387 8466 5921 299217 4214 2438 2101 2088 11390 2969 292098 248800 2606 43298 246194 53399 192795 138
is_linear=0
shrinkage=0.08


Tree=175
num_leaves=31
num_cat=0
split_feature=10 10 2 6 4 8 15 5 0 2 5 0 6 9 15 8 5 9 2 10 5 5 7 4 4 9 8 8 2 16
split_gain=1.06524 9.488 8.60091 8.90806 8.88535 14.977 11.9236 10.276 9.59161 11.6063 15.9924 9.25432 6.59116 5.9358 5.65067 7.6602 8.43432 5.60174 10.3807 10.1348 5.87021 5.13785 9.15984 5.09704 4.7941 4.29287 4.04774 3.99518 3.77615 3.59252
threshold=0.57518798112869274 0.56832298636436474 0.15831244736909869 0.32037734985351568 0.61250001192092907 0.88939857482910167 0.95834520459175121 0.83558556437492382 0.96922349929809581 0.76506900787353527 0.73993557691574108 0.91715687513351452 0.54870337247848522 0.96712303161621105 0.4153373539447785 0.72403213381767284 0.017095265910029415 0.8782135844230653 0.79041057825088512 0.51086956262588512 0.73401361703872692 0.63525497913360607 0.88648077845573436 0.35416667163372045 0.58571431040763866 0.59163263440132152 0.83973684906959545 0.76964211463928234 0.24440020322799685 1.0000000180025095e-35
decision_type=2 2 2 2 2 2 2 2 2 2 2 2 2 2 2 2 2 2 2 2 2 2 2 2 2 2 2 2 2 2
left_child=1 17 3 -2 8 21 7 -7 11 24 -11 23 26 -8 -3 16 -16 -1 19 -19 -20 22 -6 -4 -10 -14 -5 -13 -21 -17
right_child=2 14 4 12 5 6 13 -9 9 10 -12 27 25 -15 15 29 -18 18 20 28 -22 -23 -24 -25 -26 -27 -28 -29 -30 -31
leaf_value=-0.00052463804488874302 0.022671087642184014 -0.0082982688487950838 -0.0061260433997121803 0.0064524489112973236 -0.21368759312124117 -0.03944289967380258 0.0021690803483975026 -0.25927400917617294 0.024349133230103334 -0.11185556733053685 -0.0080759759764617665 -0.15312718752064766 0.10598237179456498 0.067238235590159401 0.42757603306181291 0.056469841195931444 0.10011986775019695 0.064920399151510905 -0.032804932752573429 -0.11779097796337769 0.023758479512503209 0.078306019980867392 0.036051476414484307 -0.029684399212095983 -0.11627029586027041 -0.0064818610659558504 -0.090676032635681608 0.049555141102581572 0.00050633078410970657 0.011583050021284479
leaf_weight=3610.7636782689524 141.17330005843542 17.780396994203329 487.69346078368835 3.7676356397569171 1.0417763924342569 21.806929595375554 46.710373635776705 1.451484717275888 16.547924227292246 21.626768564441591 16.952465806680266 0.64092168924981052 2.3702271087095168 11.105634233392264 0.62428508838638608 24.979234707392607 2.6000329946618876 37.185389612393919 25.921642562316265 2.2455311541561951 21.467282531772071 24.194025458378746 9.6142792266109591 66.831698790803785 1.7122081245470315 25.999120687250979 10.126742635853587 21.563827217949438 7.4778802538639866 21.009413016006874
leaf_count=808498 3891 156 10690 25 82 1158 11966 212 2652 1233 5075 131 21 6279 28 2067 255 637 540 21 1343 5817 760 3592 209 255 67 4596 138 919
internal_value=-8.10713e-05 0.000517576 -0.00250154 0.0130251 -0.00630166 0.0140619 -0.00479089 -0.0531619 -0.0100276 -0.0413821 -0.0662528 -0.00693745 -0.0191952 0.0146679 0.0303556 0.0443211 0.163521 -2.19425e-05 0.0192268 0.0459055 -0.00718159 0.0579204 0.011636 -0.00896531 0.0111636 0.0029144 -0.0643384 0.0437049 -0.0268133 0.0359638
internal_weight=4704.99 3772.05 932.931 183.437 749.494 115.925 81.0744 23.2584 633.569 56.8394 38.5792 576.73 42.2637 57.816 66.9934 49.213 3.22432 3705.06 94.2977 46.9088 47.3889 34.8501 10.6561 554.525 18.2601 28.3693 13.8944 22.2047 9.72341 45.9886
internal_count=873313 814602 58711 4259 54452 26274 19615 1370 28178 9169 6308 19009 368 18245 3425 3269 283 811177 2679 796 1883 6659 842 14282 2861 276 92 4727 159 2986
is_linear=0
shrinkage=0.08


Tree=176
num_leaves=31
num_cat=0
split_feature=2 8 6 0 10 2 10 8 8 9 0 8 1 6 6 2 10 9 0 10 10 8 11 10 0 1 6 4 2 2
split_gain=1.16648 12.6644 8.11498 8.24739 7.9773 7.52848 5.97152 4.9122 4.8357 11.0721 4.55229 4.33479 3.99292 11.7657 30.3866 9.52514 10.7895 6.35556 5.0688 4.8405 3.87534 5.78444 3.84189 3.33309 6.37127 3.20207 3.15918 12.3833 34.5581 23.5371
threshold=0.10596491396427156 0.31752844154834753 0.21807064861059192 0.097167581319808974 0.12310606241226198 0.094494048506021514 0.15894736349582675 0.2817846685647965 0.36398872733116155 0.34054243564605718 0.15831244736909869 0.94144025444984447 0.12060606107115747 0.17712418735027316 0.17445652186870578 0.11834733933210374 0.1863425895571709 0.88581016659736644 0.10933997482061387 0.11882352828979494 0.47493734955787664 0.64237999916076671 0.47222222387790685 0.46410256624221807 0.11852502077817918 0.08191221579909326 0.29061582684516912 0.15476191043853763 0.61620295047760021 0.2014492750167847
decision_type=2 2 2 2 2 2 2 2 2 2 2 2 2 2 2 2 2 2 2 2 2 2 2 2 2 2 2 2 2 2
left_child=1 4 6 5 7 -4 8 -1 9 -3 11 -5 13 14 15 16 -2 23 -14 -17 21 -8 -22 25 -25 -15 27 29 -29 -20
right_child=12 2 3 10 -6 -7 20 -9 -10 -11 -12 -13 18 17 -16 19 -18 -19 26 -21 22 -23 -24 24 -26 -27 -28 28 -30 -31
leaf_value=0.052013262507313959 -0.045944793695107719 -0.057274676123104031 -0.015527575701063613 -0.061282441663512176 0.10830306151750421 0.15959548697796525 0.00097742171251186593 -0.096288316855886083 -0.073036282069162628 0.13378442453178679 0.065319420989844432 -0.16572606321401373 -0.22014911081726268 0.094947877105867037 0.48498136778521544 0.18064723770023505 0.019225540583271149 0.071929038614107529 0.0097221033186478175 0.055629388811807068 -0.013544861922908522 -0.028207118263535738 0.021640281118896928 -0.017751351115415127 -0.12110179843634163 -0.020348950718846574 0.0031707994977422434 0.032072739294186574 -0.0023668698864776939 -0.026910447669755842
leaf_weight=3.5243002708302837 18.447113309033739 6.1450757050006377 41.380230018979546 23.78479098169192 10.319482791259359 1.6330910230863072 238.0445938891271 2.4048103891345818 13.17840908013204 2.8376128418422013 1.6288623355017069 2.8477158085443071 0.67065438865938531 1.6105170567570883 0.89764993875360133 2.213819364977101 137.03960445099074 4.3716941364109507 178.18953359608895 18.937090963172523 26.041881170443958 53.173603559655021 83.684035450685769 9.5431265530060028 6.362825095653533 36.034450059868504 1229.204303557819 205.24824437694497 2038.3876193002288 303.35661339967646
leaf_count=50 2159 155 8562 3894 120 216 6048 95 4566 164 155 26 51 147 21 114 2652 97 8340 496 449 683 1996 109 58 5543 338002 103364 194835 190146
internal_value=-7.07019e-05 -0.0036807 -0.00596476 -0.0309371 0.0658141 -0.00887866 -0.00175801 -0.00813694 -0.0421834 0.0030805 -0.0645098 -0.0724502 0.000369189 0.0104901 0.0207048 0.0183454 0.0114937 -0.0208183 -0.000233345 0.0687147 0.000476396 -0.00435139 0.0132896 -0.0283898 -0.0590944 -0.0154164 -0.000196048 -0.00171468 0.000783672 -0.0133551
internal_weight=4701.14 510.628 494.38 71.2747 16.2486 43.0133 423.105 5.92911 22.1611 8.98269 28.2614 26.6325 4190.51 235.458 177.535 176.638 155.487 57.9226 3955.06 21.1509 400.944 291.218 109.726 53.5509 15.906 37.645 3954.39 2725.18 2243.64 481.546
internal_count=873313 27179 26914 12853 265 8778 14061 145 4885 319 4075 3920 846134 11396 5442 5421 4811 5954 834738 610 9176 6731 2445 5857 167 5690 834687 496685 298199 198486
is_linear=0
shrinkage=0.08


Tree=177
num_leaves=31
num_cat=0
split_feature=2 5 5 1 1 5 2 2 15 5 2 16 11 5 1 0 10 2 5 5 5 2 1 1 1 15 5 15 0 0
split_gain=1.15739 10.5551 5.323 4.75926 4.11598 4.2351 29.0721 6.11314 3.89676 5.24144 3.77613 3.85127 3.71087 3.70296 5.11239 4.90836 6.00398 4.12862 28.4219 18.1672 11.864 18.6937 10.7055 8.22709 3.41702 3.2339 3.22 3.17751 2.93711 2.6217
threshold=0.90070420503616344 0.74734041094779979 0.93440860509872448 0.77015754580497753 0.81872946023941051 0.80217391252517711 0.92718276381492626 0.90521115064620983 0.92204877734184276 0.73123827576637279 0.96824595332145702 1.0000000180025095e-35 0.93750000000000011 0.76043477654457103 0.76506900787353527 0.92637759447097789 0.41277891397476202 0.83424907922744762 0.57947367429733287 0.71307507157325756 0.64346247911453258 0.80217391252517711 0.84028983116149913 0.87226107716560375 0.80217391252517711 0.99885582923889171 0.79008570313453685 0.75880110263824474 0.96590468287467968 0.91715687513351452
decision_type=2 2 2 2 2 2 2 2 2 2 2 2 2 2 2 2 2 2 2 2 2 2 2 2 2 2 2 2 2 2
left_child=2 3 13 -2 -3 6 26 -7 10 12 -5 -12 -10 17 29 16 -16 20 22 -20 21 -1 -19 -22 -17 -11 -6 -8 -9 -15
right_child=1 4 -4 8 5 7 27 28 9 25 11 -13 -14 14 15 24 -18 18 19 -21 23 -23 -24 -25 -26 -27 -28 -29 -30 -31
leaf_value=-0.00036250458412977779 0.087239086369746033 0.065977059652067988 0.074669752835205327 0.03714073628066198 -0.10939452692624267 0.046063181774633984 -0.059905138783954696 -0.028930222421395878 0.00076762836407143209 0.081044162028224648 0.084484989152996237 -0.32316696631119823 -0.09537784404512524 0.24518943607032001 -0.10485195004629073 -0.048240530445454961 0.030109985342332665 -0.012119330146454096 -0.038422487748803288 -0.0008695964684956451 0.027152513072868513 -0.034666193189542886 0.04966907580997993 -0.017985529791187303 0.013464921623182073 -0.13415182356394995 -0.049839788504234463 0.030541198077367802 5.7687994674935704e-05 0.071014460619684291
leaf_weight=2979.2585437401408 7.3059307998319118 5.8112562753940429 5.9962556378159197 57.237526800503474 16.047927270784839 18.157362878930144 2.6827503856466128 23.244664946273588 43.723548767186003 6.9971188444178543 0.24589420680422336 0.37378867859297216 2.7295883745136953 0.66501751680334509 5.200730718331668 5.9502237972537833 3.5492916841758415 25.255404790902503 164.10109234429683 165.69890683941321 151.47587977576495 105.26249524132709 62.009800957733205 31.158772915358895 165.35604862401306 0.47742348909378041 9.1080696676999668 33.880161091608898 594.51646505105418 3.2859827321190096
leaf_count=753896 868 310 280 3382 871 1148 572 1371 1227 529 47 18 2366 11 287 240 101 2334 8511 8079 6596 8671 3295 3285 10172 2 483 1962 52229 170
internal_value=-6.83698e-05 0.00265712 -0.00064702 0.0246823 -0.00107165 -0.00163016 -0.0216379 0.000311689 0.0205938 0.00512259 0.0350142 -0.161408 -0.00488188 -0.000763771 0.0103117 0.00833643 -0.050107 -0.00131693 -0.00881246 -0.0195551 -0.000360099 -0.00153315 0.0317869 0.0194516 0.0113216 0.0672989 -0.0878319 0.0239048 -0.00103305 0.100331
internal_weight=4696.76 822.539 3874.22 119.091 703.449 697.637 61.7189 635.918 111.785 53.9277 57.8572 0.619683 46.4531 3868.23 184.007 180.056 8.75002 3684.22 417.065 329.8 3267.16 3084.52 87.2652 182.635 171.306 7.47454 25.156 36.5629 617.761 3.951
internal_count=873313 67385 805928 8439 58946 58636 3888 54748 7571 4124 3447 65 3593 805648 10981 10800 388 794667 22219 16590 772448 762567 5629 9881 10412 531 1354 2534 53600 181
is_linear=0
shrinkage=0.08


Tree=178
num_leaves=31
num_cat=0
split_feature=16 14 5 5 11 6 10 10 7 5 0 14 6 11 1 6 11 9 14 6 2 6 2 0 1 5 6 2 2 5
split_gain=1.03442 3.2467 5.28581 3.81415 3.8373 5.09415 4.32115 3.16056 4.94421 6.27185 7.00096 4.44718 3.23668 3.08518 3.43266 2.75902 4.66845 6.07906 12.9616 19.3475 4.45988 4.88215 6.21156 6.16224 4.08678 21.8497 18.6525 10.822 20.2474 7.86576
threshold=1.0000000180025095e-35 1.0000000180025095e-35 0.51668518781661998 1.0000000180025095e-35 0.63333335518836986 0.16823899745941165 0.71008405089378368 0.93095237016677868 0.99812734127044689 0.27622890472412115 0.11374663189053537 0.017937581054866317 0.83752354979515087 0.11805555596947671 0.27639257907867437 0.48863048851490026 0.52777779102325451 0.68438714742660534 0.25521059334278112 0.50373134016990673 0.49397240579128271 0.71834936738014232 0.32529069483280187 0.15831244736909869 0.64565756916999828 0.27823315560817724 0.33602151274681097 0.79041057825088512 0.61938297748565685 0.27622890472412115
decision_type=2 2 2 2 2 2 2 2 2 2 2 2 2 2 2 2 2 2 2 2 2 2 2 2 2 2 2 2 2 2
left_child=1 2 3 4 5 -1 -6 8 11 10 -10 -3 -13 -5 -15 24 17 -17 -19 -20 21 22 -18 -23 26 29 27 28 -2 -26
right_child=15 7 -4 13 6 -7 -8 -9 9 -11 -12 12 -14 14 -16 16 20 18 19 -21 -22 23 -24 -25 25 -27 -28 -29 -30 -31
leaf_value=0.077293808549606074 0.00030268412149946582 -0.037823100058441694 0.073196617747164294 0.036885019623682506 0.11868346114265547 -0.084308915355216132 0.022773336892582076 0.074363156056055396 0.084524869868187399 0.081606293751404255 -0.095009668418591944 0.0013795190886669818 -0.044369763109044759 0.09660606509692117 -0.050988029743622952 0.0030980672966831797 -0.011232192865454691 0.018554410258812756 0.42876755383444498 0.079292273702403146 0.055262670418000648 -0.038128865333404031 -0.076057261027703271 0.051088242071758994 0.067286180172415874 -0.00036759159077995058 -0.037671482991676164 0.091203104818607036 -0.047387598821990624 0.25046377382770257
leaf_weight=1.7549549525092505 840.38311143310557 18.897685062997425 9.5417129500747233 4.4441009598440386 3.2687274708550822 4.3250805380357633 37.465403696987778 3.7139164986383539 1.6137086781673122 2.0503548912238321 10.031163703941273 2073.3194658602806 9.9446353012308446 1.0931995020182501 13.015139246092074 88.162788879017171 54.835829471491706 45.024791128162178 1.1425587105331931 8.9995172211201844 6.8934084830943894 7.4805080921373728 11.432346126062837 14.674447196863182 19.768489551053793 1222.4426481526716 105.35948433940939 7.8845961017768778 61.119368721944284 1.6235063031881498
leaf_count=271 275343 2140 2651 1402 703 816 442 221 91 993 161 224742 1189 102 2129 69661 10237 947 21 151 780 621 3665 1443 7058 117962 110991 1189 34932 259
internal_value=-6.07342e-05 0.00120644 0.0175748 0.00945551 0.0216208 -0.0376635 0.0304697 0.000627964 0.000498539 -0.0474134 -0.0701304 0.000810677 0.00116113 -0.0212417 -0.0395515 -0.00117429 0.0070062 0.0161308 0.0369586 0.118663 -0.00671471 -0.0115464 -0.0224156 0.0209645 -0.00203865 0.00103504 -0.00580626 -0.00211442 -0.00293058 0.0811881
internal_weight=4691.71 2194.48 74.9083 65.3666 46.8142 6.08004 40.7341 2119.57 2115.86 13.6952 11.6449 2102.16 2083.26 18.5524 14.1083 2497.23 238.646 143.33 55.1669 10.1421 95.3165 88.4231 66.2682 22.155 2258.58 1243.83 1014.75 909.387 901.502 21.392
internal_count=873313 238053 8516 5865 2232 1087 1145 229537 229316 1245 252 228071 225931 3633 2231 635260 87526 70780 1119 172 16746 15966 13902 2064 547734 125279 422455 311464 310275 7317
is_linear=0
shrinkage=0.08


Tree=179
num_leaves=31
num_cat=0
split_feature=10 8 11 11 7 8 14 7 9 14 7 8 4 8 8 14 4 9 2 4 15 9 14 2 10 6 2 2 5 2
split_gain=1.05601 9.19701 6.54067 10.0247 9.87168 7.31423 18.5858 10.4542 5.36037 7.26605 5.267 12.954 10.0833 18.3803 12.8301 13.6029 9.84145 7.23414 4.77747 17.133 10.216 4.76727 4.72321 9.6928 6.6777 4.59513 13.649 6.35583 4.23968 3.86292
threshold=0.4463601559400559 0.59711855649948131 0.11805555596947671 0.23611111193895343 0.80123457312583934 0.88939857482910167 0.11787864938378335 0.95898419618606578 0.88581016659736644 0.12556306272745135 0.75490951538085949 0.69482603669166576 0.58571431040763866 0.68244633078575145 0.80814999341964733 0.21070533245801928 0.84523808956146251 0.78065484762191784 0.59611794352531444 0.15476191043853763 0.65980625152587902 0.94483360648155224 0.25681874155998236 0.60736888647079479 0.35504202544689184 0.63003221154212963 0.18321678787469867 0.71494102478027355 0.57259953022003185 0.79041057825088512
decision_type=2 2 2 2 2 2 2 2 2 2 2 2 2 2 2 2 2 2 2 2 2 2 2 2 2 2 2 2 2 2
left_child=8 -2 4 -4 -3 6 -6 -7 10 21 11 22 14 28 17 -16 -15 -12 19 -5 -20 29 23 -1 -24 27 -27 -13 -14 -10
right_child=1 2 3 18 5 7 -8 -9 9 -11 12 25 13 16 15 -17 -18 -19 20 -21 -22 -23 24 -25 -26 26 -28 -29 -30 -31
leaf_value=-0.029353839058680293 0.058933621471666059 -0.087839438027998554 -0.10226000699669992 -0.001257594041238084 0.05334857920936343 -0.018518582974231156 -0.0014347273921329941 0.022629601707350941 0.031846097497460403 0.090028913903978935 -0.0068406681353475138 0.0065869923759455532 -0.020332525490750743 -0.045196024439136437 0.014448286258354466 0.11334817713021213 0.066360795685945426 0.03373138876191608 0.077492685611818241 0.045196455492877811 -0.012496521340178087 0.083649093846448017 0.0010506985684830313 0.0041506184892922829 0.06191661053966379 0.43055250198477341 0.0047790525025561475 0.075173457781502973 0.047262824722216039 -0.036288973893642176
leaf_weight=100.14100506221075 17.77084702742286 6.3360578689898821 6.332300422131083 752.29201508325059 77.007558736811916 83.908794736198615 81.663788162055425 74.690238908668107 9.3012128370464833 9.4711133294913434 747.63267552440084 17.130812397546833 8.0472904663765821 110.31136298899219 42.898144771548687 11.23078654357232 5.3044914495476396 29.225815910060192 8.3058407967328076 54.492700132504979 289.0387816658058 4.4573350686259792 1950.7924562124363 123.30758754341969 11.604707587539449 0.77052930109493845 1.2862217617221174 17.461126300637261 22.662163684537518 12.458646958737516
leaf_count=368514 400 72 200 10990 1811 1487 2090 4167 140 387 18119 1283 180 2244 826 251 1505 644 740 2445 50080 139 282740 118903 706 27 67 485 1343 328
internal_value=-5.74522e-05 0.0017351 0.0010263 -0.00189028 0.0110346 0.0130091 0.0251531 0.000859642 -0.000861809 0.0299712 -0.0012057 0.000946618 -0.00610025 -0.025465 -0.0026904 0.0349682 -0.0400778 -0.00531433 -0.00131465 0.00188005 -0.00998282 0.00827502 0.000155774 -0.0108648 0.00141063 0.0481151 0.164288 0.0412077 0.0295497 -0.00716476
internal_weight=4687.33 1451.84 1434.07 1110.46 323.606 317.27 158.671 158.599 3235.5 35.6883 3199.81 2222.49 977.313 146.325 830.987 54.1289 115.616 776.858 1104.13 806.785 297.345 26.2172 2185.85 223.449 1962.4 36.6487 2.05675 34.5919 30.7095 21.7599
internal_count=873313 74482 74082 64455 9627 9555 3901 5654 798831 994 797837 772725 25112 5272 19840 1077 3749 18763 64255 13435 50820 607 770863 487417 283446 1862 94 1768 1523 468
is_linear=0
shrinkage=0.08


end of trees

feature_importances:
name_jaccard=532
name_len_diff=531
num_overlap=522
name_ratio=491
name_token_sort=472
addr_jaccard=423
name_ngram_jaccard=393
addr_token_set=383
composite_score=366
addr_len_diff=337
name_token_set=322
addr_token_sort=253
addr_ratio=197
is_s2=156
has_matching_digits=22

parameters:
[boosting: gbdt]
[objective: binary]
[metric: binary_logloss]
[tree_learner: serial]
[device_type: cpu]
[data_sample_strategy: bagging]
[data: ]
[valid: ]
[num_iterations: 180]
[learning_rate: 0.08]
[num_leaves: 31]
[num_threads: 4]
[seed: 42]
[deterministic: 0]
[force_col_wise: 0]
[force_row_wise: 0]
[histogram_pool_size: -1]
[max_depth: 6]
[min_data_in_leaf: 20]
[min_sum_hessian_in_leaf: 0.001]
[bagging_fraction: 1]
[pos_bagging_fraction: 1]
[neg_bagging_fraction: 1]
[bagging_freq: 0]
[bagging_seed: 400]
[bagging_by_query: 0]
[feature_fraction: 0.9]
[feature_fraction_bynode: 1]
[feature_fraction_seed: 30056]
[extra_trees: 0]
[extra_seed: 12879]
[early_stopping_round: 0]
[early_stopping_min_delta: 0]
[first_metric_only: 0]
[max_delta_step: 0]
[lambda_l1: 0]
[lambda_l2: 0]
[linear_lambda: 0]
[min_gain_to_split: 0]
[drop_rate: 0.1]
[max_drop: 50]
[skip_drop: 0.5]
[xgboost_dart_mode: 0]
[uniform_drop: 0]
[drop_seed: 17869]
[top_rate: 0.2]
[other_rate: 0.1]
[min_data_per_group: 100]
[max_cat_threshold: 32]
[cat_l2: 10]
[cat_smooth: 10]
[max_cat_to_onehot: 4]
[top_k: 20]
[monotone_constraints: ]
[monotone_constraints_method: basic]
[monotone_penalty: 0]
[feature_contri: ]
[forcedsplits_filename: ]
[refit_decay_rate: 0.9]
[cegb_tradeoff: 1]
[cegb_penalty_split: 0]
[cegb_penalty_feature_lazy: ]
[cegb_penalty_feature_coupled: ]
[path_smooth: 0]
[interaction_constraints: ]
[verbosity: -1]
[saved_feature_importance_type: 0]
[use_quantized_grad: 0]
[num_grad_quant_bins: 4]
[quant_train_renew_leaf: 0]
[stochastic_rounding: 1]
[linear_tree: 0]
[max_bin: 255]
[max_bin_by_feature: ]
[min_data_in_bin: 3]
[bin_construct_sample_cnt: 200000]
[data_random_seed: 175]
[is_enable_sparse: 1]
[enable_bundle: 1]
[use_missing: 1]
[zero_as_missing: 0]
[feature_pre_filter: 1]
[pre_partition: 0]
[two_round: 0]
[header: 0]
[label_column: ]
[weight_column: ]
[group_column: ]
[ignore_column: ]
[categorical_feature: ]
[forcedbins_filename: ]
[precise_float_parser: 0]
[parser_config_file: ]
[objective_seed: 16083]
[num_class: 1]
[is_unbalance: 0]
[scale_pos_weight: 1]
[sigmoid: 1]
[boost_from_average: 1]
[reg_sqrt: 0]
[alpha: 0.9]
[fair_c: 1]
[poisson_max_delta_step: 0.7]
[tweedie_variance_power: 1.5]
[lambdarank_truncation_level: 30]
[lambdarank_norm: 1]
[label_gain: ]
[lambdarank_position_bias_regularization: 0]
[eval_at: ]
[multi_error_top_k: 1]
[auc_mu_weights: ]
[num_machines: 1]
[local_listen_port: 12400]
[time_out: 120]
[machine_list_filename: ]
[machines: ]
[gpu_platform_id: -1]
[gpu_device_id: -1]
[gpu_device_id_list: ]
[gpu_use_dp: 0]
[num_gpu: 1]

end of parameters

pandas_categorical:null
