tree
version=v4
num_class=1
num_tree_per_iteration=1
label_index=0
max_feature_idx=16
objective=binary sigmoid:1
feature_names=name_token_set name_token_sort name_ratio name_exact name_jaccard name_ngram_jaccard name_len_diff addr_token_set addr_token_sort addr_ratio addr_jaccard num_overlap has_matching_digits addr_missing addr_len_diff composite_score is_s2
feature_infos=[0:1] [0:1] [0:1] [0:1] [0:1] [0:1] [0:0.94736844301223755] [0:1] [0:1] [0:1] [0:1] [0:1] [0:1] [0:1] [0:1] [0:1] [0:1]
tree_sizes=3419 3456 3434 3441 3438 3475 3474 3453 3452 3480 3474 3480 3475 3491 3485 3484 3511 3484 3517 3498 3498 3501 3508 3502 3502 3505 3505 3508 3509 3504 3498 3520 3506 3509 3519 3503 3502 3523 3519 3501 3501 3519 3525 3504 3509 3527 3516 3528 3517 3528 3504 3511 3501 3513 3516 3496 3517 3530 3494 3535 3520 3531 3529 3530 3531 3558 3504 3531 3531 3535 3520 3509 3518 3524 3560 3524 3539 3537 3539 3537 3562 3541 3538 3550 3529 3529 3525 3528 3536 3532 3534 3556 3540 3553 3506 3544 3510 3561 3553 3490 3507 3511 3523 3536 3557 3515 3501 3565 3528 3507 3558 3528 3496 3525 3547 3525 3555 3529 3510 3526 3486 3525 3521 3496 3514 3531 3523 3501 3521 3488 3507 3523 3496 3534 3511 3518 3522 3513 3507 3519 3510 3519 3531 3535 3498 3508 3512 3505 3514 3520

Tree=0
num_leaves=31
num_cat=0
split_feature=7 15 10 15 15 1 1 12 5 7 15 1 4 12 6 16 5 16 1 5 16 16 16 1 16 1 4 12 1 7
split_gain=1.48077e+06 34383.9 19882.9 12075.2 7452.84 17438.6 5237.43 3615.91 3059.52 5722.93 2202.09 1744.24 1536.68 1507.72 1419.72 1113.57 1104.7 856.494 829.337 1402.01 720.632 594.557 585.952 531.63 492.642 492.753 332.817 286.537 427.692 555.608
threshold=0.71746492385864269 0.9200141727924348 0.32666666805744177 0.81823650002479564 0.72745248675346386 0.86391696333885204 0.89022758603096019 1.0000000180025095e-35 0.26546555757522589 0.84262126684188854 0.32554964721202856 0.19139194488525393 0.81666666269302379 1.0000000180025095e-35 0.2522727251052857 1.0000000180025095e-35 0.27130751311779028 1.0000000180025095e-35 0.21778655797243121 0.068337485194206252 1.0000000180025095e-35 1.0000000180025095e-35 1.0000000180025095e-35 0.93405798077583324 1.0000000180025095e-35 0.88185444474220287 0.58571431040763866 1.0000000180025095e-35 0.8521554470062257 0.81872946023941051
decision_type=2 2 2 2 2 2 2 2 2 2 2 2 2 2 2 2 2 2 2 2 2 2 2 2 2 2 2 2 2 2
left_child=1 4 3 10 -1 7 12 21 9 11 14 -4 26 20 -2 16 -12 -9 -11 -20 -7 -6 -13 -8 -5 -26 -3 28 29 -10
right_child=2 6 8 24 5 13 23 17 27 18 15 22 -14 -15 -16 -17 -18 -19 19 -21 -22 -23 -24 -25 25 -27 -28 -29 -30 -31
leaf_value=-2.6562139970441034 -1.7843472823033433 -2.5299356704359095 -1.6761721515495369 -1.4987240665624348 -2.4804454892398833 -1.723546097874032 -1.9203056248015484 -1.5855997673450735 -1.9278119571545769 -1.4767943380082662 -2.4681136923464049 -2.0728450921872188 -1.9630075008179455 -1.4650734695978831 -2.470122214641977 -2.5989499344074196 -1.9603360596431265 -2.3206033817464737 -1.8797617663262411 -1.5202691632531953 -2.1821031065640044 -2.629878987647877 -2.5260401461259208 -1.6613641027457975 -2.2376796877912284 -1.5263543367319794 -2.2981450370280148 -1.4497743278067461 -1.4617334491586902 -1.5416823997197657
leaf_weight=102771.18627680093 71.130193278193474 66.04946518689394 34.905261822044849 213.19262938946486 207.84796737134457 46.188437193632126 70.140441052615643 27.251177944242954 25.997491791844368 515.79287648946047 62.222423247992992 29.164698913693428 79.642062418162823 82.41336864978075 26.525359645485878 115.5370764657855 49.025726906955242 16.165953017771244 105.17766983807087 204.28485935926437 41.76754391938448 945.87321024388075 48.827776461839676 183.50006262212992 12.206944115459921 12.734811969101427 99.173173002898693 5332.3890905231237 718.09823139756918 288.67773246020079
leaf_count=1557529 1078 1001 529 3231 3150 700 1063 413 394 7817 943 442 1207 1249 402 1751 743 245 1594 3096 633 14335 740 2781 185 193 1503 80814 10883 4375
internal_value=-2.571 -2.65057 -1.51242 -1.9707 -2.65375 -2.46821 -1.98775 -2.57599 -1.47712 -1.612 -2.28823 -2.14621 -2.25166 -1.71093 -1.97062 -2.425 -2.24434 -1.85927 -1.53891 -1.64245 -1.9413 -2.60296 -2.35657 -1.73297 -1.53808 -1.87449 -2.39081 -1.45724 -1.49581 -1.57358
internal_weight=112503 104637 7865.89 562.575 104139 1367.51 498.505 1197.14 7303.32 938.153 324.441 112.898 244.865 170.369 97.6556 226.785 111.248 43.4171 825.255 309.463 87.956 1153.72 77.9925 253.641 238.134 24.9418 165.223 6365.16 1032.77 314.675
internal_count=1705019 1585809 119210 8526 1578254 20725 7555 18143 110684 14218 4917 1711 3711 2582 1480 3437 1686 658 12507 4690 1333 17485 1182 3844 3609 378 2504 96466 15652 4769
is_linear=0
shrinkage=1


Tree=1
num_leaves=31
num_cat=0
split_feature=7 1 7 10 10 5 7 4 1 5 10 5 7 5 1 2 16 16 11 11 16 16 7 5 0 5 10 7 4 11
split_gain=562347 7237.05 10558.7 5709.13 3030.66 2459.41 1049.75 4286.67 833.083 679.065 669.582 1038.08 630.067 1881.8 539.688 451.997 315.994 289.982 269.256 263.335 259.837 255.747 263.447 243.414 227.138 223.162 215.138 200.017 561.485 187.717
threshold=0.68599441647529613 0.89512962102890026 1.0000000180025095e-35 0.12973351776599887 0.26794873178005224 0.43364779651165014 1.0000000180025095e-35 0.58571431040763866 0.21778655797243121 0.65571120381355297 0.26794873178005224 0.37232102453708654 0.78964132070541393 0.35111427307128912 0.81120249629020702 0.19433516263961795 1.0000000180025095e-35 1.0000000180025095e-35 0.29285715520381933 0.10555555671453477 1.0000000180025095e-35 1.0000000180025095e-35 0.57207792997360241 0.48181217908859258 0.94570022821426403 0.1465040594339371 0.22902098298072818 0.6079215705394746 0.58571431040763866 0.23611111193895343
decision_type=2 2 2 2 2 2 2 2 2 2 2 2 2 2 2 2 2 2 2 2 2 2 2 2 2 2 2 2 2 2
left_child=1 6 -3 18 5 8 7 14 19 24 27 -12 13 15 -1 -6 25 -17 -4 -2 -7 22 -5 -16 -9 -10 -23 -8 -29 -22
right_child=4 2 3 21 12 20 10 9 16 -11 11 -13 -14 -15 23 17 -18 -19 -20 -21 29 26 -24 -25 -26 -27 -28 28 -30 -31
leaf_value=-0.074671233535822085 0.59725969816309399 0.38229179658112111 -0.083010336445886998 0.82851218144464256 0.35465998066948878 0.41751414553582905 -0.085340087491015362 0.051141922551552865 -0.020957762183270109 0.34828765949808022 -0.032794262281808081 0.43155727813571221 0.41704564324708943 0.41659574800698246 0.38976348019059459 0.2167507841420083 -0.058909336306933457 -0.024654450469113361 0.26214928701148671 0.23873874749890941 0.061360244250454506 0.042226194198681351 0.4432211409126609 0.058969676099231538 0.20513386179041868 0.19310788877799931 0.43930269905489866 -0.059205412342500402 0.27171421100534904 0.44454606621227655
leaf_weight=3539.5653412863612 14.954019486904143 511.51821336150169 1514.381777651608 12.689671061933039 41.29726405441761 343.05197098106146 90378.758356675506 121.31730566173792 48.824811980128288 143.03044132888317 139.21293962746859 39.569767832756042 16520.208896532655 537.86452125012875 18.269217930734158 47.394494161009789 130.42007947713137 97.074011482298374 14.604058742523192 106.42837765067816 23.898460425436497 17.71891038864851 108.21724904328585 64.499725624918938 123.91777578741312 86.184129022061825 17.218977257609367 743.79987496882677 34.329633139073849 12.441750355064867
leaf_count=57070 130 4035 24647 207 382 2404 1474215 1757 709 1466 2264 421 108963 3783 251 521 2050 1393 207 1081 297 235 761 890 1362 911 147 11993 368 99
internal_value=-0.00378899 -0.0796227 0.0639509 -0.032698 0.406928 0.251243 -0.08293 -0.0428713 0.109295 0.209753 -0.084689 0.0699801 0.413845 0.340779 -0.0699492 0.12126 0.0299011 0.0545412 -0.0797136 0.282908 0.395966 0.428569 0.483659 0.131984 0.128954 0.115693 0.237924 -0.0849924 -0.0446059 0.192551
internal_weight=115553 97542.6 2196.35 1684.83 18010 766.204 95346.3 4010.6 386.811 388.266 91335.7 178.783 17243.8 723.63 3622.33 185.766 265.429 144.469 1528.99 121.382 379.392 155.845 120.907 82.7689 245.235 135.009 34.9379 91156.9 778.13 36.3402
internal_count=1705019 1582296 30239 26204 122723 7681 1552057 62796 4881 4585 1489261 2685 115042 6079 58211 2296 3670 1914 24854 1211 2800 1350 968 1141 3119 1620 382 1486576 12361 396
is_linear=0
shrinkage=0.08


Tree=2
num_leaves=31
num_cat=0
split_feature=7 1 14 7 7 5 7 4 11 7 4 1 11 5 0 4 16 2 8 5 2 6 5 11 7 2 16 11 5 7
split_gain=394889 6570.24 7050.6 3350.69 1487.42 2447.73 990.297 3175.6 613.156 527.296 619.179 423.888 370.581 335.666 277.323 258.345 234.087 214.21 200.204 433.219 336.149 327.197 300.907 198.021 172.719 158.27 154.386 146.999 137.202 135.238
threshold=0.68599441647529613 0.89022758603096019 0.68835875391960155 0.5397799313068391 0.78964132070541393 0.41728855669498449 1.0000000180025095e-35 0.58571431040763866 0.38750000298023229 0.63670033216476452 0.58571431040763866 0.79784947633743297 0.29285715520381933 0.56787469983100902 0.22401433438062671 0.31666667759418493 1.0000000180025095e-35 0.19433516263961795 0.74311000108718883 0.37232102453708654 0.22401433438062671 0.32305502891540533 0.17521929740905764 0.10555555671453477 0.48019607365131384 0.91010102629661571 1.0000000180025095e-35 0.29285715520381933 0.36788399517536169 1.0000000180025095e-35
decision_type=2 2 2 2 2 2 2 2 2 2 2 2 2 2 2 2 2 2 2 2 2 2 2 2 2 2 2 2 2 2
left_child=1 6 3 12 5 8 7 11 14 -8 16 25 -3 -9 23 17 -11 -10 19 20 21 -6 -22 -2 -14 -1 -5 -28 -13 -4
right_child=4 2 29 26 18 -7 9 13 15 10 -12 28 24 -15 -16 -17 -18 -19 -20 -21 22 -23 -24 -25 -26 -27 27 -29 -30 -31
leaf_value=-0.074409401861838698 0.43318285090883957 -0.083188156236249103 0.27169487809846937 0.31049715984727105 0.29350854338193016 0.29440877596757487 -0.084641126870065406 0.074450784627484931 0.26204854667712046 0.079925314811386261 0.28774037497656541 0.45788932833706908 0.0886911886953205 0.21624177850016657 -0.032331036366796483 0.39712171296187843 -0.063667807921671288 0.066558357572917518 0.30250656915532131 0.30137305368390527 0.05416680506653563 0.076855160602702532 0.22452386661704749 0.0784808256800376 0.57267108981312986 0.84163957190769811 0.031525128890103761 0.33085056459367906 0.063978474290824552 0.11880384752585904
leaf_weight=3294.4743839353323 13.487506989389656 1465.2289829365909 671.28301472961903 152.68505149334669 398.29313735663891 863.7732195109129 84293.341510340571 179.76093548536301 59.399987801909447 96.29148543253541 44.098605811595917 5.9836093112826338 13.595769982784988 263.45961857587099 256.13620214536786 31.165634505450726 296.05127943307161 90.571284499019384 19001.253104601055 1539.6549930088222 109.6720625422895 50.240132223814726 168.01871545612812 39.790428444743156 7.2280995622277251 1.2075403220951546 28.445242766290903 16.644751727581024 104.33800845593214 39.188345171511173
leaf_count=56711 90 25627 4159 906 2293 4936 1480902 2148 479 1512 336 67 173 2340 3582 217 4961 1098 99000 8108 1020 400 1150 350 70 19 358 95 1387 525
internal_value=-0.00447022 -0.0788494 0.051918 -0.037256 0.294649 0.213359 -0.0823841 -0.042698 0.0706444 -0.084187 0.0035197 -0.0689102 -0.0784256 0.158734 0.00221125 0.187541 -0.0284262 0.143987 0.299826 0.277349 0.226416 0.269241 0.157243 0.168275 0.256684 -0.0740738 0.272087 0.14202 0.0853434 0.263262
internal_weight=113595 90973.3 2394.3 1683.83 22621.5 1354.32 88579 3849.22 490.551 84729.8 436.441 3406 1486.05 443.221 309.414 181.137 392.343 149.971 21267.1 2265.88 726.224 448.533 277.691 53.2779 20.8239 3295.68 197.775 45.09 110.322 710.471
internal_count=1705019 1582296 31913 27229 122723 10752 1550383 62672 5816 1487711 6809 58184 25870 4488 4022 1794 6473 1577 111971 12971 4863 2693 2170 440 243 56730 1359 453 1454 4684
is_linear=0
shrinkage=0.08


Tree=3
num_leaves=31
num_cat=0
split_feature=7 1 7 10 10 16 14 0 1 14 10 0 0 10 2 10 1 16 0 6 11 1 0 2 11 16 2 14 7 2
split_gain=307066 5255.08 6029.67 2245.7 1892.42 1833.77 885.903 2379.71 556.007 429.49 388.264 228.17 208.866 206.93 247.564 201.031 522.754 333.867 395.885 175.039 173.459 149.119 157.595 146.604 121.588 117.579 114.86 111.263 104.927 99.7685
threshold=0.65733855962753307 0.88185444474220287 1.0000000180025095e-35 0.13100686669349673 0.29520697891712194 1.0000000180025095e-35 0.77823317050933849 0.94804319739341747 0.75513628125190746 0.57587876915931713 0.15075758099555972 0.89699381589889537 0.93908473849296581 0.26794873178005224 0.72036036849021923 0.42261904478073126 0.6926884949207307 1.0000000180025095e-35 0.22401433438062671 0.16823899745941165 0.29285715520381933 0.74210175871849071 0.19433516263961795 0.22401433438062671 0.23611111193895343 1.0000000180025095e-35 0.61836925148963939 0.57587876915931713 0.99783548712730419 0.8841681480407716
decision_type=2 2 2 2 2 2 2 2 2 2 2 2 2 2 2 2 2 2 2 2 2 2 2 2 2 2 2 2 2 2
left_child=1 6 -3 20 5 10 13 8 29 12 11 -2 23 -1 -15 16 17 -6 -19 -11 -4 22 -12 -7 25 -5 -9 -22 -21 -8
right_child=4 2 3 24 15 9 7 26 -10 19 21 -13 -14 14 -16 -17 -18 18 -20 28 27 -23 -24 -25 -26 -27 -28 -29 -30 -31
leaf_value=-0.084237661339457232 -0.0080354485279827709 0.2128180145704863 -0.082281972841887416 0.22392682758086807 0.21462924234311292 0.073635280367608968 -0.074907051565238691 0.029592600353906939 0.039033226120629483 0.21103271402658202 0.28108158586647342 0.21779893839179842 0.1941814334641043 -0.022635905171101794 0.32407879695514025 0.24345269871915423 0.24268679278674735 0.18025222862507159 -0.0064869300212632873 -0.001082391455542853 0.031144939671925075 0.25022386304918903 0.14561629089146202 -0.073150945991736938 0.28612677905426431 -0.002769950684957443 0.17300823007702326 0.42773752662802239 0.35551413750373806 0.43748049963565189
leaf_weight=78016.003653094172 77.085560958832502 820.61529751867056 1565.8311113938689 42.308426771312952 281.07739336043596 52.427807047963142 3133.0008259750903 40.507875733077526 302.66648399457335 82.433408632874489 73.891492992639542 45.552167989313602 24.540301121771336 98.467486418783665 15.217078559100626 22430.326491907239 1449.2529481388628 154.52648001164198 137.1386277154088 55.703915070742369 16.377839803695682 604.78426521643996 214.5505797713995 257.0691605322063 100.30944063887 22.392575640231371 303.65181829407811 6.256957169622182 5.8340386375784865 2.4339608177542678
leaf_count=1476895 793 4462 29361 257 1652 467 57402 520 4149 595 500 225 160 1681 137 103247 6817 834 1499 648 189 2905 2014 4095 529 296 2552 58 48 32
internal_value=-0.00478618 -0.078713 0.0338378 -0.0499237 0.235935 0.148524 -0.08225 -0.0444369 -0.0645138 0.0193111 0.209324 0.0758478 -0.0304728 -0.0840805 0.0237731 0.241275 0.217115 0.15241 0.092449 0.134818 -0.0791035 0.22765 0.180319 -0.0482858 0.230974 0.145469 0.156128 0.140775 0.0327244 -0.0745093
internal_weight=110432 84486 2574.09 1753.48 25946.2 1493.87 81911.9 3782.26 3438.1 478.009 1015.86 122.638 334.037 78129.7 113.685 24452.3 2022 572.743 291.665 143.971 1588.47 893.226 288.442 309.497 165.01 64.701 344.16 22.6348 61.538 3135.43
internal_count=1705019 1578520 35152 30690 126499 12450 1543368 64655 61583 6013 6437 1018 4722 1478713 1818 114049 10802 3985 2333 1291 29608 5419 2514 4562 1082 553 3072 247 696 57434
is_linear=0
shrinkage=0.08


Tree=4
num_leaves=31
num_cat=0
split_feature=7 15 15 16 7 5 4 5 15 2 6 15 8 1 6 1 1 16 0 16 15 16 6 7 4 5 0 2 15 15
split_gain=250756 11400.7 1528.43 1582.14 1394.56 1768.63 458.673 400.834 370.523 269.115 249.14 246.691 425.301 229.274 213.824 211.009 167.472 136.882 130.536 194.348 127.381 107.803 97.7397 94.3976 82.6621 80.0017 75.1448 96.1461 74.8715 54.9323
threshold=0.65733855962753307 0.88905301690101635 0.70271718502044689 1.0000000180025095e-35 0.75532880425453197 0.39827586710453039 0.77500000596046459 0.51389962434768688 0.28849306702613836 0.91458967328071605 0.17712418735027316 0.84755694866180431 0.76975053548812877 0.78142958879470836 0.16064515709877017 0.81120249629020702 0.79784947633743297 1.0000000180025095e-35 0.91331186890602123 1.0000000180025095e-35 0.28849306702613836 1.0000000180025095e-35 0.23582887649536136 0.71746492385864269 0.19090909510850909 0.63438084721565258 0.95713412761688244 0.89022758603096019 0.70271718502044689 0.75677746534347545
decision_type=2 2 2 2 2 2 2 2 2 2 2 2 2 2 2 2 2 2 2 2 2 2 2 2 2 2 2 2 2 2
left_child=1 2 -1 7 5 8 9 16 10 26 23 12 14 21 20 -5 -4 -16 19 28 -6 -10 -9 -2 -21 -8 27 -3 -7 -17
right_child=4 6 3 15 11 18 25 22 13 -11 -12 -13 -14 -15 17 29 -18 -19 -20 24 -22 -23 -24 -25 -26 -27 -28 -29 -30 -31
leaf_value=-0.083648448594618188 0.39892320264432429 -0.017869978966891187 0.019148429385713921 -0.066470399619970574 0.20691648712766256 0.40869504204849721 0.10232897614911161 0.19474124726564138 0.016971296214001487 0.18920528557133495 -0.0071254271796669377 0.20866107883897492 0.20381458727302801 0.32540233750467201 0.15452589455082408 -0.027136616664214151 0.23630324072044392 0.079316726918443201 0.21300547634962883 0.31295428030271294 0.14227140473130986 -0.068493761685428478 0.36764610074106679 0.17897480608858743 0.002680899000385234 0.1904465495289048 0.084924792627225285 0.13367183224501358 0.18094829940716117 0.086121824778992564
leaf_weight=75910.34353588894 20.130609303712845 127.0757162347436 153.49849130213261 854.96531775593758 455.58370943367481 10.270141471177338 71.815060473978519 183.69877511635423 148.2819343470037 129.02681937068701 37.416488081216812 21719.447255626321 3484.8306701630354 11.456145692616699 306.92425733804703 42.115125097334385 26.679665341973305 312.63247758150101 608.21659848466516 6.02314219623804 341.16965288296342 260.21491127833724 23.613187879323959 32.894636601209641 62.716274403035641 806.15559247136116 236.68428480625153 33.953912377357483 91.950812198221684 78.479557119309902
leaf_count=1547473 227 1665 2499 16240 2076 68 491 1232 1693 653 374 92371 15149 81 1809 639 242 2153 2766 35 1942 4450 241 170 654 4026 2066 215 481 838
internal_value=-0.00495205 -0.0780349 -0.0821408 0.00182299 0.201067 0.119819 0.14783 0.138581 0.00406071 0.0888117 0.15094 0.205003 0.188791 -0.0275714 0.151825 -0.052497 0.0513034 0.116575 0.195645 0.133884 0.179235 -0.0374705 0.214435 0.262476 0.0298679 0.183239 0.0562419 0.0140834 0.20383 0.0465687
internal_weight=106588 78678.1 77273.4 1363.05 27910.2 1289.57 1404.71 387.49 510.395 526.741 90.4417 26620.6 4901.14 419.953 1416.31 975.56 180.178 619.557 779.177 170.96 796.753 408.497 207.312 53.0252 68.7394 877.971 397.714 161.03 102.221 120.595
internal_count=1705019 1578520 1569404 21931 126499 10999 9116 4214 6995 4599 771 115500 23129 6224 7980 17717 2741 3962 4004 1238 4018 6143 1473 397 689 4517 3946 1880 549 1477
is_linear=0
shrinkage=0.08


Tree=5
num_leaves=31
num_cat=0
split_feature=7 15 0 10 16 1 15 11 5 14 4 16 5 1 10 6 0 16 4 10 5 10 5 1 1 11 1 7 6 10
split_gain=210742 10084.2 1688.4 1212.88 1067.33 483.889 376.219 984.045 317.001 282.454 222.957 218.553 207.011 489.614 534.228 255.244 195.724 169.949 144.139 141.621 135.499 125.622 112.852 108.285 78.6151 74.8491 104.422 97.5168 59.2662 57.113
threshold=0.65733855962753307 0.75677746534347545 0.92637759447097789 0.29520697891712194 1.0000000180025095e-35 0.82793453335762035 0.68563532829284679 0.29285715520381933 0.39827586710453039 0.55413547158241283 0.77500000596046459 1.0000000180025095e-35 0.2061157822608948 0.27334994077682501 0.54772728681564342 0.60660174489021312 0.19433516263961795 1.0000000180025095e-35 0.84523808956146251 0.19722222536802295 0.1465040594339371 0.18834459781646731 0.059262510389089591 0.92403846979141246 0.2362911254167557 0.41428571939468389 0.88185444474220287 0.81872946023941051 0.18257576227188113 0.26794873178005224
decision_type=2 2 2 2 2 2 2 2 2 2 2 2 2 2 2 2 2 2 2 2 2 2 2 2 2 2 2 2 2 2
left_child=1 6 5 4 8 17 29 11 16 18 23 19 13 -5 15 -15 -2 28 24 -8 -18 -11 -16 -4 -6 26 27 -14 -3 -1
right_child=3 2 10 12 9 -7 7 -9 -10 21 -12 -13 25 14 22 -17 20 -19 -20 -21 -22 -23 -24 -25 -26 -27 -28 -29 -30 -31
leaf_value=-0.083433272228093561 0.17812554594055247 0.089666165261412967 0.068025352325182906 0.17953823357010429 0.039810450477753861 0.11305718918771372 -0.00030027924196468573 0.2648179248379352 0.17893709975883987 0.0091772164588284008 0.1618971128507839 -0.076761390679439739 0.10671178290879116 -0.018790959692481443 0.095687992136727115 0.20944176131603287 -0.030148429076235068 -0.052525141618362213 0.15794087313384561 0.21960419877761739 0.09476025662373444 0.14350698903336573 0.18187218461087498 0.15649304635528599 -0.070552685126465758 0.18587003472099917 0.18400725634423823 0.16635828230219332 -0.0084540571981075781 -0.017545052884979356
leaf_weight=70073.214982632548 104.68732219189405 81.094799634069204 311.19006083533168 2283.0374411270022 50.215507615357637 190.43262812495232 115.07576232030988 67.344674039632082 831.00749833881855 74.311681892722845 991.70460421591997 575.33226781710982 195.06350279599428 225.96537457406521 139.28220809996128 36.41389087960124 90.489187680184841 533.65751454979181 22.840745486319065 22.389712393283844 144.08211427927017 111.2711865156889 322.12348506599665 123.7649818956852 232.88236481323838 19364.525540582836 3114.4032733589411 1742.3594843447208 76.622595876455307 84.298787411302328
leaf_count=1540721 594 1085 2662 9738 414 1394 1875 484 3563 760 4682 11911 1224 1837 640 219 1105 10212 119 204 1175 728 1337 556 3992 79112 12736 7206 1125 1609
internal_value=-0.00504086 -0.077385 0.0871636 0.177147 0.110783 0.000139519 -0.0827397 -0.027491 0.152333 0.0118536 0.140953 -0.0551082 0.181168 0.161362 0.104027 0.012884 0.0871684 -0.0309626 -0.0353793 0.0355167 0.046575 0.0897182 0.155856 0.0931985 -0.0509766 0.183608 0.174936 0.160353 0.0419972 -0.0833541
internal_weight=102331 73246.1 2308.47 29085 1661.79 881.808 70937.7 780.142 1170.27 491.521 1426.66 712.798 27423.2 3006.82 723.785 262.379 339.259 691.375 305.939 137.465 234.571 185.583 461.406 434.955 283.098 24416.4 5051.83 1937.42 157.717 70157.5
internal_count=1705019 1578520 21716 126499 12450 13816 1556804 14474 6437 6013 7900 13990 114049 13771 4033 2056 2874 12422 4525 2079 2280 1488 1977 3218 4406 100278 21166 8430 2210 1542330
is_linear=0
shrinkage=0.08


Tree=6
num_leaves=31
num_cat=0
split_feature=7 15 0 10 0 4 11 4 11 16 15 7 11 2 16 2 15 11 16 6 2 10 16 2 16 6 10 7 6 16
split_gain=180533 9213.97 1707.22 1033.16 763.585 291.293 278.59 312.407 290.612 266.631 230.613 475.196 248.821 205.219 164.428 160.644 153.14 650.226 159.663 128.859 116.511 101.696 101.285 99.0395 90.0845 83.9285 79.1675 64.6779 61.7484 57.8968
threshold=0.65733855962753307 0.72745248675346386 0.89386734366416942 0.26794873178005224 0.89386734366416942 0.81666666269302379 0.29285715520381933 0.095454547554254546 0.095454547554254546 1.0000000180025095e-35 0.78766316175460827 0.81872946023941051 0.52777779102325451 0.91458967328071605 1.0000000180025095e-35 0.56294015049934398 0.6671043634414674 0.29285715520381933 1.0000000180025095e-35 0.16823899745941165 0.87206766009330761 0.55902779102325451 1.0000000180025095e-35 0.45115855336189276 1.0000000180025095e-35 0.17445652186870578 0.19722222536802295 0.88949939608573925 0.4016129076480866 1.0000000180025095e-35
decision_type=2 2 2 2 2 2 2 2 2 2 2 2 2 2 2 2 2 2 2 2 2 2 2 2 2 2 2 2 2 2
left_child=1 16 9 4 6 13 7 8 -2 25 11 12 14 24 -5 19 -1 22 -19 -8 -11 29 26 -14 -4 -3 -18 -9 -17 -13
right_child=3 2 5 10 -6 -7 15 27 -10 20 -12 21 23 -15 -16 28 17 18 -20 -21 -22 -23 -24 -25 -26 -27 -28 -29 -30 -31
leaf_value=-0.083056006580768657 0.25592607922075328 0.097861519905567199 0.086241880055114142 0.10593642993435261 0.15868445790559366 0.13942849231715615 0.11528829332851864 -0.057777505974923989 0.0026021055156958024 -0.053537812877191622 0.16604846147066693 0.15225636803765435 0.0899956802589576 0.14741715551817394 -0.012595605127457006 0.1577168638688938 -0.021274546982870235 0.3737889917604692 0.037533691389429948 -0.00043036667806885639 0.15264215279192173 0.16356934071601359 -0.079167469913165936 0.20206084026623697 0.015528765670715313 -0.0050083403165224376 0.18214120127745706 0.1603516458434914 0.37760782801729098 0.11325116143800068
leaf_weight=64836.124562360346 47.54423226416111 124.32103101164103 197.58434027060866 118.38102653622627 605.14234772324562 1127.3292984329164 121.9148546718061 282.58681558072567 74.238413479179144 631.69869608059525 23978.836364232004 508.96571582555771 104.41424582898617 170.00549079477787 203.92568674683571 89.080718893557787 102.90020846948028 27.574005149304867 13.443608015775679 124.45794427022338 18.042013809084892 2807.7226620018482 544.56084914505482 97.695524010807276 276.86410969868302 85.783577993512154 13.898916158825157 8.976123206317423 8.9988256320357305 467.03807258605957
leaf_count=1537579 264 1387 1559 734 2606 5186 834 3968 733 12668 96341 2158 742 776 2209 528 2010 245 226 1355 162 11374 12460 477 2857 1236 169 52 60 2064
internal_value=-0.00508467 -0.0767599 0.0700151 0.159709 0.0916762 0.114903 0.0381665 -0.00611314 0.1015 -0.0224798 0.162987 0.145945 0.0745773 0.0720007 0.0309404 0.0913025 -0.0826535 -0.0454992 0.263581 0.0568317 -0.0478126 0.155837 -0.0646684 0.144166 0.0449773 0.0558608 0.00293161 -0.0510621 0.177892 0.133592
internal_weight=97820.1 68170.1 2631.63 29649.9 1362.94 1771.78 757.798 413.346 121.783 859.845 28287 4308.14 524.416 644.454 322.307 344.452 65538.5 702.378 41.0176 246.373 649.741 3783.73 661.36 202.11 474.448 210.105 116.799 291.563 98.0795 976.004
internal_count=1705019 1578520 25831 126499 10400 10378 7794 5017 997 15453 116099 19758 4162 5192 2943 2777 1552689 15110 471 2189 12830 15596 14639 1219 4416 2623 2179 4020 588 4222
is_linear=0
shrinkage=0.08


Tree=7
num_leaves=31
num_cat=0
split_feature=7 15 5 10 15 2 1 0 11 5 4 6 5 2 10 15 15 11 2 4 11 11 1 0 5 6 6 1 14 11
split_gain=156668 8474.66 1371.07 908.687 864.154 368.806 252.691 242.348 208.055 304.403 181.608 160.57 155.034 335.7 348.998 179.857 154.192 504.681 148.182 95.6535 93.0153 87.2686 162.197 91.7066 85.6333 84.0672 71.6501 66.62 88.4432 61.3324
threshold=0.65733855962753307 0.72745248675346386 0.56787469983100902 0.32666666805744177 0.78766316175460827 0.22401433438062671 0.83424907922744762 0.99532711505889904 0.38750000298023229 0.15821565687656405 0.81666666269302379 0.20638945698738101 0.20722186565399173 0.25844402611255651 0.55902779102325451 0.72745248675346386 0.6671043634414674 0.29285715520381933 0.92084378004074108 0.077380955219268813 0.10555555671453477 0.23611111193895343 0.84028983116149913 0.94804319739341747 0.041960094124078758 0.18257576227188113 0.29217478632926946 0.90054944157600414 0.38645912706851965 0.43650794029235845
decision_type=2 2 2 2 2 2 2 2 2 2 2 2 2 2 2 2 2 2 2 2 2 2 2 2 2 2 2 2 2 2
left_child=1 16 6 4 5 11 7 25 19 -10 18 -2 13 -5 15 -15 -1 27 26 -7 -13 22 23 -6 -16 -3 -4 -18 -29 -14
right_child=3 2 10 12 21 8 -8 -9 9 -11 -12 20 29 14 24 -17 17 -19 -20 -21 -22 -23 -24 -25 -26 -27 -28 28 -30 -31
leaf_value=-0.082711099204161448 0.13773446844542003 -0.0091941375140923952 0.024762841412892863 0.14907247781034461 -0.011529603549043827 0.032681008242074525 0.1235597512097887 0.062629866166940551 -0.040495009550148772 0.17865997398750755 0.12670460216771989 0.31864386017367158 0.14440108000072843 -0.0095591511819184908 0.079657121626137292 0.18434681497302599 -0.070389696324971607 0.20680046112194872 0.13680544978364087 -0.052823671168995522 0.0010132924957438247 0.15919132807922962 0.14646966226382724 0.12595533211261623 0.14855625633036684 -0.062860655155913547 0.1132513400924524 -0.014815055424311574 0.30994007361303122 0.15428564111258208
leaf_weight=60090.759675309062 251.07623549550772 321.04814744740725 296.03669614344835 2232.4481982588768 82.84626229852438 114.77048322185874 84.495486080646515 180.36178382486105 75.900798048824072 87.122209686785936 1123.9665593355894 6.2750600501894942 5054.3052306771278 238.25151911750436 169.49537256360054 35.128177106380463 581.11489714309573 47.646801222115755 148.93737384304404 309.63991000130773 98.855414275079966 717.37443616986275 296.40632542222738 49.664978571236134 362.07306253165007 446.78019585460424 73.005071233958006 36.049376916140318 6.3058172129094592 19584.656273216009
leaf_count=1537579 1205 5875 2553 9088 494 1315 587 1589 952 519 4916 36 20485 1668 714 160 13938 471 649 4704 828 2923 1229 233 1455 9131 531 631 70 78491
internal_value=-0.00510149 -0.0761504 0.0632182 0.146315 0.0954492 0.0387517 -0.00900601 -0.0208193 -0.000193815 0.0766251 0.108643 0.102978 0.150156 0.133102 0.0888107 0.015357 -0.0822852 -0.0441514 0.0694508 -0.0297012 0.0199721 0.142123 0.113576 0.0399995 0.126587 -0.0404213 0.0422679 -0.0633297 0.0335343 0.152258
internal_weight=93202.8 63436.5 2674.63 29766.3 2089.93 943.64 1032.69 948.19 587.433 163.023 1641.95 356.207 27676.4 3037.4 804.948 273.38 60761.9 671.117 517.979 424.41 105.13 1146.29 428.918 132.511 531.568 767.828 369.042 623.47 42.3552 24639
internal_count=1705019 1578520 25831 126499 14438 9559 17182 16595 7490 1471 8649 2069 112061 13085 3997 1828 1552689 15110 3733 6019 864 4879 1956 727 2169 15006 3084 14639 701 98976
is_linear=0
shrinkage=0.08


Tree=8
num_leaves=31
num_cat=0
split_feature=7 15 1 10 1 0 11 7 9 15 11 1 2 2 7 2 15 4 11 1 11 0 7 4 0 11 11 14 2 15
split_gain=137300 7827.72 1119.18 838.92 890.068 356.968 331.094 275.742 180.61 155.867 413.979 134.878 88.539 86.2682 181.782 167.724 100.647 85.9851 67.0561 64.5688 171.338 745.227 90.3864 61.7276 61.7346 60.5258 52.6308 52.3627 52.1704 112.046
threshold=0.65733855962753307 0.72745248675346386 0.79784947633743297 0.36038962006568914 0.79784947633743297 0.94570022821426403 0.52777779102325451 0.86166355013847362 0.73350083827972423 0.6671043634414674 0.23611111193895343 0.93788579106330883 0.71081870794296276 0.53694942593574535 0.88949939608573925 0.19433516263961795 0.70271718502044689 0.41428571939468389 0.17424242943525317 0.14389234036207202 1.0000000180025095e-35 0.15535445511341098 0.5966327190399171 0.15476191043853763 0.22401433438062671 0.43650794029235845 0.29285715520381933 0.3891009390354157 0.27812939882278448 0.59786736965179454
decision_type=2 2 2 2 2 2 2 2 2 2 2 2 2 2 2 2 2 2 2 2 2 2 2 2 2 2 2 2 2 2
left_child=1 9 5 4 6 17 7 8 -2 19 -11 12 -4 14 15 -5 -17 -3 -7 20 21 -1 -22 24 -8 27 -14 -12 -16 -30
right_child=3 2 11 13 -6 18 23 -9 -10 10 25 -13 26 -15 28 16 -18 -19 -20 -21 22 -23 -24 -25 -26 -27 -28 -29 29 -31
leaf_value=2.0761987552941834 -0.0027199364217466455 -0.058138132685862369 -0.024149819139633592 0.12903671748278447 0.13936418995848315 0.062573929537761752 0.13694738272157536 0.10167022101616775 0.14847836915241019 -0.063761104901364524 -0.015851659419494523 0.12156013911519267 0.078237596318588981 0.14176558167152439 0.14300295163647833 0.0050927783830804563 0.12435496630406719 -0.0012344228555641521 0.25699145436468951 -0.08258758688727115 -0.067718098178618014 -0.083122847784568424 0.09031754146956536 0.18117685004818046 0.048595455387936019 0.22293980907097216 0.17442854911313774 0.21970578527763976 0.070288314649667671 0.13804835900678067
leaf_weight=1.2966493628919114 794.48145806416869 478.23082705587149 52.912071891129017 246.84382618963718 1389.3606079667807 244.32271252572536 123.47554645687342 255.72396239638329 53.999023322016001 579.74676506593823 17.90308585762978 773.71995835751295 838.75981849804521 23606.179341025651 1888.9443499296904 179.73603672161698 60.54165231436491 263.64142945408821 11.907301381230353 55378.951940521598 269.99003394320607 4.8451209738850594 25.335280798375607 86.187860153615475 85.775495082139969 35.064485467970371 38.055913120508194 9.1143170259892923 221.43094554543495 530.01205524802208
leaf_count=35 8604 10534 419 1011 5783 1929 603 1265 272 14469 282 3159 4947 95711 7624 1166 273 4615 64 1529289 7461 134 660 383 745 267 164 92 919 2140
internal_value=-0.00510038 -0.0755542 0.0574691 0.135756 0.0940037 -0.00979918 0.0489764 0.02885 0.00690263 -0.0819347 -0.0427363 0.0968837 0.0763479 0.140111 0.127626 0.0827225 0.0351427 -0.0379161 0.0716087 -0.0823866 -0.0454631 0.372753 -0.0541606 0.124199 0.10073 0.153603 0.0824125 0.0636136 0.13591 0.118081
internal_weight=88546.5 59023.8 2701.55 29522.7 2789 998.102 1399.64 1104.2 848.48 56322.2 641.829 1703.45 929.728 26733.7 3127.51 487.122 240.278 741.872 256.23 55680.4 301.467 6.14177 295.325 295.439 209.251 62.0819 876.816 27.0174 2640.39 751.443
internal_count=1705019 1578520 25831 126499 17655 17142 11872 10141 8876 1552689 15110 8689 5530 108844 13133 2450 1439 15149 1993 1537579 8290 169 8121 1731 1348 641 5111 374 10683 3059
is_linear=0
shrinkage=0.08


Tree=9
num_leaves=31
num_cat=0
split_feature=7 15 5 10 16 0 0 16 5 0 4 6 15 11 5 16 5 0 6 15 16 16 10 15 11 10 0 11 7 4
split_gain=121175 7257.03 938.404 791.934 798.91 267.527 273.739 210.831 207.841 198.999 192.306 160.69 157.541 346.449 117.525 107.377 103.704 239.873 254.611 244.421 96.5101 87.94 86.32 79.7134 79.4565 68.7426 63.5227 153.087 76.6831 59.4421
threshold=0.65733855962753307 0.72745248675346386 0.51639783382415783 0.36038962006568914 1.0000000180025095e-35 0.94360822439193737 0.22401433438062671 1.0000000180025095e-35 0.29459981620311743 0.22401433438062671 0.77500000596046459 0.2149859964847565 0.6671043634414674 0.23611111193895343 0.07435046881437303 1.0000000180025095e-35 0.19204425811767581 0.24316334724426272 0.52803984284400951 0.70271718502044689 1.0000000180025095e-35 1.0000000180025095e-35 0.15894736349582675 0.84755694866180431 0.17424242943525317 0.21583850681781772 0.15535445511341098 1.0000000180025095e-35 0.5966327190399171 0.41428571939468389
decision_type=2 2 2 2 2 2 2 2 2 2 2 2 2 2 2 2 2 2 2 2 2 2 2 2 2 2 2 2 2 2
left_child=1 12 7 4 8 6 11 -3 9 -2 20 -6 26 21 -11 -15 17 -5 19 -19 -4 25 24 -8 -10 -14 27 -1 -29 -9
right_child=3 2 10 16 5 -7 23 29 22 14 -12 -13 13 15 -16 -17 -18 18 -20 -21 -22 -23 -24 -25 -26 -27 -28 28 -30 -31
leaf_value=0.33861137632797444 0.12458210984333003 0.04599409148990681 0.08397550724096936 0.13112343398026424 0.097134898064264327 0.12436890401415263 -0.052799325156285389 -0.061377599763227923 -0.006448864916124725 -0.055347138358632871 0.10310151012550028 -0.036259579779298966 -0.014736927386993986 0.20420852243053156 0.062598928297133039 -0.0092360395991884069 0.13315797221902576 0.0035663859989749115 0.13412859151542872 0.13741675773276305 0.023329350168214465 -0.077736935607436983 0.13281039136880288 0.086086328184011504 0.12304025845011611 0.2282694278696896 -0.082300718008821688 -0.067155362719082762 0.070711586465012452 -0.0083659684470225436
leaf_weight=6.486872784793376 183.26381322368979 236.40146570652723 298.89490225166082 2030.8738992810249 205.76351688429713 131.92989778518677 370.31381883472204 394.60627096146345 56.792669646441936 95.01126116886735 1199.3596831075847 80.370123133063316 94.640298675745726 43.786443881690502 125.4707994684577 23.011310953646898 23456.47385975346 325.15207568183541 308.20812115818262 119.36641198396683 383.2944057546556 444.36229663342237 1443.8746102303267 28.482462197542191 65.082984641194344 8.0868583060801011 51277.798234801739 274.07051537930965 28.505691066384315 206.0650652050972
leaf_count=37 901 2759 1842 8352 950 570 5756 9164 310 1014 5114 615 2054 287 1061 354 96990 1685 1321 496 3663 12332 6068 128 282 83 1528779 8074 689 3289
internal_value=-0.00509025 -0.0749668 0.0524629 0.127119 0.0865684 0.0200527 -4.04973e-05 -0.0180042 0.114156 0.0629781 0.0838127 0.0596666 -0.0816033 -0.0413155 0.011773 0.130679 0.131425 0.116826 0.0782516 0.0395092 0.0499009 -0.0623154 0.127353 -0.04288 0.0626998 0.00439295 -0.0820828 -0.045923 -0.0541669 -0.0431915
internal_weight=83945.8 54919.4 2718.62 29026.4 2786.36 816.86 684.93 837.073 1969.5 403.746 1881.55 286.134 52200.7 613.887 220.482 66.7978 26240.1 2783.6 752.727 444.518 682.189 547.089 1565.75 398.796 121.876 102.727 51586.9 309.063 302.576 600.671
internal_count=1705019 1578520 25831 126499 17655 8019 7449 15212 9636 2976 10619 1565 1552689 15110 2075 641 108844 11854 3502 2181 5505 14469 6660 5884 592 2137 1537579 8800 8763 12453
is_linear=0
shrinkage=0.08


Tree=10
num_leaves=31
num_cat=0
split_feature=7 14 0 10 16 7 16 2 5 7 2 5 5 14 4 0 1 6 10 6 11 1 7 0 10 1 11 5 6 2
split_gain=107561 3741.99 2634.01 984.218 609.679 343.096 459.14 287.1 242.313 424.698 276.395 213.78 201.852 161.828 158.97 139.562 139.156 135.429 105.613 103.245 91.4501 134.479 93.2612 80.3732 69.1678 465.448 80.4078 67.8981 62.4734 60.8734
threshold=0.63670033216476452 0.77823317050933849 0.84134247899055492 0.26794873178005224 1.0000000180025095e-35 0.58753529191017162 1.0000000180025095e-35 0.86391696333885204 0.24509049206972125 0.88949939608573925 0.22401433438062671 0.40651482343673712 0.26953603327274328 0.55413547158241283 0.58571431040763866 0.67826876044273388 0.75513628125190746 0.60660174489021312 0.15075758099555972 0.22611077129840854 0.41428571939468389 0.8521554470062257 0.84262126684188854 0.12732185423374179 0.13840996474027636 0.84028983116149913 0.23611111193895343 0.65571120381355297 0.16823899745941165 0.19433516263961795
decision_type=2 2 2 2 2 2 2 2 2 2 2 2 2 2 2 2 2 2 2 2 2 2 2 2 2 2 2 2 2 2
left_child=1 5 16 4 11 24 12 14 9 10 19 18 23 -6 -4 -14 -3 -12 -2 -5 21 22 -10 -7 -1 27 -27 -26 -15 -20
right_child=3 2 7 8 13 6 -8 -9 20 -11 17 -13 15 28 -16 -17 -18 -19 29 -21 -22 -23 -24 -25 25 26 -28 -29 -30 -31
leaf_value=-0.082365876443304731 -0.041524688240588151 -0.07112137820653644 -0.017651560162785473 0.12362248619954815 -0.052912679362807469 0.24668086080639293 -0.070569062837558719 0.091172266095125187 0.05766184999169098 0.1181373711524136 -0.018659060818834169 0.11701321860445837 0.71483115213803106 0.081807769795982158 0.054472944046386911 0.12348572745872032 0.028975040486542553 0.11353810773370343 0.11906649839132376 0.031961138124974676 0.12831042966854039 0.12511940713104844 0.10649001069590411 -0.054755137300631022 -0.076276661619278374 0.042972255777438274 0.21650412018140805 0.19052099762199973 -0.014261666441540737 0.038126487981276831
leaf_weight=45025.346727780998 78.193327996879816 1847.3714625239372 295.54397762939334 279.76955733075738 304.29720436036587 6.1739688143134108 412.41963298246264 1127.5125502105802 309.93646716326475 2633.1861467659473 319.81868814677 693.46706234291196 2.6058363839983931 106.79016790166497 578.25740718096495 129.05032178759575 93.381570145487785 58.69895825535059 87.218422591686249 109.3989149928093 18551.707604825497 3428.0109848380089 1302.0711125284433 68.149580035358667 1237.7223306950182 31.065963443368673 37.983540318906307 6.135090257972478 72.891667157411575 186.90260699391365
leaf_count=1450349 848 54128 4957 1196 5902 127 11917 4968 1730 11015 2901 2965 75 641 3758 936 1412 349 451 588 78972 14505 5418 2085 39393 468 216 114 821 1814
internal_value=-0.00507008 -0.0747632 0.000101108 0.119299 0.0568743 -0.0810481 -0.0218532 0.0644978 0.122836 0.102873 0.0505146 0.0912319 0.0756874 -0.0173654 0.0300784 0.13519 -0.0663051 0.00184153 0.0404859 0.0978556 0.125714 0.116158 0.0971019 -0.0297152 -0.0818381 -0.0637379 0.138431 -0.0749607 0.0428352 0.0638796
internal_weight=79421.1 50898.7 3942.07 28522.4 1529.76 46956.7 618.399 2001.31 26992.6 3400.87 767.686 1045.78 205.98 483.979 873.801 131.656 1940.75 378.518 352.314 389.168 23591.7 5040.02 1612.01 74.3235 46338.3 1312.91 69.0495 1243.86 179.682 274.121
internal_count=1705019 1574903 69223 130116 13442 1505680 15140 13683 116674 16049 5034 6078 3223 7364 8715 1011 55540 3250 3113 1784 100625 21653 7148 2212 1490540 40191 684 39507 1462 2265
is_linear=0
shrinkage=0.08


Tree=11
num_leaves=31
num_cat=0
split_feature=7 15 10 0 16 1 5 7 2 5 14 15 11 15 16 10 11 1 2 1 6 7 16 2 5 2 7 7 2 5
split_gain=95904.6 6014.83 922.362 634.64 616.094 258.05 206.844 314.338 236.242 203.225 180.292 143.502 255.77 122.504 107.731 101.937 89.2149 123.27 86.3574 86.294 83.8051 83.213 74.9362 72.8936 134.907 72.7409 63.7925 63.3649 55.8099 63.0407
threshold=0.63670033216476452 0.72745248675346386 0.29520697891712194 0.94570022821426403 1.0000000180025095e-35 0.76569479703903209 0.21644144505262378 0.88949939608573925 0.22401433438062671 0.40651482343673712 0.57587876915931713 0.6671043634414674 0.23611111193895343 0.72745248675346386 1.0000000180025095e-35 0.15075758099555972 0.41428571939468389 0.86391696333885204 0.68870675563812267 0.89512962102890026 0.28165064752101904 0.97067421674728405 1.0000000180025095e-35 0.27812939882278448 0.068337485194206252 0.19433516263961795 0.78964132070541393 0.9656854271888734 0.87206766009330761 0.74239632487297069
decision_type=2 2 2 2 2 2 2 2 2 2 2 2 2 2 2 2 2 2 2 2 2 2 2 2 2 2 2 2 2 2
left_child=1 11 4 5 9 14 7 8 20 15 19 -1 22 -10 -3 -2 17 21 -5 25 -4 -8 -13 -9 -25 -6 -17 -12 -7 -30
right_child=2 3 6 18 10 28 16 23 13 -11 27 12 -14 -15 -16 26 -18 -19 -20 -21 -22 -23 -24 24 -26 -27 -28 -29 29 -31
leaf_value=-0.081613437941602862 -0.039366810477321969 0.021477848419466969 0.11405856270929432 0.01871494722287835 0.02140689224204791 0.014128937601484301 0.082053534917976498 0.11863599664838612 -0.022337889303640255 0.11217192530095881 0.032631578231431306 0.0039513291985719652 0.11306560867068548 0.1473740793949479 -0.059070640877456136 0.03138325272485229 0.12242561082690134 0.11960511526368088 0.082790663923959951 0.096631215182973268 0.021403493404775906 0.12195449655384437 -0.076196324568901894 0.030125398539191734 0.11307112383899984 -0.068887712975346779 0.099862659026871692 0.15288536794606472 0.091314026728725892 -0.0024188708163037274
leaf_weight=44185.783723458648 75.974978558719158 139.95814947411418 268.02729833126068 149.14217847958207 71.072063282132149 289.72618403285742 1239.9207778424025 1844.8289701789618 263.84829080104828 860.80231173336506 156.33681400492787 93.606489922851324 61.997017104178667 30.352603271603584 441.48424501344562 189.47612664103508 17930.011617563665 3119.170506298542 1381.9913517124951 27.195773921906948 81.464952122420073 458.09019875526428 368.87069182284176 186.63629610836506 383.08080399781466 290.44801901653409 161.07376568764448 34.173376746475697 173.66439911723137 62.429655738174915
leaf_count=1535280 848 2079 1147 1141 559 3222 5564 7923 2221 3732 1249 2035 557 140 11462 1847 79023 13640 6230 120 408 1953 11777 765 1629 6357 838 153 836 284
internal_value=-0.00504418 -0.0741931 0.113274 0.0431834 0.0589674 -0.00295526 0.117203 0.0976689 0.0479946 0.0897974 -0.00955202 -0.0811197 -0.0395196 -0.00482876 -0.0396819 0.0446416 0.119829 0.110163 0.0765493 -0.0407982 0.0924611 0.092818 -0.0599742 0.110912 0.0858985 -0.0511365 0.0628488 0.0542025 0.0376564 0.0665285
internal_weight=75020.6 47348.7 27672 2638.4 1866.55 1107.26 25805.4 3058.24 643.693 1287.33 579.226 44710.3 524.474 294.201 581.442 426.525 22747.2 4817.18 1531.13 388.716 349.492 1698.01 462.477 2414.55 569.717 361.52 350.55 190.51 525.82 236.094
internal_count=1705019 1574903 130116 25254 15703 17883 114413 14233 3916 7265 8438 1549649 14369 2361 13541 3533 100180 21157 7371 7036 1555 7517 13812 10317 2394 6916 2685 1402 4342 1120
is_linear=0
shrinkage=0.08


Tree=12
num_leaves=31
num_cat=0
split_feature=10 15 10 16 1 10 16 5 1 1 4 5 2 1 16 5 1 6 15 6 2 11 6 11 1 1 15 6 2 11
split_gain=84564.8 6896.24 582.84 779.331 537.388 313.372 332.55 341.017 275.217 239.508 234.784 188.302 192.729 167.01 137.104 117.625 212.315 200.484 234.023 117.413 103.468 91.7577 68.7261 65.0038 82.7158 61.9469 56.3144 55.9887 49.5874 49.5239
threshold=0.22902098298072818 0.75677746534347545 0.36038962006568914 1.0000000180025095e-35 0.85880398750305187 0.13100686669349673 1.0000000180025095e-35 0.31296642124652868 0.79784947633743297 0.21778655797243121 0.58571431040763866 0.19586530327796939 0.24283374845981601 0.14389234036207202 1.0000000180025095e-35 0.20722186565399173 0.25176055729389196 0.55217784643173229 0.70271718502044689 0.2299679517745972 0.14415584504604342 0.23611111193895343 0.16064515709877017 0.43650794029235845 0.88185444474220287 0.95101958513259899 0.6671043634414674 0.65821567177772533 0.85867896676063549 0.17424242943525317
decision_type=2 2 2 2 2 2 2 2 2 2 2 2 2 2 2 2 2 2 2 2 2 2 2 2 2 2 2 2 2 2
left_child=1 5 3 11 10 -1 7 13 9 19 14 12 -2 -7 -3 16 -4 18 -18 -5 22 -9 -8 24 -17 28 -13 -14 -6 -12
right_child=2 4 15 8 25 6 20 21 -10 -11 29 26 27 -15 -16 23 17 -19 -20 -21 -22 -23 -24 -25 -26 -27 -28 -29 -30 -31
leaf_value=-0.081479978826800498 0.10648510303517704 0.030665377261614286 0.11137201429991812 0.083882748782897781 -0.0015796430144812926 0.0780399945138259 0.049564046347751807 0.041875199210505684 0.099869562204579376 -0.056696007147455083 0.04011217240229905 0.2066294849228818 -0.051132948115444499 -0.055687554385631721 -0.044891740554384482 0.092624221476481972 -0.0092492262565901217 0.11429789049037732 0.11318439241595096 -0.047575357462852699 -0.078936734540795361 0.16731949201119112 -0.061786866303139718 0.11741294180195 0.11530963612907398 0.096583391121736306 0.11486314018382843 0.15482907953516029 0.070820986435966723 0.12239993622471303
leaf_weight=39995.829538807273 135.26111619360745 227.20148518681526 1940.3367582261562 158.61782245524228 66.535439506173134 71.526060650125146 70.517830790951848 72.573522446677089 155.82759021222591 391.60667430236936 582.27953200787306 44.473962282761931 105.19296633265913 363.63829153776169 475.11982916295528 1692.9532641544938 320.3629712164402 283.20278407633305 145.20337484031916 59.905555175617337 1127.0621952172369 76.819905661046505 71.384844643995166 16857.30337561667 2621.5891038328409 784.21932435035706 1136.3470874689519 9.1845970638096315 672.26788400113583 50.900221660733223
leaf_count=1496974 886 2292 8659 868 345 970 977 1027 813 8927 3865 329 1792 10802 10718 7468 1796 1255 638 704 39594 657 1758 77362 11925 3236 5155 100 2905 222
internal_value=-0.00501319 -0.071778 0.109538 0.0701031 0.0484422 -0.0799897 -0.0478321 0.00209434 0.00498091 -0.0192537 0.0114002 0.104974 0.0418465 -0.0337073 -0.020449 0.113169 0.097408 0.061222 0.028936 0.0478451 -0.070831 0.10638 -0.00645158 0.11517 0.106408 0.0809234 0.118319 -0.0345941 0.0643007 0.0467271
internal_weight=70765.2 44707.9 26057.4 2196.42 2858.52 41849.4 1853.52 584.558 765.958 610.13 1335.5 1430.46 249.639 435.164 702.321 23861 2689.11 748.769 465.566 218.523 1268.96 149.393 141.903 21171.8 4314.54 1523.02 1180.82 114.378 738.803 633.18
internal_count=1705019 1576342 128677 19574 23583 1552759 55785 13456 11312 10499 17097 8262 2778 11772 13010 109103 12348 3689 2434 1572 42329 1684 2735 96755 19393 6486 5484 1892 3250 4087
is_linear=0
shrinkage=0.08


Tree=13
num_leaves=31
num_cat=0
split_feature=7 15 10 1 1 16 2 4 10 5 10 2 16 6 2 16 15 12 16 5 1 14 6 4 5 5 6 5 0 7
split_gain=77089.8 5276.09 818.985 678.027 560.492 288.4 241.978 221.604 136.981 121.533 185.796 125.807 132.787 112.59 107.706 83.4474 75.5356 192.665 130.909 62.8682 53.2135 79.7172 103.319 50.8661 72.1337 53.7845 49.8843 44.5075 40.3556 37.3484
threshold=0.63670033216476452 0.70271718502044689 0.36038962006568914 0.79784947633743297 0.79784947633743297 1.0000000180025095e-35 0.22401433438062671 0.41428571939468389 0.19722222536802295 0.29912281036376959 0.55902779102325451 0.19433516263961795 1.0000000180025095e-35 0.2522727251052857 0.93405798077583324 1.0000000180025095e-35 0.64891251921653759 1.0000000180025095e-35 1.0000000180025095e-35 0.42146381735801702 0.14389234036207202 0.48089094460010534 0.16064515709877017 0.77500000596046459 0.45972973108291632 0.63438084721565258 0.32173123955726629 0.27130751311779028 0.96051946282386791 0.50125628709793102
decision_type=2 2 2 2 2 2 2 2 2 2 2 2 2 2 2 2 2 2 2 2 2 2 2 2 2 2 2 2 2 2
left_child=1 16 3 5 7 8 13 15 -2 10 11 26 -13 -7 23 -3 20 -18 29 -9 21 -1 -23 24 -6 -25 -4 -10 -8 -19
right_child=2 4 9 -5 14 6 28 19 27 -11 -12 12 -14 -15 -16 -17 17 18 -20 -21 -22 22 -24 25 -26 -27 -28 -29 -30 -31
leaf_value=-0.066645413155156735 0.0016591336198805663 0.019693075758342327 0.10609665530582216 0.10538039620070007 0.12613912834542584 0.068889574056298294 -0.058334896693265623 -0.020598243944012586 0.055322095397028592 0.11106888290571167 0.10554837436787372 0.070111345600117683 -0.019327260089843503 -0.049705931026680195 0.084506473370311128 -0.067379667162109108 -0.068671816933534607 0.39827240198308944 -0.038362410389100939 0.038952679371867867 -0.081493647273245193 0.19258182700144763 -0.050454565363218594 -0.023714070006498892 0.016809540201051066 0.068865490947548069 0.021603594178371443 0.098478154074310514 0.075742032467839879 0.15428517289033714
leaf_weight=177.72410806640983 203.65478900074959 85.116746824234724 332.22896551340818 1290.0009048823267 42.141516270115972 231.10109482891858 375.80041078850627 160.39105802960694 298.93605653941631 19677.23782049492 2385.1137658953667 248.37593089044094 185.6483375839889 65.824846509844065 714.30489841103554 408.56115037761629 497.5821151137352 4.6699208579957476 31.842195132747293 387.73253045044839 37410.627322306857 19.291901145130396 26.672745188698173 43.724928660318255 462.55087971314788 492.75461028330028 51.675912797451019 313.16683834418654 14.938432466238735 28.644304249435663
leaf_count=6586 1780 1444 1487 6092 336 1135 7826 2775 2176 93935 10935 1143 1218 616 3067 12529 18587 55 902 4345 1516810 541 959 257 3260 2147 224 1459 90 303
internal_value=-0.00498048 -0.0730593 0.103724 0.0628313 0.0329957 0.0263223 -0.0118404 -0.0134892 0.0584926 0.108717 0.0942652 0.0613631 0.0318551 0.0425984 0.0605825 -0.0523671 -0.080826 -0.0517329 0.0776247 0.021527 -0.081261 -0.0423579 0.0515507 0.0441693 0.0259385 0.0613199 0.0947234 0.0774018 -0.053209 0.188487
internal_weight=66668 40994.3 25673.7 2793.42 2797.28 1503.42 687.665 1041.8 815.758 22880.3 3203.04 817.929 434.024 296.926 1755.48 493.678 38197.1 562.739 65.1564 548.124 37634.3 223.689 45.9646 1041.17 504.692 536.48 383.905 612.103 390.739 33.3142
internal_count=1705019 1574903 130116 21174 30160 15082 9667 21093 5415 108942 15007 4072 2361 1751 9067 13973 1544743 19847 1260 7120 1524896 8086 1500 6000 3596 2404 1711 3635 7916 358
is_linear=0
shrinkage=0.08


Tree=14
num_leaves=31
num_cat=0
split_feature=7 15 7 1 1 11 16 15 11 5 4 8 2 16 15 11 16 7 1 4 1 6 7 0 2 11 1 11 16 0
split_gain=69312.7 4969.69 757.147 694.48 480.275 252.165 236.29 192.156 226.7 163.055 147.858 131.43 108.224 100.926 77.0627 223.014 71.1554 70.0116 60.5131 60.3219 54.6298 74.6828 96.2779 48.3533 47.1396 41.8313 55.173 41.7879 39.9945 38.6169
threshold=0.63670033216476452 0.70271718502044689 0.78964132070541393 0.79784947633743297 0.84028983116149913 0.38750000298023229 1.0000000180025095e-35 0.87134066224098217 0.63333335518836986 0.20722186565399173 0.41428571939468389 0.76975053548812877 0.19433516263961795 1.0000000180025095e-35 0.64891251921653759 0.23611111193895343 1.0000000180025095e-35 0.90152388811111461 0.93405798077583324 0.095454547554254546 0.14389234036207202 0.16064515709877017 0.58753529191017162 0.94570022821426403 0.82891985774040233 0.29285715520381933 0.88185444474220287 0.13392857462167743 1.0000000180025095e-35 0.88303694128990184
decision_type=2 2 2 2 2 2 2 2 2 2 2 2 2 2 2 2 2 2 2 2 2 2 2 2 2 2 2 2 2 2
left_child=1 14 3 5 6 13 23 8 11 12 -8 17 -7 -2 20 28 -17 -4 24 -15 21 22 -1 -3 29 26 -5 -13 -16 -6
right_child=2 4 7 25 18 9 10 -9 -10 -11 -12 27 -14 19 15 16 -18 -19 -20 -21 -22 -23 -24 -25 -26 -27 -28 -29 -30 -31
leaf_value=-0.011527677908857061 0.01466814901127317 0.018920157110353608 0.026939846185341017 0.031782039123798345 0.1025541317916044 0.068840625363837157 -0.063694257252899983 0.1078828335085516 0.10350637154289949 0.1147301977377663 0.0033154186954129235 0.101687218808146 -0.036221722883417073 0.0035096990761663248 -0.018785936751611765 0.17649109426293791 -0.013331656550582617 0.075953382978147452 0.077191428167324411 -0.068869707894747154 -0.081283709619548131 -0.073565052505527986 0.25530031549262711 0.071861943798875047 0.05144606809238652 0.11247189297370863 0.10042786866738991 0.069584664066207239 -0.078589549042760928 -0.049375427607382685
leaf_weight=59.77424275316298 268.54831992834806 257.3228113129735 533.93488198146224 110.91611693054438 13.379907893016933 121.88659922219813 420.63980946876109 17639.45921485126 3014.7734643556178 178.64549176394939 422.33121594786644 561.44533276557922 129.33049239963293 100.56214738450944 87.524667322635651 33.239977542310953 20.391582708805799 286.65119083970785 766.1955838277936 275.80512424558401 34619.954103477299 145.01150495558977 10.119749071076511 193.38699989765882 652.96502993069589 678.8469125777483 230.9852956160903 482.55083785951138 392.59137791953981 53.599754314869642
leaf_count=2154 2236 3288 2891 634 103 737 13053 88301 14536 917 5715 2612 1873 1290 2900 279 482 1339 3333 6066 1516810 5731 201 1132 3187 3321 1071 2292 16186 349
internal_value=-0.00494619 -0.0724769 0.099716 0.0537208 0.0305183 0.0088387 -0.00512211 0.103996 0.0899452 0.0563022 -0.0301222 0.0680186 0.0147529 -0.0227977 -0.0805719 -0.0504042 0.104317 0.0440615 0.0615432 -0.0495305 -0.0810341 -0.0408238 0.0271056 0.041636 0.0448898 0.100979 0.0781585 0.0868489 -0.0676874 -0.0190259
internal_weight=62762.8 38148.4 24614.3 2095.53 2779.82 1074.78 1293.68 22518.8 4879.36 429.863 842.971 1864.58 251.217 644.916 35368.6 533.748 53.6316 820.586 1486.14 376.367 34834.9 214.905 69.894 450.71 719.945 1020.75 341.901 1044 480.116 66.9797
internal_count=1705019 1574903 130116 18145 30160 13119 23188 111971 23670 3527 18768 9134 2610 9592 1544743 19847 761 4230 6972 7356 1524896 8086 2355 4420 3639 5026 1705 4904 19086 452
is_linear=0
shrinkage=0.08


Tree=15
num_leaves=31
num_cat=0
split_feature=7 15 10 1 5 16 4 11 5 1 15 16 10 2 10 4 11 1 10 1 2 11 14 1 7 11 15 4 11 1
split_gain=62429.9 4689.21 786.587 567.921 415.226 217.15 188.134 163.921 143.039 217.663 168.564 128.931 126.24 117.177 113.062 87.6972 83.0442 98.2652 80.1466 285.549 99.6407 74.7208 69.632 69.4586 67.7221 53.672 71.0247 46.0081 44.9345 69.0375
threshold=0.63670033216476452 0.70271718502044689 0.36038962006568914 0.79784947633743297 0.51389962434768688 1.0000000180025095e-35 0.077380955219268813 0.095454547554254546 0.20722186565399173 0.2362911254167557 0.72745248675346386 1.0000000180025095e-35 0.75499999523162853 0.92084378004074108 0.21132376790046695 0.81666666269302379 0.43650794029235845 0.86391696333885204 0.13100686669349673 0.84028983116149913 0.95945203304290783 0.29285715520381933 0.45594117045402532 0.81120249629020702 0.97067421674728405 0.23611111193895343 0.64004489779472362 0.41428571939468389 0.21111111342906955 0.89512962102890026
decision_type=2 2 2 2 2 2 2 2 2 2 2 2 2 2 2 2 2 2 2 2 2 2 2 2 2 2 2 2 2 2
left_child=1 18 3 5 11 14 7 -7 9 -4 12 -3 -11 15 -2 -6 17 24 -1 20 22 -8 -20 27 -10 -21 -27 -13 29 -5
right_child=2 4 8 28 13 6 21 -9 16 10 -12 23 -14 -15 -16 -17 -18 -19 19 25 -22 -23 -24 -25 -26 26 -28 -29 -30 -31
leaf_value=-0.081125457089098352 0.0064093710106795689 0.026709895736049413 0.099352735173381515 0.033148459437033588 0.011424943725961721 0.178546706811229 -0.076879379682011154 0.0062869439570377907 0.064662943288866223 -0.00024479993439073013 0.11049680897445927 -0.066500427522797362 0.080876188245183459 0.071850496639083272 0.070139442019493278 0.056497786138392056 0.10652557401236303 0.10285942519829691 -0.073702755559793026 0.045097081522482173 0.84517987991309795 0.063173355525521308 -0.006529892505567193 0.055258897058018903 0.10393365844280035 0.58611489976715914 0.17762630345046973 -0.016954866043910805 0.10774630941913811 0.099765892319490984
leaf_weight=31460.700843092054 262.51704905740917 269.41027085483074 1677.449947424233 156.77601700276136 609.10344847850502 39.351072989404202 245.46016012132168 348.11890978552401 968.29742340371013 386.30626248940825 203.04751030355692 334.33588312380016 179.97515644133091 810.0527755971998 554.42108349874616 505.59360654465854 14603.655904948711 2445.4015009105206 1139.45986745134 16.158109707757831 0.76539209857582946 27.068884048610926 108.13755868561566 44.631961530074477 395.97154477238655 3.1927216481417444 18.561157908290625 187.06581278145313 770.26571568101645 272.80957472324371
leaf_count=1488867 2184 3162 8366 860 5485 230 5925 3223 4662 2087 987 11773 788 3560 3231 2280 77332 12762 51020 385 9 289 4313 399 1958 48 101 3501 3902 1330
internal_value=-0.00490945 -0.0718847 0.0961278 0.0553015 0.028253 0.0220884 -0.0120397 0.0237815 0.101367 0.0831937 0.0479603 -0.0188438 0.025537 0.0486955 0.0496603 0.0318687 0.103782 0.0932627 -0.0803252 -0.0607519 -0.0673206 -0.0629687 -0.0678804 -0.0405256 0.0760611 0.155543 0.237578 -0.0487247 0.0961846 0.0754541
internal_weight=59044.1 35507.2 23536.9 2676.79 2760.19 1476.94 659.999 387.47 20860.1 2446.78 769.329 835.444 566.281 1924.75 816.938 1114.7 18413.3 3809.67 32747 1286.27 1248.36 272.529 1247.6 566.034 1364.27 37.912 21.7539 521.402 1199.85 429.586
internal_count=1705019 1574903 130116 21174 30160 15082 9667 3453 108942 12228 3862 18835 2875 11325 5415 7765 96714 19382 1544743 55876 55342 6214 55333 15673 6620 534 149 15274 6092 2190
is_linear=0
shrinkage=0.08


Tree=16
num_leaves=31
num_cat=0
split_feature=7 15 10 0 2 16 2 4 15 10 16 10 6 16 2 15 11 11 1 4 7 11 11 0 11 7 16 16 4 6
split_gain=56337.8 4270.6 889.269 616.802 332.746 243.73 200.101 182.992 137.671 144.236 117.208 111.425 103.666 91.5922 79.1559 75.3322 185.152 58.4696 73.3357 51.6102 49.5454 49.2453 44.4795 43.0371 82.8477 41.3377 39.2634 39.1579 38.3588 38.0551
threshold=0.62087112665176403 0.70271718502044689 0.36038962006568914 0.91331186890602123 0.85867896676063549 1.0000000180025095e-35 0.22401433438062671 0.58571431040763866 0.81823650002479564 0.55902779102325451 1.0000000180025095e-35 0.21132376790046695 0.17712418735027316 1.0000000180025095e-35 0.14415584504604342 0.64891251921653759 0.23611111193895343 0.41428571939468389 0.88185444474220287 0.43650794029235845 0.97067421674728405 0.29285715520381933 0.29285715520381933 0.15535445511341098 1.0000000180025095e-35 0.75532880425453197 1.0000000180025095e-35 1.0000000180025095e-35 0.10555555671453477 0.16064515709877017
decision_type=2 2 2 2 2 2 2 2 2 2 2 2 2 2 2 2 2 2 2 2 2 2 2 2 2 2 2 2 2 2
left_child=1 15 3 5 7 11 12 10 9 13 -3 22 -7 -4 -15 23 27 18 20 -18 -10 -8 -2 24 -1 -13 -6 28 -17 -26
right_child=2 4 8 -5 26 6 21 -9 17 -11 -12 25 -14 14 -16 16 19 -19 -20 -21 -22 -23 -24 -25 29 -27 -28 -29 -30 -31
leaf_value=0.27558059445342487 -0.025147338265715004 0.022871549345815725 0.081713812831495966 0.095005090484778579 0.070821072345472025 0.068064348317448481 -0.067455107311489682 0.029096298554218546 0.064854472767896312 0.094903526693331589 -0.047473120866403574 0.038584838682654936 -0.029635840653369765 0.075527689675389351 0.010855258918103333 0.65634544528745697 0.012267747270877722 0.10378829205468323 0.10071391990313068 0.17582935531858823 0.10002083073045671 -0.0045937759647245759 0.036779191509487566 -0.080951003495889781 0.0015204426269749339 0.082217774383923692 0.04213949750289072 -0.07785300791156427 -0.01941971533514656 -0.075756545720647703
leaf_weight=5.0784891434013835 147.04630396701396 210.13862463459373 572.52115759626031 1137.2474283799529 594.16579528152943 195.81306868977845 317.88748653978109 691.8213876504451 812.01053701341152 2354.7452278137207 544.08873005025089 220.44136541709304 107.75673057697713 194.39855529367924 321.33339743874967 0.54135938920080562 23.516444932669401 13048.825327530503 2159.697159782052 25.994578773155808 374.7357397377491 106.47282744757831 149.90602050535381 29593.256155688316 59.094669988378882 375.96374835073948 628.66861369274557 327.61897379718721 77.260783672332764 131.62651529349387
leaf_count=26 1426 2755 2840 5986 2620 981 8646 4607 4067 12282 16356 1853 956 954 1913 19 454 73090 11895 243 1957 1945 1271 1514067 2268 1829 3109 15684 2805 6115
internal_value=-0.00486986 -0.0716498 0.092397 0.0498376 0.0253579 0.0181549 -0.0162074 -0.000618204 0.0983149 0.0837721 -0.0278741 0.0461542 0.0333842 0.059686 0.0352327 -0.0802103 -0.0479018 0.101369 0.0919351 0.0981419 0.0759589 -0.0516831 0.00611411 -0.0807037 -0.0433207 0.0660903 0.0560757 -0.065737 -0.0147176 -0.0518124
internal_weight=55509.7 32912.9 22596.8 2758.53 2668.88 1621.29 727.93 1446.05 19838.3 3443 754.227 893.357 303.57 1088.25 515.732 30244 454.932 16395.3 3346.44 49.511 1186.75 424.36 296.952 29789.1 195.8 596.405 1222.83 405.421 77.8021 190.721
internal_count=1705019 1571128 133891 24893 29447 18907 12528 23718 108998 17989 19111 6379 1937 5707 2867 1541681 19205 91009 17919 697 6024 10591 2697 1522476 8409 3682 5729 18508 2824 8383
is_linear=0
shrinkage=0.08


Tree=17
num_leaves=31
num_cat=0
split_feature=7 15 10 5 1 5 2 6 11 15 4 2 16 11 2 11 1 11 4 4 16 7 2 10 10 2 11 14 9 15
split_gain=50872.6 4050.21 866.568 553.005 348.443 165.39 228.156 198.623 164.474 162.973 137.997 127.723 138.011 130.08 95.1283 91.6403 102.195 80.8606 100.053 74.366 70.0535 64.4589 60.6981 52.1483 50.0547 213.359 114.599 93.7065 106.941 55.0656
threshold=0.62087112665176403 0.68563532829284679 0.36038962006568914 0.49561403691768652 0.76339712738990795 0.20722186565399173 0.22401433438062671 0.62605932354927074 0.52777779102325451 0.70271718502044689 0.41428571939468389 0.22401433438062671 1.0000000180025095e-35 0.095454547554254546 0.93405798077583324 0.43650794029235845 0.86391696333885204 0.21111111342906955 0.84523808956146251 0.19090909510850909 1.0000000180025095e-35 0.97718599438667308 0.19433516263961795 0.19722222536802295 0.11651583760976793 0.84273937344551098 0.23611111193895343 0.63835796713829052 0.25466126203536993 0.58825546503067028
decision_type=2 2 2 2 2 2 2 2 2 2 2 2 2 2 2 2 2 2 2 2 2 2 2 2 2 2 2 2 2 2
left_child=1 24 3 8 10 6 -4 9 11 -8 20 13 -13 -2 -6 16 21 18 23 22 -3 -7 -10 -5 -1 27 -27 -26 -29 -28
right_child=2 4 5 17 14 15 7 -9 19 -11 -12 12 -14 -15 -16 -17 -18 -19 -20 -21 -22 -23 -24 -25 25 26 29 28 -30 -31
leaf_value=-0.080975312498647589 0.1449649767226949 0.011715408950847422 0.0937573556205408 -0.062989356009482286 0.02745028015171071 0.058365584846783537 -0.010057126972503969 0.10177008809588303 0.083156828169889535 0.091555111889064802 0.011229742122065747 0.010632224166888788 -0.057809645862708668 0.016662612893827363 0.065120284809871642 0.10136052801422155 0.097205812748620113 0.10154795931051579 0.089495449512095676 0.14237078656881408 -0.067745003449802069 0.099716616657798213 0.0015413137588985598 0.037342866985754342 -0.072949522412727438 -0.013474837401345117 0.67212740987362352 0.72692208926945612 0.043837313359707281 0.23194696879780241
leaf_weight=26505.819807991385 60.506015850231051 88.87979899905622 1488.5114472843707 42.542209826409817 1220.2690263986588 957.75593478791416 420.77011407539248 237.66789449751377 124.63336087763309 132.93402449786663 448.18185369111598 426.78342768736184 337.81080114655197 308.07446181774139 661.68666397035122 13068.704594276845 2201.8988900780678 778.58656450361013 291.33809849992394 63.836465703323483 353.1408733278513 322.5021101385355 109.60649223066866 150.24057344347239 1314.7078132554889 15.943602278828619 2.0895951464772251 1.5775031838566089 20.904638111591339 14.038267746567724
leaf_count=1466216 276 1591 8109 363 8574 4868 2266 1203 655 687 6511 3620 9491 2031 3094 77347 12762 4299 1500 335 14429 1756 1378 945 69038 616 32 57 851 119
internal_value=-0.0048291 -0.0710334 0.0894338 0.0469952 0.0211881 0.0955051 0.0753045 0.040596 0.0129502 0.0143381 -0.0200508 -0.000958799 -0.0196066 0.0377247 0.0406949 0.0982878 0.0867555 0.0855844 0.0599109 0.0658271 -0.0517674 0.0687821 0.044967 0.0152021 -0.0802048 -0.0652895 0.138621 -0.0701801 0.0917673 0.288979
internal_weight=52171.9 30647.2 21524.7 2693.96 2772.16 18830.7 2279.88 791.372 1431.25 553.704 890.203 1133.17 764.594 368.58 1881.96 16550.9 3482.16 1262.71 484.121 298.076 442.021 1280.26 234.24 192.783 27875.1 1369.26 32.0715 1337.19 22.4821 16.1279
internal_count=1705019 1571128 133891 24893 34199 108998 12265 4156 17786 2953 22531 15418 13111 2307 11668 96733 19386 7107 2808 2368 16020 6624 2033 1308 1536929 70713 767 69946 908 151
is_linear=0
shrinkage=0.08


Tree=18
num_leaves=31
num_cat=0
split_feature=10 15 15 10 16 14 0 10 14 2 2 6 11 4 6 2 0 14 10 0 6 2 6 2 15 2 2 6 16 1
split_gain=45529.6 4290.97 732.732 624.665 356.077 232.557 227.297 220.744 282.849 144.845 117.977 115.434 110.216 131.007 89.241 82.5866 74.9373 61.287 116.628 134.991 60.2973 54.7819 50.4801 49.3021 46.0726 46.0121 140.664 131.871 45.626 42.7568
threshold=0.21132376790046695 0.75677746534347545 0.78766316175460827 0.47338935732841497 1.0000000180025095e-35 0.40070423483848577 0.94570022821426403 0.13100686669349673 0.45594117045402532 0.65771448612213146 0.22401433438062671 0.18808962404727939 0.41428571939468389 0.84523808956146251 0.13100686669349673 0.79431909322738659 0.80810147523880016 0.66801077127456676 0.061553031206130988 0.87026646733284008 0.027402402833104137 0.90054944157600414 0.2806250005960465 0.19433516263961795 0.98511892557144176 0.19433516263961795 0.47856706380844122 0.46470099687576299 1.0000000180025095e-35 0.78705966472625744
decision_type=2 2 2 2 2 2 2 2 2 2 2 2 2 2 2 2 2 2 2 2 2 2 2 2 2 2 2 2 2 2
left_child=1 7 3 4 9 15 11 17 21 10 -2 28 13 14 -4 -6 23 -1 -19 -20 -8 -9 -7 -10 -16 -5 27 -27 -3 -13
right_child=2 6 12 25 5 22 20 8 16 -11 -12 29 -14 -15 24 -17 -18 18 19 -21 -22 -23 -24 -25 -26 26 -28 -29 -30 -31
leaf_value=-0.081033806928236654 0.08266287707757014 0.039659711437034208 0.082610086997444862 0.096811856268118709 -0.049412339773788824 0.061938795927828347 0.067260420972206372 -0.073228274503998214 0.041192323152991983 0.10734888726002564 0.0090832360647099472 -0.051882828288706523 0.099355292593721875 0.095694660826560501 0.033279073940478611 0.05383911157074163 0.11549978690554319 -0.069124861944505359 -0.0090874394466177316 0.30003738626756266 0.035243743914625342 0.041033220146756685 -0.014917955395633828 -0.025786992756117379 0.093564734935834878 -0.0032567567807859168 0.096292626882343746 0.081244173900764313 -0.00092238226712830138 0.021968094569205707
leaf_weight=24059.959467528388 225.01688060723245 335.88415597751737 784.56187301129103 1128.8951821327209 563.90472485311329 240.43956332281232 626.68930466473103 802.43441353179514 124.02835936658084 274.71828678622842 366.81403001584113 277.22334256023169 12279.435563258827 2203.9927401393652 541.76553093641996 54.358124686405063 43.859109420329332 1056.7693995311856 70.654787957668304 10.367651036009191 942.86398684233427 27.784373950213194 70.798282207921147 162.46289695985615 95.422418132424355 229.08292268961668 732.94509862363338 244.18711072206497 375.55085622519255 61.260617963969707
leaf_count=1437592 1498 2164 4491 6598 15404 1567 2890 41397 1340 1451 4632 7163 77044 13161 2921 541 507 57207 1957 218 4720 252 784 4422 554 1061 4266 1196 5513 508
internal_value=-0.00478591 -0.0688999 0.0879397 0.0579214 0.0224505 -0.0119428 0.0287534 -0.0786046 -0.0444915 0.0593424 0.0370586 -5.97044e-05 0.0957366 0.083481 0.0645475 -0.0403344 0.0181181 -0.0801758 -0.0620328 0.0304682 0.0480273 -0.0694044 0.0444559 0.00320982 0.0423072 0.0852038 0.0743399 0.0403421 0.0182373 -0.0385169
internal_weight=49014.1 28977.8 20036.3 4131.16 1796.05 929.501 2619.47 26358.3 1160.57 866.549 591.831 1049.92 15905.2 3625.74 1421.75 618.263 330.35 25197.8 1137.79 81.0224 1569.55 830.219 311.238 286.491 637.188 2335.11 1206.22 473.27 711.435 338.484
internal_count=1705019 1567850 137169 38998 25877 18296 22958 1544892 47918 7581 6130 15348 98171 21127 7966 15945 6269 1496974 59382 2175 7610 41649 2351 5762 3475 13121 6523 2257 7677 7671
is_linear=0
shrinkage=0.08


Tree=19
num_leaves=31
num_cat=0
split_feature=7 15 15 10 16 1 4 11 11 16 4 11 1 5 2 15 4 7 10 5 11 14 15 16 9 1 2 5 2 5
split_gain=41640.3 3672.69 851.33 622.349 274.577 257.927 191.154 196.757 182.713 153.215 105.924 104.375 122.614 101.468 155.463 81.6604 68.8792 77.0159 54.5242 180.675 145.71 70.0033 58.5512 44.0881 42.0143 41.9398 39.3723 188.026 86.492 36.731
threshold=0.62087112665176403 0.68563532829284679 0.81823650002479564 0.47338935732841497 1.0000000180025095e-35 0.84028983116149913 0.077380955219268813 0.095454547554254546 0.29285715520381933 1.0000000180025095e-35 0.41428571939468389 0.41428571939468389 0.88185444474220287 0.26546555757522589 0.19433516263961795 0.66021290421485912 0.84523808956146251 0.97067421674728405 0.11651583760976793 0.52679425477981578 0.38750000298023229 0.57587876915931713 0.64891251921653759 1.0000000180025095e-35 0.31267458200454717 0.94570022821426403 0.19433516263961795 0.085960593074560179 0.29679679870605474 0.53529900312423717
decision_type=2 2 2 2 2 2 2 2 2 2 2 2 2 2 2 2 2 2 2 2 2 2 2 2 2 2 2 2 2 2
left_child=1 18 3 4 13 9 7 -6 -8 -3 -11 12 16 14 -2 -15 17 -4 -1 21 23 -20 -22 -21 -23 29 -5 28 -28 -7
right_child=2 5 11 26 6 25 8 -9 -10 10 -12 -13 -14 15 -16 -17 -18 -19 19 20 22 24 -24 -25 -26 -27 27 -29 -30 -31
leaf_value=-0.080661896607412464 0.075751988461811706 0.028115941760163691 0.034817072816496347 0.094378752362949514 0.14626359993076768 0.087266071729386621 -0.072736260140834924 0.0055221313077557163 0.067903517843482822 -0.059515298644743815 -0.0016041277687733522 0.097410786345817166 0.093136126973623806 0.15000051434223213 -0.0059804313833872339 0.061580099494248391 0.088531292574697745 0.09010451362559857 -0.073630208843206368 0.10814098254126826 0.49568699900444368 0.17252070584630808 0.16414403744966558 -0.068408908621169676 -0.013621631995037114 0.05741150378907782 0.058616459654335692 0.092713866094426681 -0.018766250318563115 0.024595357344508541
leaf_weight=22678.354254463688 248.06004678271711 485.4422130510211 639.03197233378887 1067.8625781089067 72.140630304813385 65.187407676130533 340.80190111510456 535.23220556229353 71.528006268665195 379.84114365652204 432.07807361707091 11350.020043686032 2137.3898438662291 76.021550565958023 372.75440370664001 553.95308818481863 413.79141695797443 215.67633646726608 1117.1359983431175 14.96330450940877 5.8786694444715968 10.169028281234203 8.1150085069239122 22.916295127011836 32.764714331366122 624.76780278608203 220.27471062541008 953.93517155945301 159.29038673639297 731.36872286908329
leaf_count=1466216 1340 4857 3424 6598 426 404 8617 5038 579 15814 6300 75785 13748 439 3511 3135 2373 1292 67247 327 73 345 53 1176 1492 3044 1091 5802 693 3780
internal_value=-0.00474042 -0.0697522 0.0843021 0.0545398 0.0245115 0.0183526 -0.00630035 0.0222387 -0.0483391 -0.00743879 -0.0286968 0.0937251 0.0814426 0.0496307 0.0266776 0.0722501 0.0617392 0.0487683 -0.0797784 -0.0632459 0.0828264 -0.0697776 0.303423 0.00133232 0.0304669 0.0418946 0.0829317 0.0737649 0.0261416 0.0297241
internal_weight=46036.7 26609 19427.8 4671.85 2270.49 2718.69 1019.7 607.373 412.33 1297.36 811.919 14755.9 3405.89 1250.79 620.814 629.975 1268.5 854.708 23890.3 1211.94 51.8733 1160.07 13.9937 37.8796 42.9337 1421.32 2401.36 1333.5 379.565 796.556
internal_count=1705019 1571128 133891 37269 23085 34199 14660 5464 9196 26971 22114 96622 20837 8425 4851 3574 7089 4716 1536929 70713 1629 69084 126 1503 1837 7228 14184 7586 1784 4184
is_linear=0
shrinkage=0.08


Tree=20
num_leaves=31
num_cat=0
split_feature=7 15 15 11 7 16 2 4 11 1 2 4 11 16 5 1 4 7 10 11 10 5 11 14 15 4 0 16 5 9
split_gain=37687.2 3503.49 849.018 583.03 285.032 232.812 226.183 128.196 110.514 124.351 86.3972 84.5396 78.5216 78.0285 69.6444 215.057 65.5231 73.1011 62.2941 59.1927 56.5006 160.496 113.15 66.3787 53.8972 39.6702 37.3885 36.8282 35.752 35.5564
threshold=0.62087112665176403 0.68563532829284679 0.81823650002479564 0.52777779102325451 0.88949939608573925 1.0000000180025095e-35 0.85867896676063549 0.43650794029235845 0.41428571939468389 0.88185444474220287 0.80717849731445324 0.095454547554254546 0.10555555671453477 1.0000000180025095e-35 0.1465040594339371 0.25176055729389196 0.84523808956146251 0.97718599438667308 0.43303571641445165 0.17424242943525317 0.11651583760976793 0.52223318815231334 0.29285715520381933 0.57587876915931713 0.81823650002479564 0.077380955219268813 0.9529346525669099 1.0000000180025095e-35 0.27346041798591619 0.34498016536235815
decision_type=2 2 2 2 2 2 2 2 2 2 2 2 2 2 2 2 2 2 2 2 2 2 2 2 2 2 2 2 2 2
left_child=1 20 3 4 5 10 7 13 9 16 -2 -7 25 -3 15 -5 17 -4 -17 24 -1 23 -23 -22 -9 -6 -18 -8 -14 -29
right_child=2 6 8 14 12 11 27 19 -10 -11 -12 -13 28 -15 -16 18 26 -19 -20 -21 21 22 -24 -25 -26 -27 -28 29 -30 -31
leaf_value=-0.080512174811306222 0.018658461677843657 0.017952343137292277 0.033534000634333559 0.085825849196016157 0.10515713442979222 -0.0010933751879762138 0.057356580263779398 -0.029857938214481537 0.095698212901520335 0.091058479064796638 0.082328294939810198 -0.056695439019566099 0.030707933664241391 -0.055137433629906168 0.09828953624065595 -0.046791632298129431 0.021936080955967899 0.090860901477228709 0.03298786570920844 0.13199188869594472 -0.07307358832135967 -0.023592296090830241 0.20974945727179331 0.027147108992436761 0.018603335297487783 0.020257107733417278 0.095160609851375422 0.034017224604758652 0.092214166721758875 -0.048739756131804556
leaf_weight=20972.12482470274 634.31859340891242 124.63019384816289 651.60390942171216 1110.7273664716631 272.25796286761761 329.64553987234831 580.21643336862326 180.31198188662529 10657.18419598043 2016.2332687526941 173.76440041512251 373.07109985686839 350.51607792079449 374.01332635059953 863.11738626658916 87.842227390035987 51.301354363560677 182.15634599328041 218.31771100312471 25.972531124949455 1038.8174052350223 32.8615150321275 22.342635466717184 44.090589792467654 792.11845120042562 40.457379639148712 343.06410419940948 585.1332332380116 73.097907736897469 35.227194152772427
leaf_count=1466216 4798 1885 3563 7032 1634 3387 2758 4191 75785 13748 920 9053 1903 15931 5569 1270 310 1153 1019 155 67158 1515 205 1835 5936 222 2063 2742 462 601
internal_value=-0.00469441 -0.0690689 0.0819636 0.0518737 0.0229551 0.00306413 0.0170011 -0.00374355 0.0917626 0.0788348 0.0323496 -0.0306124 0.0637673 -0.0368695 0.0803753 0.0694626 0.058767 0.0460585 0.0100978 0.0128009 -0.0795701 -0.0622101 0.0708475 -0.0689931 0.00961745 0.0941732 0.0856351 0.0428685 0.0413213 0.0293179
internal_weight=43236.5 24807.9 18428.7 4527.13 2247.13 1510.8 2697.62 1497.05 13901.5 3244.36 808.083 702.717 736.329 498.644 2280 1416.89 1228.13 833.76 306.16 998.403 22110.2 1138.11 55.2042 1082.91 972.43 312.715 394.365 1200.58 423.614 620.36
internal_count=1705019 1571128 133891 37269 22379 18158 34199 28098 96622 20837 5718 12440 4221 17816 14890 9321 7089 4716 2289 10282 1536929 70713 1720 68993 10127 1856 2373 6101 2365 3343
is_linear=0
shrinkage=0.08


Tree=21
num_leaves=31
num_cat=0
split_feature=7 15 15 10 16 0 0 6 11 1 1 2 1 10 7 4 16 10 2 16 14 11 14 10 2 2 6 4 11 0
split_gain=34119.6 3342.74 848.608 551.024 204.796 198.011 147.551 134.303 116.995 126.039 106.914 92.7478 75.2535 72.083 62.8495 71.111 60.1018 58.5127 146.083 75.7754 74.6347 58.4892 65.5044 53.4559 42.5425 140.524 110.816 39.5092 30.9088 27.7704
threshold=0.62087112665176403 0.68563532829284679 0.81823650002479564 0.47338935732841497 1.0000000180025095e-35 0.94570022821426403 0.22401433438062671 0.30825792253017431 0.41428571939468389 0.88185444474220287 0.75513628125190746 0.80717849731445324 0.88396573066711437 0.1490740776062012 0.97067421674728405 0.84523808956146251 1.0000000180025095e-35 0.11651583760976793 0.82574188709259044 1.0000000180025095e-35 0.57587876915931713 0.29285715520381933 0.38115416467189794 0.19722222536802295 0.19433516263961795 0.47856706380844122 0.52803984284400951 0.77500000596046459 0.52777779102325451 0.75905716419219982
decision_type=2 2 2 2 2 2 2 2 2 2 2 2 2 2 2 2 2 2 2 2 2 2 2 2 2 2 2 2 2 2
left_child=1 17 3 4 11 10 7 -6 9 14 16 13 -8 -2 15 -4 -3 -1 20 -20 -19 22 23 -7 -5 26 -26 -24 -22 -12
right_child=2 5 8 24 6 21 12 -9 -10 -11 29 -13 -14 -15 -16 -17 -18 18 19 -21 28 -23 27 -25 25 -27 -28 -29 -30 -31
leaf_value=-0.080366141309407252 -0.035806376690840941 0.0046080194232913834 0.030352771329340091 0.090399272916134948 0.049959857125803982 -0.079367079831507037 -0.041165075343184039 -0.068630840464717693 0.094161941142713645 0.089134421526449209 0.25492251336126809 0.085770190034729007 0.07549252852174064 0.038690796843935511 0.088083036834034983 0.079133691519861771 -0.052124902437879539 -0.071687269144061289 0.1780171715100084 -0.04537665236684825 -0.00091440410593031677 0.11862022457268898 0.016530618722864671 0.061393641563747901 -0.00052085585029648304 0.088765670201539651 0.079380628666682246 0.045542834101380769 0.16111873298167176 0.012917916613074919
leaf_weight=19393.477126165293 91.860638845711946 173.99685958400369 619.640266045928 958.58628417551517 351.72430830821395 57.77602734323591 518.91988777555525 73.970860863104463 9991.7418801262975 1899.7509466260672 3.0499024447053662 255.94230485334992 37.980212204158306 874.14890547469258 293.11994035542011 276.64566683769226 381.62021321803331 982.18711206968874 24.136296241544187 16.267297986894846 36.968146644532681 51.634342793375254 444.47877160832286 24.626708331517875 266.64155276864767 769.94206181913614 190.42485025525093 926.83519355393946 9.4632085841149074 608.36177993938327
leaf_count=1466216 1060 2692 3424 6598 1952 1351 11832 677 75785 13748 70 1507 199 5858 1968 1697 17126 67824 280 759 1497 276 2566 237 1284 5269 1033 4154 353 5727
internal_value=-0.00464532 -0.0683723 0.0797409 0.0493066 0.0210863 0.0157746 -0.006105 0.029353 0.0899551 0.0763483 -0.00895769 0.0429514 -0.0332091 0.0316066 0.055926 0.0454094 -0.0343584 -0.0793618 -0.0611408 0.0880743 -0.0670019 0.0349483 0.0319764 -0.0372996 0.0777715 0.0679063 0.032768 0.0361392 0.0321097 0.0141251
internal_weight=40605.9 23134.9 17471 4390.14 2204.55 2672.38 982.595 425.695 13080.9 3089.16 1167.03 1221.95 556.9 966.01 1189.41 896.286 555.617 20462.5 1069.02 40.4036 1028.62 1505.35 1453.72 82.4027 2185.59 1227.01 457.066 1371.31 46.4314 611.412
internal_count=1705019 1571128 133891 37269 23085 34199 14660 2629 96622 20837 25615 8425 12031 6918 7089 5121 19818 1536929 70713 1039 69674 8584 8308 1588 14184 7586 2317 6720 1850 5797
is_linear=0
shrinkage=0.08


Tree=22
num_leaves=31
num_cat=0
split_feature=7 15 15 11 7 2 16 11 1 11 4 5 1 2 4 16 4 7 4 5 10 5 11 14 2 0 7 7 11 5
split_gain=30903.3 3137.59 900.912 557.866 247.747 172.87 172.338 123.734 127.548 111.503 95.6468 78.3523 257.424 73.1977 69.3258 65.7686 62.9939 61.1809 66.4319 52.3101 44.6855 133.958 82.0735 44.6627 42.3042 40.4597 39.7296 37.1965 36.4395 31.2057
threshold=0.6079215705394746 0.68563532829284679 0.81823650002479564 0.52777779102325451 0.86166355013847362 0.85867896676063549 1.0000000180025095e-35 0.41428571939468389 0.88185444474220287 0.10555555671453477 0.41428571939468389 0.085960593074560179 0.27334994077682501 0.80717849731445324 0.077380955219268813 1.0000000180025095e-35 0.095454547554254546 0.97067421674728405 0.84523808956146251 0.27346041798591619 0.11651583760976793 0.52223318815231334 0.38750000298023229 0.45594117045402532 0.57804551720619213 0.12732185423374179 0.92180705070495617 0.90152388811111461 0.17424242943525317 0.57947367429733287
decision_type=2 2 2 2 2 2 2 2 2 2 2 2 2 2 2 2 2 2 2 2 2 2 2 2 2 2 2 2 2 2
left_child=1 20 3 4 6 10 13 8 17 14 15 12 27 -2 -6 -3 -8 18 -4 -11 -1 23 -23 -22 -12 -25 -14 -5 -26 -7
right_child=2 5 7 11 9 29 16 -9 -10 19 24 -13 26 -15 -16 -17 -18 -19 -20 -21 21 22 -24 25 28 -27 -28 -29 -30 -31
leaf_value=-0.080235458063396173 0.010416025846011374 0.016001335974191018 0.028340089435787301 0.051823919523052694 0.1031657989783521 0.091357488550375482 -0.0031180947127204006 0.092778072275300452 0.087338388425802979 0.016707772723265815 -0.048560295400364641 0.094141797124102242 -0.055242522583069012 0.070915681488745316 0.0073017780974163919 -0.052563164797536387 -0.053454609348847298 0.085979847029836451 0.07634456919654474 0.086477112483483054 -0.076115050817294957 -0.0060290936085989136 0.20599950683418058 0.086950405395947283 0.012262280049227707 -0.043857403363693231 0.015020597372869458 0.087144643989052778 0.12137420801428801 0.034235172373774041
leaf_weight=17927.521000700071 575.65921793971211 122.0877283141017 610.92759466543794 250.27673311065882 288.71215462684631 64.842045625671744 272.78943262435496 9355.4815328866243 1788.2818110138178 419.65920821577311 73.18006263487041 854.01343806553632 99.806084973737597 164.58056696876884 57.974245857447386 335.81728915031999 381.83723973389715 276.93214745819569 264.32346504926682 82.256440497934818 805.05864640232176 38.402526277117431 16.793551906943321 18.685056720860302 892.64781539328396 79.614336434751749 106.42115095257759 803.2280932366848 20.028340399265289 1091.8760515386239
leaf_count=1465827 4886 1827 3424 1757 1881 374 3645 75785 13748 2355 1196 6064 1507 918 328 15568 11191 1968 1697 557 60732 1585 131 644 8821 4790 466 5647 112 5588
internal_value=-0.00459485 -0.0679918 0.0772024 0.0459445 0.0181591 0.0143933 -0.00257668 0.0882789 0.0739644 0.0522429 -0.00406915 0.0754351 0.0627533 0.0238672 0.087135 -0.0342823 -0.0324789 0.0532068 0.0428373 0.0281419 -0.0793356 -0.0625068 0.0584812 -0.0698993 0.00996411 -0.018993 -0.0189841 0.0787536 0.0146567 0.0374373
internal_weight=38139.7 21486.6 16653.2 4357.21 2243.47 2600.48 1394.87 12295.9 2940.47 848.602 1443.76 2113.75 1259.73 740.24 346.686 457.905 654.627 1152.18 875.251 501.916 18886.1 958.554 55.1961 903.358 985.856 98.2994 206.227 1053.5 912.676 1156.72
internal_count=1705019 1567195 137824 41202 25761 33486 20640 96622 20837 5121 27524 15441 9377 5804 2209 17395 14836 7089 5121 2912 1533709 67882 1716 66166 10129 5434 1973 7404 8933 5962
is_linear=0
shrinkage=0.08


Tree=23
num_leaves=31
num_cat=0
split_feature=7 15 15 11 7 16 2 11 1 4 5 1 6 11 4 2 16 7 16 15 15 11 1 9 6 6 7 2 16 10
split_gain=27985.4 3005.24 894.406 511.724 221.497 177.06 154.137 130.741 128.86 97.1814 74.5992 179.086 87.1777 72.184 64.6616 62.7119 61.406 59.4938 64.5243 59.2971 46.4205 131.162 46.7198 72.9496 63.3499 42.2312 40.4003 38.916 38.438 77.0411
threshold=0.6079215705394746 0.68563532829284679 0.81823650002479564 0.52777779102325451 0.88949939608573925 1.0000000180025095e-35 0.91458967328071605 0.41428571939468389 0.88185444474220287 0.31666667759418493 0.16345082968473437 0.2362911254167557 0.59549137949943554 0.10555555671453477 0.095454547554254546 0.80717849731445324 1.0000000180025095e-35 0.97067421674728405 1.0000000180025095e-35 0.78766316175460827 0.61973884701728832 0.29285715520381933 0.14389234036207202 0.31550343334674841 0.10102041065692903 0.2674796879291535 0.52245527505874645 0.22401433438062671 1.0000000180025095e-35 0.21807064861059192
decision_type=2 2 2 2 2 2 2 2 2 2 2 2 2 2 2 2 2 2 2 2 2 2 2 2 2 2 2 2 2 2
left_child=1 20 3 4 5 15 9 8 17 -3 11 25 -13 -6 -7 -2 -11 18 -4 -18 22 28 23 24 -1 -5 -23 -15 29 -22
right_child=2 6 7 10 13 14 -8 -9 -10 16 -12 12 -14 27 -16 -17 19 -19 -20 -21 21 26 -24 -25 -26 -27 -28 -29 -30 -31
leaf_value=0.50286639025965907 0.014302460570449106 -0.057557281724443236 0.057129384387136828 0.088671478069487705 0.087539673611542551 -0.0032919876983465942 0.043792745495582194 0.091526473308804604 0.085648668386698712 0.023974998186674298 0.093323106131204037 -0.0096285236181679699 0.081549075485097447 0.057063739584926138 -0.051607656467597962 0.068826974727941151 -0.049700550353305721 0.083991727916401318 0.011549022450780638 0.0025325064914625589 -0.024675843055757051 0.18569313929480305 -0.080170033049295028 -0.047636536251870816 0.044229758673013868 0.047634113471942775 0.002274694910850898 0.0069322841395017855 -0.076918118295479912 0.65774854760568258
leaf_weight=2.8344571366906148 654.70617828797549 166.13678164314479 541.06515704095364 731.31025258079171 268.90683185309172 334.26518427580595 752.69677059724927 8749.462616302073 1682.0323650613427 730.82426835782826 725.03877400234342 268.6201844913885 89.465989954769611 214.53179463744164 377.46088520810008 170.07415903359652 170.1244167489931 261.44480963051319 314.19178572297096 762.71893172711134 78.987466582097113 17.338584374636415 16893.017949828878 110.25091148260981 6.0236531039699912 205.61666727252305 13.80484332051128 184.19018362462521 353.4757745731622 1.0731341652572144
leaf_count=66 5322 7461 3239 5381 1856 3990 3797 75785 13748 5509 5481 2501 572 1276 11245 983 8091 1968 1882 8628 5594 328 1489894 7427 253 1506 474 1089 29639 34
internal_value=-0.00454139 -0.0672335 0.0751904 0.0436915 0.0170353 0.00031847 0.0133197 0.0867122 0.0716618 0.000784479 0.0727769 0.0612737 0.0131517 0.0555082 -0.028916 0.0255457 0.00661059 0.0505941 0.0403847 -0.00699334 -0.0791366 -0.0541897 -0.079818 -0.0298902 0.190986 0.0796655 0.10439 0.0339054 -0.0655814 -0.0155286
internal_weight=35831.7 20059.3 15772.4 4224.19 2204.14 1536.51 2582.5 11548.2 2798.73 1829.8 2020.05 1295.01 358.086 667.629 711.726 824.78 1663.67 1116.7 855.257 932.843 17476.8 464.68 17012.1 119.109 8.85811 936.927 31.1434 398.722 433.536 80.0606
internal_count=1705019 1567195 137824 41202 25761 21540 33486 96622 20837 29689 15441 9960 3073 4221 15235 6305 22228 7089 5121 16719 1533709 36069 1497640 7746 319 6887 802 2365 35267 5628
is_linear=0
shrinkage=0.08


Tree=24
num_leaves=31
num_cat=0
split_feature=10 15 5 7 7 11 1 0 15 1 6 6 4 0 6 2 5 6 5 11 0 14 15 16 14 14 2 5 11 8
split_gain=25343.6 3042.08 675.489 499.19 221.117 216.5 185.124 175.523 171.038 133.92 136.859 132.954 112.347 135.226 87.3426 67.5934 105.474 119.044 65.5798 61.2452 60.8537 54.1828 54.0575 107.288 102.348 44.7704 44.6622 55.0607 42.5395 35.8958
threshold=0.21132376790046695 0.70271718502044689 0.27130751311779028 0.88949939608573925 0.6079215705394746 0.43650794029235845 0.8521554470062257 0.94570022821426403 0.28849306702613836 0.65733855962753307 0.60660174489021312 0.18257576227188113 0.13392857462167743 0.94360822439193737 0.21103239059448245 0.22401433438062671 0.068337485194206252 0.46470099687576299 0.53529900312423717 0.17424242943525317 0.89699381589889537 0.32510161399841314 0.61973884701728832 1.0000000180025095e-35 0.3891009390354157 0.54772257804870617 0.90054944157600414 0.73401361703872692 0.10555555671453477 0.45341086387634283
decision_type=2 2 2 2 2 2 2 2 2 2 2 2 2 2 2 2 2 2 2 2 2 2 2 2 2 2 2 2 2 2
left_child=1 4 3 8 22 6 12 14 11 10 -10 -2 -4 -14 26 -5 17 -17 -16 21 -20 -9 -1 24 -24 -6 29 -28 -13 -3
right_child=2 7 5 15 25 -7 -8 19 9 -11 -12 28 13 -15 18 16 -18 -19 20 -21 -22 -23 23 -25 -26 -27 27 -29 -30 -31
leaf_value=-0.079824354035901268 0.073149007379591194 0.00067462742780082766 0.097144468189637956 0.080590676885025539 -0.052566213874444302 0.090552776127202181 0.081712433964075737 -0.04925314993605006 -0.051009880889728521 0.12305069484877933 0.048757847033075112 0.14278581623838346 0.0043018114726130962 0.063285379123307089 -0.055652344394961667 -0.040994314370933732 0.074145137968159927 0.062744032677603839 0.17140317893163212 0.089355027996980654 -0.017288608944006016 0.029412359972987377 -0.043211095157300317 -0.074072969282979212 0.10892770133793751 0.0077480466158725385 0.070586156200269687 -0.018142786298750335 -0.041260463847367382 -0.059485367268211825
leaf_weight=15614.994738058187 256.02178954239935 607.07852634880692 193.36141357105225 988.83875381946564 123.08409290481359 8646.3074278924614 1831.4391817776486 58.390208980068564 546.24183810595423 36.249817186966538 104.89624437410384 8.6490921750664693 558.62923443503678 448.4597992207855 320.70599333103746 142.65279179811478 404.57239624857903 140.5463737398386 15.992071727290748 105.57444937899709 34.615702980197966 1390.2631720900536 78.072049307636917 383.4627285907045 44.390157450921834 218.74504888243973 121.99189315363765 70.701010366901755 113.6558478679508 70.8878188226372
leaf_count=1488011 1643 10295 1306 7594 5748 79560 15460 857 15471 339 1467 45 5553 3003 10673 633 2984 745 171 745 388 6956 4665 32979 1822 2438 583 337 1366 1182
internal_value=-0.00448643 -0.0645368 0.0757122 0.0399819 -0.0776404 0.0841026 0.065708 0.0126115 -0.0028295 -0.026606 -0.0349376 0.0403704 0.0412912 0.0305674 -0.00981053 0.0671944 0.0479339 0.0104891 -0.0422969 0.0305287 0.0423381 0.0262416 -0.0789905 -0.0532539 0.0119362 -0.0139696 0.00404405 0.0380306 -0.0282452 -0.00561567
internal_weight=33679.5 19258.9 14420.5 2742.32 16462.7 11678.2 3031.89 2796.2 1065.71 687.388 651.138 378.327 1200.45 1007.09 1241.97 1676.61 687.772 283.199 371.314 1554.23 50.6078 1448.65 16120.9 505.925 122.462 341.829 870.659 192.693 122.305 677.966
internal_count=1705019 1567850 137169 32287 1535663 104882 25322 32187 20331 17277 16938 3054 9862 8556 23629 11956 4362 1378 11232 8558 559 7813 1527477 39466 6487 8186 12397 920 1411 11477
is_linear=0
shrinkage=0.08


Tree=25
num_leaves=31
num_cat=0
split_feature=7 15 15 8 1 2 6 2 5 16 15 12 1 0 9 15 16 14 7 16 2 5 6 12 10 6 2 12 10 14
split_gain=22957.4 2756.3 885.72 441.865 212.08 137.113 202.314 122.268 116.39 73.9524 73.4627 68.7809 65.7622 51.4059 65.0094 50.5161 100.2 63.3011 48.8412 49.1562 46.1026 144.871 80.2256 39.0181 34.9528 28.3505 22.5421 22.5376 34.4305 21.4038
threshold=0.6079215705394746 0.68563532829284679 0.84755694866180431 0.74311000108718883 0.84028983116149913 0.19433516263961795 0.2806250005960465 0.91458967328071605 0.18697033822536471 1.0000000180025095e-35 0.81823650002479564 1.0000000180025095e-35 0.92031747102737438 0.15535445511341098 0.32972878217697149 0.61973884701728832 1.0000000180025095e-35 0.3891009390354157 0.97718599438667308 1.0000000180025095e-35 0.14415584504604342 0.1465040594339371 0.48435972630977636 1.0000000180025095e-35 0.21807064861059192 0.29217478632926946 0.60397014021873485 1.0000000180025095e-35 0.18019481003284457 0.24747371673583987
decision_type=2 2 2 2 2 2 2 2 2 2 2 2 2 2 2 2 2 2 2 2 2 2 2 2 2 2 2 2 2 2
left_child=1 13 3 4 5 6 -2 9 -7 24 -11 12 18 14 25 -15 17 -17 19 -4 -5 22 -22 -16 29 -1 -12 28 -6 -3
right_child=2 7 11 20 27 8 -8 -9 -10 10 26 -13 -14 15 23 16 -18 -19 -20 -21 21 -23 -24 -25 -26 -27 -28 -29 -30 -31
leaf_value=0.23136591472299664 0.058073884351915746 -0.062160956500174738 0.062181193067925494 0.086889831206867274 -0.027242788105857389 -0.038688477202462844 -0.05327517988044593 0.038922074089964911 0.010801555720519846 -0.047551155658870831 -0.051925651983151841 0.088144301571097705 0.0865335892688983 -0.079917664367320798 0.27299782877650103 -0.027204156841321523 -0.073562794892266012 0.10795322827746401 0.087334886123361571 0.018531435486975733 -0.00063406244927543219 0.080140733380914764 0.061941204634821646 -0.05301949364898581 0.13833241453721815 -0.055025204410442292 0.0033900692898461834 0.087587947417740133 0.067476027157203258 0.018906700775524806
leaf_weight=8.4114933367818576 543.82513116206974 21.455615064129233 431.02424255013466 623.54983925819397 30.936146000400186 487.52245885506272 129.25203791633248 733.53523227013648 808.48157452326268 294.17839496955276 50.572914410382509 7891.5613840669394 886.35221261531115 14444.211702910252 2.4063567258417597 65.387740973383188 317.49248062446713 33.559893696568906 239.31940922886133 267.65027190744877 290.9635907728225 914.73990375734866 238.69642096199095 99.338125838898122 15.403337717056273 3.0015916945412746 696.52543088421226 236.5514275636524 119.19152181409299 730.94958343170583
leaf_count=238 3299 372 3074 5429 190 10412 1126 3797 10966 15389 1041 77755 8243 1489403 13 4414 30149 1506 2053 1850 1603 7606 1485 7793 82 193 7189 1970 763 5616
internal_value=-0.00443015 -0.0656397 0.0713975 0.041724 0.0180351 0.0073981 0.0366914 0.0113719 -0.00781529 0.000201007 -0.0136883 0.084908 0.0709085 -0.0787167 -0.0250002 -0.0791257 -0.0516558 0.0186369 0.0561437 0.0454597 0.0687099 0.0608617 0.0275661 -0.0453089 0.0190372 0.156046 -0.000354387 0.0722016 0.0479577 0.016595
internal_weight=31656 17516.4 14139.6 4423.71 2355.76 1969.08 673.077 2542.62 1296 1809.09 1041.28 9715.91 1824.35 14973.8 113.158 14860.7 416.44 98.9476 937.994 698.675 2067.95 1444.4 529.66 101.744 767.809 11.4131 747.098 386.679 150.128 752.405
internal_count=1705019 1567195 137824 44849 28726 25803 4425 33486 21378 29689 23619 92975 15220 1533709 8237 1525472 36069 5920 6977 4924 16123 10694 3088 7806 6070 431 8230 2923 953 5988
is_linear=0
shrinkage=0.08


Tree=26
num_leaves=31
num_cat=0
split_feature=10 15 15 10 7 16 1 11 1 5 2 6 2 4 11 8 7 14 11 5 7 16 15 14 7 11 15 5 6 5
split_gain=20823 2757.66 642.763 326.028 216.103 208.535 138.106 127.666 112.537 111.288 167.122 92.5562 78.3514 74.2304 89.1841 92.1488 64.8894 59.4478 162.254 212.327 58.7955 68.0824 44.6715 38.8074 36.6533 36.4251 31.6862 107.645 66.1695 26.4891
threshold=0.21132376790046695 0.70271718502044689 0.81823650002479564 0.55902779102325451 0.6079215705394746 1.0000000180025095e-35 0.91458967328071605 0.41428571939468389 0.92031747102737438 0.1465040594339371 0.24283374845981601 0.13840996474027636 0.14415584504604342 0.31666667759418493 0.29285715520381933 0.36325278878211981 0.9656854271888734 0.57587876915931713 0.29285715520381933 0.39173060655593878 0.9832867980003358 1.0000000180025095e-35 0.59469133615493786 0.54772257804870617 0.48019607365131384 0.11805555596947671 0.30635792016983038 0.085960593074560179 0.41967740654945379 0.46720430254936224
decision_type=2 2 2 2 2 2 2 2 2 2 2 2 2 2 2 2 2 2 2 2 2 2 2 2 2 2 2 2 2 2
left_child=1 4 3 5 17 9 13 8 20 10 -2 12 -7 -3 15 -15 -13 -1 24 -20 21 -4 -11 29 -19 -8 -5 28 -28 -6
right_child=2 6 7 26 23 11 25 -9 -10 22 -12 16 -14 14 -16 -17 -18 18 19 -21 -22 -23 -24 -25 -26 -27 27 -29 -30 -31
leaf_value=-0.079855949827993739 0.060876785802274243 -0.051533818241255656 0.059370530452415977 0.085546016816455989 -0.05491633718378898 0.060182512029871744 0.032607259628939254 0.088437395903261662 0.08573979424308463 0.14546602039509349 -0.036917814520386526 -0.033236555707798127 -0.0092413317905800235 0.0061934248606627523 0.093046476055536897 -0.056790132175512875 0.067783118759352917 -0.069502897920418347 -0.0052699106651224008 0.39869559889511663 0.086905351228519598 0.017216050252193096 0.06345550225308548 0.0066035225905775319 0.037013462946563963 0.092693079078079429 -0.019593449684741242 0.083114780495148838 0.056765810557535039 0.28995572685358539
leaf_weight=13026.114798394032 250.08008804079145 171.41293618083 600.76768018305302 619.46611904352903 115.02184091508389 201.35255062952638 765.97328296676278 7084.3522028848529 1079.5475059524179 46.094408311881125 202.31141506973654 522.26150667481124 215.28193113114685 1505.4827194493264 68.596275944262743 164.95691717322916 44.134056776762009 719.55639059282839 36.939604286104441 10.750633153133093 230.71484787762165 414.3008571267128 546.34949116501957 216.99591689929366 21.287352665327489 70.515161346644163 130.8944569081068 530.79311081022024 163.16623312979937 1.4432690162211645
leaf_count=1448091 1997 6468 4463 5785 5722 1326 3903 75424 10728 376 3462 13283 4784 18043 445 2756 251 75379 2533 226 2113 2954 3726 2438 1248 572 637 4887 973 26
internal_value=-0.0043712 -0.0627872 0.0722435 0.0428255 -0.0770286 0.0221371 0.0105637 0.0830987 0.066834 0.047021 0.0171426 -0.00431138 0.0243101 -0.00130585 0.00364501 -2.62392e-05 -0.025365 -0.0785648 -0.057235 0.0857945 0.0504509 0.0421652 0.0698362 -0.0133903 -0.0664423 0.0376724 0.0718727 0.0616041 0.0227762 -0.0506426
internal_weight=29776.9 16895 12881.9 3472.19 14148.1 2027.87 2746.94 9409.68 2325.33 1044.84 452.392 983.03 416.634 1910.45 1739.04 1670.44 566.396 13814.6 788.534 47.6902 1245.78 1015.07 592.444 333.461 740.844 836.488 1444.32 824.854 294.061 116.465
internal_count=1705019 1567850 137169 41487 1535663 29205 32187 95682 20258 9561 5459 19644 6110 27712 21244 20799 13534 1527477 79386 2759 9530 7417 4102 8186 76627 4475 12282 6497 1610 5748
is_linear=0
shrinkage=0.08


Tree=27
num_leaves=31
num_cat=0
split_feature=10 15 5 10 2 0 11 1 6 6 6 11 10 16 5 5 0 0 6 4 4 11 5 0 4 11 14 1 14 2
split_gain=18840.8 2802.5 485.862 308.486 306.998 177.044 175.046 134.981 131.653 120.428 106.494 86.7053 83.8568 124.39 202.587 77.592 76.4988 148.488 75.3706 66.821 96.8787 64.25 55.6541 49.5385 47.4468 74.9452 46.1965 43.0202 41.6561 39.7109
threshold=0.24568965286016467 0.68563532829284679 0.32672683894634252 0.55902779102325451 0.19433516263961795 0.94570022821426403 0.43650794029235845 0.89022758603096019 0.29217478632926946 0.15849281847476962 0.51887464523315441 0.17424242943525317 0.11651583760976793 1.0000000180025095e-35 0.28035087883472448 0.071946170181036009 0.15535445511341098 0.65868008136749279 0.2314560413360596 0.13392857462167743 0.84523808956146251 1.0000000180025095e-35 0.53529900312423717 0.89512962102890026 0.31666667759418493 0.29285715520381933 0.34894689917564398 0.65733855962753307 0.25728431344032293 0.19433516263961795
decision_type=2 2 2 2 2 2 2 2 2 2 2 2 2 2 2 2 2 2 2 2 2 2 2 2 2 2 2 2 2 2
left_child=1 4 3 9 8 18 7 19 21 16 27 28 -6 14 -14 -12 -2 -18 24 -4 -21 -1 -20 -24 -3 -26 -23 -11 -7 -5
right_child=2 5 6 29 12 11 -8 -9 -10 10 15 -13 13 -15 -16 -17 17 -19 22 20 -22 26 23 -25 25 -27 -28 -29 -30 -31
leaf_value=0.15436115909781545 0.068957683958441637 -0.051809679622443323 0.095051334402440221 0.083815411293670275 -0.079647578676212541 -0.034755104656881752 0.087811638032254863 0.081240180606815593 -0.072429440925065244 -0.036242252183356027 0.0030709277192300156 0.087562741536667571 -0.04886954902539966 -0.07612847291406652 0.10905560891342767 0.10202138658246104 -0.045514810680087212 0.085276199764018928 -0.053351427972859911 0.019754864908600751 0.072399590578026765 -0.058753890202225489 0.17186178250853382 -0.016128310812294711 -0.00057384082477653856 0.09008071625682039 0.037852878254752233 0.061510047160299321 0.025059762077048756 0.056091727624654218
leaf_weight=25.264679254032671 295.2206973079592 102.21210999414325 140.89840469881892 599.01206817477942 12103.765163509175 78.707184141501784 6808.7746948646381 1231.4197683110833 110.31043357402086 448.21706434804946 149.50762503128499 140.85842246934772 210.32635405939072 515.18175064772367 69.054253668524325 76.756065944209695 137.16202864795923 93.371566457673907 327.61889301612973 710.34562919475138 326.56535888835788 39.338350157253444 13.400848900899289 27.140744414180517 846.08926274627447 62.688201865181327 162.70771497953683 30.793190825730562 1398.792533502914 738.11857236921787
leaf_count=165 1980 3192 1064 5930 1460008 1452 77076 12815 7651 6998 1643 1177 12569 51965 1967 801 2638 786 12347 5471 2721 3042 126 347 12760 425 2294 295 7348 5966
internal_value=-0.00430829 -0.0602054 0.0726805 0.0419077 -0.0760237 0.00964274 0.0812539 0.062721 -0.000717264 0.0130109 -0.008593 0.0275909 -0.0779949 -0.0528188 -0.00983533 0.0366382 0.0419915 0.00745865 -0.0114184 0.0433589 0.0363348 0.0340836 -0.0424097 0.046011 -0.000132641 0.00567958 0.0190435 -0.0299582 0.0218734 0.0685115
internal_weight=28019.6 16233.5 11786.2 2568.16 13235.9 2997.51 9218 2409.23 337.621 1231.03 705.274 1618.36 12898.3 794.562 279.381 226.264 525.754 230.534 1379.15 1177.81 1036.91 227.311 368.16 40.5416 1010.99 908.777 202.046 479.01 1477.5 1337.13
internal_count=1705019 1578835 126184 27037 1539661 39174 99147 22071 13152 15141 9737 9977 1526509 66501 14536 2444 5404 3424 29197 9256 8192 5501 12820 473 16377 13185 5336 7293 8800 11896
is_linear=0
shrinkage=0.08


Tree=28
num_leaves=31
num_cat=0
split_feature=10 15 15 11 7 2 7 16 4 6 11 5 1 1 6 14 11 1 7 16 15 11 6 5 0 2 6 6 2 5
split_gain=17045.9 2528.76 642.486 300.392 218.992 136.409 133.248 142.101 128.331 108.588 105.295 100.867 233.263 88.2826 58.6672 52.575 138.545 170.443 48.9377 52.9114 46.9437 44.0344 41.9441 37.5545 41.3288 40.4426 52.1288 38.7119 36.2026 47.5703
threshold=0.21132376790046695 0.68563532829284679 0.84755694866180431 0.63333335518836986 0.6079215705394746 0.81120249629020702 0.94764256477355968 1.0000000180025095e-35 0.84523808956146251 0.059411764144897468 0.41428571939468389 0.085960593074560179 0.2362911254167557 0.92031747102737438 0.41967740654945379 0.57587876915931713 0.29285715520381933 0.78705966472625744 0.97718599438667308 1.0000000180025095e-35 0.81823650002479564 0.11805555596947671 0.2674796879291535 0.31296642124652868 0.66987180709838878 0.19433516263961795 0.57735043764114391 0.27823315560817724 0.91010102629661571 0.59137290716171276
decision_type=2 2 2 2 2 2 2 2 2 2 2 2 2 2 2 2 2 2 2 2 2 2 2 2 2 2 2 2 2 2
left_child=1 4 3 5 15 6 7 -2 9 28 13 12 22 18 -14 -1 -17 -18 19 -4 -11 -10 -5 25 -25 27 -27 -6 29 -3
right_child=2 8 10 11 23 -7 -8 -9 21 20 -12 -13 14 -15 -16 16 17 -19 -20 -21 -22 -23 -24 24 -26 26 -28 -29 -30 -31
leaf_value=-0.079751502604905516 0.024647599689410632 0.036681302478067661 0.056866255217010872 0.082633199510798561 0.038151453150145613 0.067795314201539267 0.055843281994705805 -0.029674785025943819 0.023805295446716876 -0.038059062701869845 0.086881232898867539 0.085941361567780192 -0.049484400313236102 0.083587832515942692 0.02416621203293726 -0.066480155381477724 0.010196990628225742 0.43060780317066027 0.081543144890504599 0.014973024510013587 -0.0061159476329246381 0.08444705944544896 0.037381686591758827 0.21049228036785519 -0.036381865439997031 -0.061998388233648311 0.09472894998857255 -0.063939013813373857 0.069962668640403264 -0.040065319895093814
leaf_weight=11112.777088673785 602.72473781555891 184.46869851928204 483.45181910693645 540.58166176453233 105.35480446182191 297.19381010811776 306.06286208704114 630.67041277512908 1072.8282096115872 462.62613246310502 5949.1626204252243 777.34571717213839 146.76762515213341 917.48285569250584 131.00164891779423 609.43433080939576 38.132816484197974 7.3635924495756617 236.48484483361244 321.10209476202726 809.94074487034231 82.530681135132909 173.06382439937443 10.056808438152077 7.6345137022435656 129.85587918385863 15.168696063570676 30.697766343131661 110.46662585996091 71.810585940256715
leaf_count=1446283 5035 3396 3955 5394 619 2436 2448 14154 5782 17406 73114 7966 3687 10447 1777 74056 2638 110 2396 2392 8741 700 1968 109 337 5624 423 411 587 628
internal_value=-0.00424637 -0.0608546 0.0688237 0.0408356 -0.0767361 0.0181747 0.0085954 -0.003129 0.00771675 -0.00667517 0.0815845 0.0643664 0.0474499 0.0654954 -0.0147493 -0.0784534 -0.0564268 0.0782405 0.0495502 0.0401464 -0.0177285 0.0281371 0.0716594 -0.00909789 0.103956 -0.0162137 -0.0456057 0.0151166 0.0316785 0.0151766
internal_weight=26374.2 14861.1 11513.1 3605.41 12066.5 1836.65 1539.46 1233.4 2794.67 1639.31 7907.68 1768.76 991.415 1958.52 277.769 11767.7 654.931 45.4964 1041.04 804.554 1272.57 1155.36 713.645 298.768 17.6913 281.077 145.025 136.053 366.746 256.279
internal_count=1705019 1567850 137169 44865 1530610 24073 21637 19189 37240 30758 92304 20792 12826 19190 5464 1523087 76804 2748 8743 6347 26147 6482 7362 7523 446 7077 6047 1030 4611 4024
is_linear=0
shrinkage=0.08


Tree=29
num_leaves=31
num_cat=0
split_feature=7 15 15 11 8 0 11 4 16 15 1 5 1 11 11 4 0 7 14 6 6 16 2 11 6 15 11 5 4 2
split_gain=15379.8 2361.34 850.006 413.706 134.808 123.334 123.189 111.327 106.783 122.231 97.1806 82.7287 166.61 68.9274 76.1102 71.6943 59.2465 54.6761 54.3021 54.0313 48.7671 47.9803 42.967 39.8451 38.5978 30.7539 88.0751 30.1861 29.1648 23.0895
threshold=0.6079215705394746 0.66021290421485912 0.84755694866180431 0.52777779102325451 0.74311000108718883 0.94360822439193737 0.41428571939468389 0.077380955219268813 1.0000000180025095e-35 0.78766316175460827 0.95101958513259899 0.085960593074560179 0.2362911254167557 0.13392857462167743 0.43650794029235845 0.11805555596947671 0.15535445511341098 0.97718599438667308 1.0000000180025095e-35 0.15184453129768374 0.46470099687576299 1.0000000180025095e-35 0.93405798077583324 0.95454546809196483 0.2674796879291535 0.61973884701728832 0.29285715520381933 0.47114317119121557 0.31666667759418493 0.58759590983390819
decision_type=2 2 2 2 2 2 2 2 2 2 2 2 2 2 2 2 2 2 2 2 2 2 2 2 2 2 2 2 2 2
left_child=1 16 3 4 5 7 10 -2 22 -10 17 12 24 15 -15 -6 19 18 -4 21 -14 23 -3 -1 -5 -18 -27 -28 -11 -30
right_child=2 8 6 11 13 -7 -8 -9 9 28 -12 -13 20 14 -16 -17 25 -19 -20 -21 -22 -23 -24 -25 -26 26 27 -29 29 -31
leaf_value=0.121428698657763 0.010103442883897615 0.016662818699312722 -0.019131684237987896 0.078593442216803505 0.09844376494803278 0.056962261939268892 0.086145468451807247 -0.035826649528349491 -0.054266886125039847 -0.058973606545117851 0.086200991530704749 0.083220399127460307 -0.037973856125947794 -0.031354928492816188 0.050119379260096554 0.017816649008471411 -0.079401678528514041 0.080848000605143078 0.046027676936725305 -0.062439274068779874 0.03248157913658116 -0.0008362602127758923 0.053167545222726612 0.49147976932285342 0.035037812119340768 -0.062820638271619864 -0.0026915173540361919 0.23076885798366045 -0.052355334454045624 0.0090805196930804286
leaf_weight=9.0237042028456909 771.03392016887665 867.31616061273962 90.583618201315403 532.00413920916617 197.21131268888712 201.83723526634276 5564.265086710453 601.00816342234612 286.04143340000883 44.908783252350986 704.73400788754225 756.24827692192048 145.00771869253367 127.03549904376268 173.73901711218059 109.92708434164524 10591.385323676746 265.72028155624866 849.4245231077075 59.130927556660026 111.0077049145475 24.668926129117608 270.78138971142471 2.3464599959552279 172.41245582327247 211.5804375349544 5.8499089460819951 8.9943752940744144 40.659279453568161 1055.9539130907506
leaf_count=401 7738 7740 750 5366 1774 1502 73407 13507 20748 2175 8557 7971 1654 829 1422 720 1489403 2931 7330 6088 860 1659 1618 89 1506 26369 421 176 874 9434
internal_value=-0.00417916 -0.0619893 0.064333 0.0340492 0.0109325 -0.00142635 0.0801276 -0.0100157 0.00706936 -0.00750309 0.0626004 0.0634291 0.0478453 0.0429293 0.0157078 0.0695867 -0.0782251 0.0488062 0.0397486 -0.0153803 -0.00742454 0.0618313 0.0253482 0.197796 0.0679328 -0.078778 -0.0496047 0.138766 0.00421494 0.00680265
internal_weight=24851.8 13478.6 11373.2 3898.47 2181.79 1573.88 7474.73 1372.04 2565.66 1427.56 1910.46 1716.68 960.432 607.913 300.775 307.138 10913 1205.73 940.008 95.17 256.015 36.0391 1138.1 11.3702 704.417 10817.8 226.425 14.8443 1141.52 1096.61
internal_count=1705019 1567195 137824 44849 27492 22747 92975 21245 42589 33231 19568 17357 9386 4745 2251 2494 1524606 11011 8080 8237 2514 2149 9358 490 6872 1516369 26966 597 12483 10308
is_linear=0
shrinkage=0.08


Tree=30
num_leaves=31
num_cat=0
split_feature=8 15 2 15 11 11 6 15 4 16 11 14 11 5 1 8 1 1 14 11 4 11 11 5 2 16 6 2 1 0
split_gain=12869.8 2917.93 758.114 333.836 324.086 200.759 195.852 178.113 120.482 97.0883 91.5826 90.874 127.966 191.38 78.8372 75.6917 87.0745 55.276 54.5361 54.2266 73.7572 68.5791 52.7204 50.9101 96.0862 43.3264 40.6256 39.4693 38.3736 43.5113
threshold=0.61655250191688549 0.64891251921653759 0.19433516263961795 0.87134066224098217 0.29285715520381933 0.63333335518836986 0.29217478632926946 0.81823650002479564 0.31666667759418493 1.0000000180025095e-35 0.41428571939468389 0.57587876915931713 0.23611111193895343 0.22517605125904086 0.95101958513259899 0.74311000108718883 0.83424907922744762 0.95101958513259899 0.018265220336616043 0.13392857462167743 0.11805555596947671 0.43650794029235845 1.0000000180025095e-35 0.1465040594339371 0.19433516263961795 1.0000000180025095e-35 0.60922586917877208 0.89512962102890026 0.7099788784980775 0.65142410993576061
decision_type=2 2 2 2 2 2 2 2 2 2 2 2 2 2 2 2 2 2 2 2 2 2 2 2 2 2 2 2 2 2
left_child=1 2 6 5 7 15 22 9 28 27 14 -4 -13 -14 18 16 -2 -9 -5 20 -17 -21 -1 24 -7 -24 -26 -3 29 -6
right_child=3 4 11 10 8 23 -8 17 -10 -11 -12 12 13 -15 -16 19 -18 -19 -20 21 -22 -23 25 -25 26 -27 -28 -29 -30 -31
leaf_value=0.12498253607777747 -0.013319488470816328 -0.010196705063726353 -0.078906846228003424 -0.00084237893210059914 0.040673440931762318 0.076681537436775915 -0.065961629355427362 0.0070117872726681253 0.086678711708535458 -0.053217046044740049 0.085679537810250769 -0.066812100230187563 -0.02601804389380805 0.2102309283995889 0.08630118256279419 0.097038689291151781 0.062664683463805354 0.03756921560940911 0.056477772506378941 -0.023116468974148582 0.024359576245869676 0.049431103423112716 0.071282392110882609 0.083634382830523157 0.0022820160242246045 0.015087983473182465 0.067976299357401918 0.060429589222120765 0.073762305431561773 -0.089157185898115485
leaf_weight=45.618101901374757 462.31337429396808 335.06613488122821 9603.8456410523504 121.55215992033482 25.974460832774639 460.5044270446524 137.1866681529209 1610.5556929530576 442.69010749645531 474.70527607388794 4829.7406165450811 496.42173581104726 113.73617695365101 27.191664143931121 594.03697356581688 192.14585607498884 121.9909259872511 495.4002697467804 842.76560617238283 144.62435178458691 167.06347863376141 196.9645424708724 132.76248553255573 661.43920762045309 232.70772816520184 259.34167861798778 81.290710932575166 59.658215300180018 24.714278324507177 45.39077686984092
leaf_count=315 5555 5556 1443296 1125 171 5262 8113 13136 4694 31514 68750 69062 3278 862 7812 1840 1092 2887 8349 966 1160 1785 1848 8273 1660 4783 616 676 199 384
internal_value=-0.00410849 -0.0513706 -0.0719473 0.0702431 0.0119617 0.0467773 0.0174445 0.00162359 0.0690543 -0.0288394 0.0802385 -0.0769655 -0.0477127 0.0195656 0.0633753 0.0238074 0.00254447 0.0142 0.0492526 0.0415357 0.0632366 0.0187154 0.0435848 0.0673343 0.0534137 0.0341148 0.0192895 0.000477677 -0.012151 -0.0419034
internal_weight=23439.4 14330.3 10816.1 9109.14 3514.16 2721.04 574.909 2975.39 538.77 869.43 6388.1 10241.2 637.35 140.928 1558.35 1285.1 584.304 2105.96 964.318 700.798 359.209 341.589 437.722 1435.94 774.503 392.104 313.998 394.724 96.0795 71.3652
internal_count=1705019 1590774 1531557 114245 59217 28209 15059 53769 5448 37746 86036 1516498 73202 4140 17286 12398 6647 16023 9474 5751 3000 2751 6946 15811 7538 6631 2276 6232 754 555
is_linear=0
shrinkage=0.08


Tree=31
num_leaves=31
num_cat=0
split_feature=10 15 15 7 10 2 0 16 12 12 2 14 10 1 1 4 6 8 7 16 8 4 14 16 15 2 10 10 6 2
split_gain=12660.9 2300.77 463.07 323.026 161.772 177.098 110.6 98.2536 66.5012 61.978 61.3891 61.3153 121.632 122.427 58.564 58.4845 57.0391 44.5903 40.4939 47.1418 35.9373 35.0384 32.6119 30.568 30.064 89.8546 44.8659 29.4634 27.4319 82.0618
threshold=0.24568965286016467 0.68563532829284679 0.87134066224098217 0.6079215705394746 0.55902779102325451 0.78738203644752514 0.94570022821426403 1.0000000180025095e-35 1.0000000180025095e-35 1.0000000180025095e-35 0.22401433438062671 0.57587876915931713 0.061553031206130988 0.78456193208694469 0.95101958513259899 0.31666667759418493 0.2314560413360596 0.45341086387634283 0.97718599438667308 1.0000000180025095e-35 0.5085725486278535 0.31666667759418493 0.25728431344032293 1.0000000180025095e-35 0.28849306702613836 0.51191151142120372 0.78019323945045482 0.18019481003284457 0.63733074069023143 0.39801980555057531
decision_type=2 2 2 2 2 2 2 2 2 2 2 2 2 2 2 2 2 2 2 2 2 2 2 2 2 2 2 2 2 2
left_child=1 3 4 11 5 7 16 15 22 14 -9 -1 -13 -14 18 -2 17 21 19 -4 28 -3 27 -22 -6 26 -26 -8 -5 -30
right_child=2 6 9 20 24 -7 8 10 -10 -11 -12 12 13 -15 -16 -17 -18 -19 -20 -21 23 -23 -24 -25 25 -27 -28 -29 29 -31
leaf_value=-0.079197697694334018 0.018473677453026648 -0.046213881758496202 0.058085209681566261 0.0055990867401877554 0.080568805403807273 0.069453041107771271 -0.086537942461157549 0.019293006245512324 0.078549170222038153 0.083297050311600382 -0.027352685019593915 -0.066948857751651394 -0.00088686232800911854 0.28124182593261859 0.085957947058867001 0.066581380062504636 -0.038634633212892303 -0.040742873947064925 0.080795228894533638 0.011220674455507854 0.0075116227921213754 0.011796392331806446 0.019250357362123022 -0.066559095327739778 -0.0023615005467148608 0.076577098444171737 0.053856672704325446 0.015168014462593447 0.026436319187871666 0.51129216221908846
leaf_weight=8863.2021073084325 491.87376310955733 73.036795018240809 333.18007646501064 254.81578109227121 444.7680576518178 481.99081627745181 36.441418665461242 319.09100202331319 119.60815001744777 4915.6168428435922 415.95880452916026 469.79022888746113 66.162825219798833 11.564379352610556 452.09885830432177 240.95847053546458 337.1501774135977 149.4360088808462 197.89392132312059 233.74648679047823 58.989567988552153 760.47189298085868 1365.2667681509629 90.152836034540087 189.25010348111391 513.96307240799069 174.74319555610418 36.475915235467255 11.734590938314794 2.7594078658148637
leaf_count=1452465 4475 2743 3265 3651 5624 5013 1107 2517 1213 74114 9257 70897 5575 397 6372 1884 12820 2981 2423 2023 1054 10653 7324 5428 1260 6644 1313 333 167 27
internal_value=-0.00403541 -0.0561149 0.0663279 -0.0745346 0.042028 0.0273784 0.00679599 0.0135629 0.0212331 0.0792955 -0.00710342 -0.0775927 -0.0516115 0.0410887 0.0631315 0.0342917 -0.0102406 -0.000501495 0.0496385 0.0387627 -0.00575828 0.0067132 0.0164663 -0.0372623 0.0636235 0.0550392 0.0246273 -0.0356609 0.0116885 0.118745
internal_weight=22112.2 12707.1 9405.13 9829.17 3272.6 1949.87 2877.89 1467.88 1557.79 6132.54 735.05 9410.72 547.517 77.7272 1216.92 732.832 1320.09 982.945 764.82 566.927 418.452 833.509 1438.18 149.142 1322.72 877.956 363.993 72.9173 269.31 14.494
internal_count=1705019 1578835 126184 1539661 37987 23146 39174 18133 9977 88197 11774 1529334 76869 5972 14083 6359 29197 16377 7711 5288 10327 13396 8764 6482 14841 9217 2573 1440 3845 194
is_linear=0
shrinkage=0.08


Tree=32
num_leaves=31
num_cat=0
split_feature=10 14 15 11 0 11 16 7 11 2 2 7 4 4 10 16 16 2 2 11 2 6 6 10 6 0 6 14 14 11
split_gain=11434.9 2079.66 684.41 244.864 206.165 131.486 110.409 137.435 94.9768 93.7768 142.046 93.1829 93.1157 117.875 66.5312 84.4208 66.12 57.8455 52.7267 52.5054 46.8669 43.5274 42.5655 41.3817 54.276 38.9293 266.543 38.2145 35.9106 28.5081
threshold=0.19722222536802295 0.61437177658081066 0.84755694866180431 0.52777779102325451 0.81120249629020702 0.41428571939468389 1.0000000180025095e-35 0.97067421674728405 0.17424242943525317 0.51191151142120372 0.19433516263961795 0.71746492385864269 0.84523808956146251 0.73214286565780651 0.12310606241226198 1.0000000180025095e-35 1.0000000180025095e-35 0.81120249629020702 0.90054944157600414 0.10555555671453477 0.92403846979141246 0.2806250005960465 0.13714733719825747 0.098387096077203764 0.061862245202064521 0.97100839018821727 0.048199767246842391 0.018265220336616043 0.77823317050933849 0.38750000298023229
decision_type=2 2 2 2 2 2 2 2 2 2 2 2 2 2 2 2 2 2 2 2 2 2 2 2 2 2 2 2 2 2
left_child=1 14 3 6 16 12 17 18 20 10 21 -12 13 22 -1 -16 -3 19 -8 -2 28 -5 -4 24 -10 26 -14 -15 -6 -9
right_child=2 4 5 9 8 -7 7 29 23 -11 11 -13 25 27 15 -17 -18 -19 -20 -21 -22 -23 -24 -25 -26 -27 -28 -29 -30 -31
leaf_value=-0.079790168234565917 0.050109348732214121 -0.0057357618957527131 0.065839110096381701 0.079228987289733308 -0.05517425294862676 0.08426674801391712 -0.025028987172388641 0.085050432486256933 0.6314261254266732 0.08223341129965682 -0.069499119639695253 0.02497435427910244 -0.42532165971742464 -0.20201033881800154 -0.0076522837381068848 -0.074950827352669031 -0.051831080900497484 0.075061585697074981 0.062933295821637536 0.0048552655163977909 0.029291244684468754 0.018986705992100898 0.02310052584827357 0.084797998954716333 0.13115041264099694 0.078952838009671733 0.068059796254853908 -0.036938266772934589 0.0049865706377279799 0.022062653808079823
leaf_weight=7949.6088261716068 275.85300402482972 325.56014390662313 333.3910059928894 440.67953314166516 66.434915594756603 4465.0446590445936 756.23679930018261 101.26836117357016 2.1035151262767604 553.01364805689082 82.144300457090139 358.13633706793189 7.7465381249785414 10.450848683714865 189.46472703851759 322.09959070198238 512.95458011608571 172.44860155042261 46.282347063533962 404.97472589556128 568.59996116068214 92.951844966039062 269.8631878644228 65.266696623060852 4.0799594223499298 858.1659167855978 73.485676296055317 63.581467784941196 1437.5365729397163 84.242735892534256
leaf_count=1411731 2283 14426 3619 5400 5197 73205 20309 1048 51 7253 6707 2432 82 81 10583 40802 58327 1486 370 4549 3450 1243 2270 610 187 11731 890 622 13369 706
internal_value=-0.00396147 -0.0577427 0.0611665 0.0322367 -0.000301306 0.0771886 0.0125942 -0.00561076 0.0128523 0.0559234 0.0409839 0.00734819 0.05764 0.0350286 -0.0779906 -0.0500259 -0.0339342 0.0336741 -0.0199561 0.023191 0.00972602 0.0687355 0.0467202 0.103538 0.301336 0.0739423 0.0210095 -0.0602408 0.00232909 0.056447
internal_weight=20893.7 11443.7 9449.96 3368.23 2982.54 6081.73 1841.31 988.03 2144.02 1526.93 973.912 440.281 1616.68 677.287 8461.17 511.564 838.515 853.276 802.519 680.828 2072.57 533.631 603.254 71.4502 6.18347 939.398 81.2322 74.0323 1503.97 185.511
internal_count=1705019 1558733 146286 53786 95617 92500 30751 22433 22864 23035 15782 9139 19295 6592 1463116 51385 72753 8318 20679 6832 22016 6643 5889 848 238 12703 972 703 18566 1754
is_linear=0
shrinkage=0.08


Tree=33
num_leaves=31
num_cat=0
split_feature=10 14 15 11 2 11 5 2 1 2 2 11 5 6 10 16 11 10 15 4 6 4 4 1 1 6 15 1 15 2
split_gain=10298.9 2006.71 676.251 224.909 180.907 137.528 99.6327 148.961 97.7882 96.5949 99.5431 115.761 107.335 71.3706 70.7675 81.4717 69.6937 56.0379 51.3607 46.0557 110.924 107.572 41.6039 47.2142 40.7425 39.7163 32.7756 32.3908 30.5217 27.3621
threshold=0.19722222536802295 0.61437177658081066 0.84755694866180431 0.63333335518836986 0.680425524711609 0.41428571939468389 0.16345082968473437 0.19433516263961795 0.92031747102737438 0.81120249629020702 0.22401433438062671 0.095454547554254546 0.189422182738781 0.65821567177772533 0.12310606241226198 1.0000000180025095e-35 0.17424242943525317 0.11651583760976793 0.61973884701728832 0.84523808956146251 0.063164893537759795 0.73214286565780651 0.23611111193895343 0.81120249629020702 0.67717123031616222 0.29459981620311743 0.55082297325134288 0.27334994077682501 0.66021290421485912 0.85867896676063549
decision_type=2 2 2 2 2 2 2 2 2 2 2 2 2 2 2 2 2 2 2 2 2 2 2 2 2 2 2 2 2 2
left_child=1 14 3 9 17 8 7 25 19 10 11 -2 -12 -9 -1 -16 24 18 27 21 -21 -4 -11 -24 29 -5 -26 -3 -18 -6
right_child=2 4 5 6 16 -7 -8 13 -10 22 12 -13 -14 -15 15 -17 28 -19 -20 20 -22 -23 23 -25 26 -27 -28 -29 -30 -31
leaf_value=-0.079686725682081655 0.10098206763649628 0.024101183709140793 0.036985542610783684 0.077325212286753334 -0.05176619077477812 0.083711389627759494 0.081327615896665456 -0.013098073207160742 0.078831686053689481 0.10503072649518495 -0.042415714607184553 0.011540247238225245 0.010399091029907532 0.075907078178888851 -0.0070687795234336756 -0.074137085670537686 0.20482353341850665 0.012108444064289643 -0.022135387810826149 -0.18872729120893553 0.070252258992711147 -0.072481389844926455 -0.066203632255537478 0.050044450814769936 -0.072183258130489009 0.017290527150149903 0.013962872267982296 -0.072748436730187271 0.066674077834886755 0.2078838611181594
leaf_weight=7347.5607364522293 121.57814108021557 24.040462780743837 480.04021564126015 416.12489693984389 83.310674249660224 4147.9921872280538 539.12003228440881 338.76495876256377 666.62723722308874 76.281021531671286 405.49787277914584 388.69803406950086 627.16072598705068 69.486030120402575 188.72799527365714 300.46900265617296 12.38002244196832 166.86486110277474 451.25059486599639 10.946178659796713 320.46821092814207 65.263833805918694 25.392519142944366 187.2639131275937 28.705090321134776 84.917039727792144 1846.33590610791 273.90130996378139 59.073770776391029 2.6810757983475915
leaf_count=1411731 1265 1269 4346 5414 4645 73205 7440 8043 10504 775 12320 3673 10806 847 10583 40802 321 2365 21221 87 3814 544 338 1694 4709 1171 14917 45588 559 23
internal_value=-0.00387852 -0.0565585 0.0594511 0.0305204 -0.000300966 0.0761258 0.0540784 0.0379223 0.0557382 0.0118936 0.00394398 0.0328506 -0.0103399 0.00205098 -0.0777251 -0.0482627 0.0130024 -0.0298176 -0.0391556 0.0381786 0.0616985 0.0238842 0.054345 0.0361637 0.0101746 0.0671505 0.0126441 -0.0649338 0.0906097 -0.0436707
internal_weight=19756.9 10785.3 8971.62 3280.29 2948.54 5691.34 1448.41 909.293 1543.35 1831.87 1542.93 510.276 1032.66 408.251 7836.76 489.197 2032.49 916.057 749.192 876.718 331.414 545.304 288.937 212.656 1961.03 501.042 1875.04 297.942 71.4538 85.9918
internal_count=1705019 1558733 146286 53786 95617 92500 22915 15475 19295 30871 28064 4938 23126 8890 1463116 51385 25174 70443 68078 8791 3901 4890 2807 2032 24294 6585 19626 46857 880 4668
is_linear=0
shrinkage=0.08


Tree=34
num_leaves=31
num_cat=0
split_feature=10 15 15 7 11 11 16 14 1 5 2 2 5 7 16 2 15 14 6 1 6 2 6 11 11 8 7 14 10 14
split_gain=9288.53 2005.57 466.479 314.541 184.177 111.652 107.044 120.807 85.3882 84.7922 104.369 79.7882 76.2405 68.2067 76.7096 66.5584 60.8627 52.0268 50.3768 49.3129 49.2359 43.5308 74.1208 46.6998 41.0019 44.5195 40.4896 37.3366 36.6889 29.958
threshold=0.24568965286016467 0.64891251921653759 0.87134066224098217 0.6079215705394746 0.63333335518836986 0.41428571939468389 1.0000000180025095e-35 0.57587876915931713 0.95101958513259899 0.16345082968473437 0.19433516263961795 0.82891985774040233 0.27346041798591619 0.94764256477355968 1.0000000180025095e-35 0.93405798077583324 0.25545510649681097 0.018265220336616043 0.15184453129768374 0.71209660172462474 0.65821567177772533 0.22401433438062671 0.6209508776664735 0.095454547554254546 0.29285715520381933 0.4349645227193833 0.9656854271888734 0.25979138910770422 0.8603896200656892 0.57587876915931713
decision_type=2 2 2 2 2 2 2 2 2 2 2 2 2 2 2 2 2 2 2 2 2 2 2 2 2 2 2 2 2 2
left_child=1 3 4 16 11 8 15 -8 17 10 -6 13 21 14 -2 24 18 28 27 -9 -12 23 -23 -5 25 -3 -19 -1 -4 -18
right_child=2 6 5 12 9 -7 7 19 -10 -11 20 -13 -14 -15 -16 -17 29 26 -20 -21 -22 22 -24 -25 -26 -27 -28 -29 -30 -31
leaf_value=-0.07247913545480586 0.022532245283837491 0.012007094650048089 -0.031082679854014084 0.13221158186205367 0.066556378692938595 0.083500450726975525 -0.074200847905758746 -0.03170776218183298 0.084023730496176618 0.080592240397965725 -0.0043356476380481306 0.059856378225659659 0.16997249116858321 0.045693659392068577 -0.020472515928667463 0.05143611035583924 -0.079549564902107045 0.03718946514845934 -0.060509765020301635 0.0051963460068856224 0.0725141423906039 -0.062657474547914524 0.12904797779092911 0.0022191248604257201 0.050577808695655577 -0.031894918304638697 0.078225435708777102 0.1122734280031157 0.087331314119492479 -0.057317159944524645
leaf_weight=9.6026797383092326 524.94696833658963 853.14338897587731 91.42358024045825 19.56046152766794 451.80877701286227 3688.0007004886866 174.84582031983882 301.80577567592263 465.30465684086084 588.36464356444776 303.46779127698392 242.13068132661283 15.94843770842999 271.85669010877609 537.02428837446496 312.95302203996107 6883.9600301496685 530.52465538308024 54.078247305005789 998.11119114002213 64.737079635262489 126.65445604827255 14.372525142040102 184.68740019528195 139.72135483007878 178.81379764899611 216.7566192522645 25.83452505338937 20.501013372093439 411.06355311116204
leaf_count=1082 4129 6893 852 116 6079 70296 14265 18340 8091 9116 3864 2589 264 2626 8939 2467 1433987 5696 7920 8745 645 6304 297 1545 1142 2922 2989 1351 273 71195
internal_value=-0.00379502 -0.0525234 0.0614363 -0.0739268 0.0363954 0.0763451 0.00349654 -0.0117692 0.0564217 0.0574185 0.0407912 0.0176078 -0.00103632 0.00993841 0.000785328 0.0186608 -0.0774923 0.0414738 -0.0119278 -0.0033718 0.00917594 -0.00893531 -0.0431201 0.0146683 0.00990658 0.00439991 0.0490924 0.0622097 -0.00939302 -0.0782968
internal_weight=18702 10705.2 7996.85 7745.76 2984.34 5012.51 2959.39 1474.76 1324.51 1408.38 820.014 1575.96 361.223 1333.83 1061.97 1484.63 7384.54 859.206 89.5155 1299.92 368.205 345.275 141.027 204.248 1171.68 1031.96 747.281 35.4372 111.925 7295.02
internal_count=1705019 1578835 126184 1524061 37987 88197 54774 41350 17901 19704 10588 18283 8526 15694 13068 13424 1515535 9810 10353 27085 4509 8262 6601 1661 10957 9815 8685 2433 1125 1505182
is_linear=0
shrinkage=0.08


Tree=35
num_leaves=31
num_cat=0
split_feature=10 14 15 11 4 11 2 2 2 11 4 1 8 14 10 1 11 2 14 14 6 7 11 10 7 2 0 15 2 6
split_gain=8361.68 1842.32 699.503 225.143 134.751 117.792 101.079 115.887 99.1723 91.4007 88.8704 87.9788 85.2267 88.8574 66.2873 51.4023 49.7931 48.8928 46.9417 45.8325 40.5334 39.9333 34.1596 32.5147 32.0866 31.2179 26.2284 25.984 24.6736 19.3243
threshold=0.18019481003284457 0.66801077127456676 0.87134066224098217 0.63333335518836986 0.31666667759418493 0.41428571939468389 0.51191151142120372 0.19433516263961795 0.89022758603096019 0.29285715520381933 0.13392857462167743 0.95101958513259899 0.74311000108718883 0.48499850928783422 0.11651583760976793 0.19139194488525393 0.13392857462167743 0.56773442029953014 0.018265220336616043 0.38115416467189794 0.29459981620311743 0.9656854271888734 0.095454547554254546 0.8603896200656892 0.68599441647529613 0.93405798077583324 0.77694860100746166 0.64891251921653759 0.69459062814712536 0.091966174542903914
decision_type=2 2 2 2 2 2 2 2 2 2 2 2 2 2 2 2 2 2 2 2 2 2 2 2 2 2 2 2 2 2
left_child=1 14 3 8 15 11 7 20 12 17 -9 18 13 -2 -1 22 -14 -6 23 -16 -5 -20 -3 -4 26 -19 -21 28 -11 -24
right_child=2 4 5 6 9 -7 -8 10 -10 27 -12 -13 16 -15 19 -17 -18 25 21 24 -22 -23 29 -25 -26 -27 -28 -29 -30 -31
leaf_value=-0.079455122702395936 -0.020257033608034956 0.19557668024089389 -0.027946877477780154 0.07405821698812777 -0.040729299216616541 0.083003196325459994 0.078264371866968926 -0.0088268644700618733 0.067641118955184404 0.57517028887364818 0.09945036475262102 0.083602631427046492 0.054588334146176164 0.025112254935404314 -0.068250765323269985 -0.053836578613478812 0.0077666697022163583 0.0037840151372382285 0.035443595292655491 -0.023041198633584063 0.012209523793537055 0.077099884272986016 0.065544220962716102 0.086721093381122827 -0.066184809636143233 0.027160769516282556 0.053700673077586136 0.097150251357652151 0.19453115542610633 -0.03087516796176959
leaf_weight=6319.990299216006 879.82028858549893 6.665512323845177 93.457003235816956 379.51154747558758 135.02943302085623 3442.0564825832844 573.86887420527637 372.97185271279886 180.31177961593494 1.3312787921167899 55.767369809560478 442.28185484558344 287.46492407657206 402.75168126309291 259.20718784630299 346.43394092703238 294.06395293399692 1668.0040855715051 533.13533263653517 69.538262521382421 82.570786878932267 203.50312658399343 20.927605588920414 19.052558418363333 53.724747706204653 468.24106369167566 48.300491333007812 33.004114262759686 6.0110937571153045 36.514493237249553
leaf_count=1418574 28530 45 852 5494 11044 70599 9398 9646 2071 73 577 8233 2747 3517 39617 40410 2484 26447 5854 8146 1253 2993 139 273 652 2894 1508 333 74 542
internal_value=-0.00371384 -0.0549822 0.0552072 0.0281398 0.000576157 0.0752731 0.0520803 0.0352125 0.010988 0.00807715 0.00525707 0.0546701 0.00550806 -0.00601023 -0.0773855 -0.0416594 0.0309118 0.00595696 0.0396005 -0.0470211 0.0630063 0.0469515 0.0241455 -0.00852881 -0.0149463 0.00890794 0.00841424 0.127432 0.263547 0.00425285
internal_weight=17715.5 9472.92 8242.59 3509.1 2722.16 4733.49 1464.69 890.822 2044.41 2311.62 428.739 1291.43 1864.1 1282.57 6750.76 410.542 581.529 2271.27 849.148 430.771 462.082 736.638 64.1076 112.51 171.564 2136.25 117.839 40.3465 7.34237 57.4421
internal_count=1705019 1550498 154521 65717 82001 88804 26368 16970 39349 40865 10223 18205 37278 32047 1468497 41136 5231 40385 9972 49923 6747 8847 726 1125 10306 29341 9654 480 147 681
is_linear=0
shrinkage=0.08


Tree=36
num_leaves=31
num_cat=0
split_feature=10 15 15 7 11 11 14 11 4 1 5 1 0 6 5 5 4 11 15 4 11 9 9 7 14 15 0 6 11 7
split_gain=7520.1 1830.77 461.352 292.124 156.194 121.768 106.017 95.8499 88.6337 86.2037 82.449 84.1549 70.6545 68.7846 67.2551 61.5535 129.849 73.1219 52.3707 50.7057 48.8903 48.4785 46.8147 45.5625 46.9022 44.121 39.7768 58.6476 39.964 37.2323
threshold=0.24568965286016467 0.61973884701728832 0.87134066224098217 0.58753529191017162 0.63333335518836986 0.41428571939468389 0.28513357043266302 0.21111111342906955 0.23611111193895343 0.95101958513259899 0.17521929740905764 0.2362911254167557 0.94804319739341747 0.13100686669349673 0.26546555757522589 0.27130751311779028 0.13392857462167743 0.10555555671453477 0.25545510649681097 0.19090909510850909 0.43650794029235845 0.33404864370822912 0.36009480059146887 0.9832867980003358 1.0000000180025095e-35 0.64004489779472362 0.22401433438062671 0.6209508776664735 0.095454547554254546 0.84262126684188854
decision_type=2 2 2 2 2 2 2 2 2 2 2 2 2 2 2 2 2 2 2 2 2 2 2 2 2 2 2 2 2 2
left_child=1 3 4 18 13 9 20 12 -9 23 11 29 22 -2 26 17 -17 -15 21 -13 -3 -1 -8 24 -4 -10 28 -28 -5 -6
right_child=2 6 5 14 10 -7 7 8 25 -11 -12 19 -14 15 -16 16 -18 -19 -20 -21 -22 -23 -24 -25 -26 -27 27 -29 -30 -31
leaf_value=0.11906102262844741 0.036005269940671915 -0.053380114763250844 -0.028021235916863233 0.12374765000602021 0.0094660737397216886 0.082581918766588061 -0.0061090720807909183 -0.034685807507715792 0.36882348714189289 0.083024324956809392 0.078522990504125506 -0.0070787077849137547 0.014730931949932944 0.02784924104495055 0.19841612675567064 0.089095218458016462 -0.0097750947304201946 -0.035361664837409261 -0.078645169321518771 0.097559491377565921 0.063189978538588557 -0.042845770650397887 -0.054268923919130324 0.077401689234007143 0.03662388520492911 0.082843621042989299 -0.062122764516041963 0.10416359152046305 0.0018889651764543609 0.068291222626716441
leaf_weight=14.527967907488344 628.84859966440126 276.74573225015774 82.12756060808897 18.957175053656101 83.355293866246939 3176.3229288123548 1054.5164631404914 48.514363761991262 3.5347116137854746 401.04985952749848 507.97012661490589 271.99888237705454 1334.9708985998295 170.87029361678287 10.319324580486862 135.45800114236772 228.2828744049184 372.35343194613233 6128.1716555515304 33.262997807003558 25.116334260907024 63.871450152713805 147.21282020956278 149.96801821514964 572.83529504388571 148.74746242258698 117.9467376023531 15.339700873009859 188.40142545523122 396.01462183520198
leaf_count=1017 6959 26951 701 116 943 70296 32890 458 157 8091 9004 3588 8546 3451 159 1361 2388 4124 1479632 282 428 9106 6935 2449 6660 1697 8508 395 1840 5887
internal_value=-0.00362604 -0.0500105 0.058108 -0.0737988 0.0329199 0.0743649 0.00131352 0.00627503 0.0594816 0.0527229 0.053412 0.0371551 0.00206338 0.0156729 -0.00279239 0.0015753 0.0270445 -0.0154788 -0.077814 0.00432324 -0.0436809 -0.0128433 -0.0120087 0.0376255 0.0285179 0.0894817 -0.0088877 -0.0429852 0.0130296 0.0580624
internal_weight=16807.6 9596.89 7210.72 6557.54 2828.42 4382.3 3039.36 2737.5 200.797 1205.98 1292.6 784.632 2536.7 1535.81 350.964 906.965 363.741 543.224 6206.57 305.262 301.862 78.3994 1201.73 804.931 654.963 152.282 340.645 133.286 207.359 479.37
internal_count=1705019 1578835 126184 1500773 37987 88197 78062 50683 2312 17901 19704 10700 48371 18283 11018 11324 3749 7575 1489755 3870 27379 10123 39825 9810 7361 1854 10859 8903 1956 6830
is_linear=0
shrinkage=0.08


Tree=37
num_leaves=31
num_cat=0
split_feature=10 14 15 10 16 11 0 1 1 14 1 11 16 15 11 7 16 11 11 11 4 8 2 2 16 15 1 2 2 16
split_gain=6757.06 1717.88 664.432 199.869 181.394 127.577 120.405 90.1603 88.3013 63.9094 66.0824 55.5586 50.3938 47.672 92.0988 43.8448 44.8622 42.5329 41.6993 50.453 46.5395 32.7116 32.198 29.1771 24.9804 35.088 23.689 23.3465 38.5393 21.9959
threshold=0.18019481003284457 0.61437177658081066 0.87134066224098217 0.47338935732841497 1.0000000180025095e-35 0.41428571939468389 0.80982521176338207 0.84028983116149913 0.95101958513259899 0.38115416467189794 0.80735492706298839 0.29285715520381933 1.0000000180025095e-35 0.61973884701728832 0.23611111193895343 0.9832867980003358 1.0000000180025095e-35 0.6904762089252473 0.13392857462167743 0.43650794029235845 0.11805555596947671 0.5085725486278535 0.63211598992347728 0.48313754796981817 1.0000000180025095e-35 0.64004489779472362 0.75513628125190746 0.56294015049934398 0.19433516263961795 1.0000000180025095e-35
decision_type=2 2 2 2 2 2 2 2 2 2 2 2 2 2 2 2 2 2 2 2 2 2 2 2 2 2 2 2 2 2
left_child=1 13 3 4 7 8 12 23 15 10 -6 22 -3 -1 -15 16 -4 18 20 -20 -5 -11 -8 -2 25 -16 -14 28 -19 -24
right_child=2 6 5 17 9 -7 11 -9 -10 21 -12 -13 26 14 24 -17 -18 27 19 -21 -22 -23 29 -25 -26 -27 -28 -29 -30 -31
leaf_value=-0.079217179716597114 0.0041078504229237469 -0.003635211203514007 0.045561113276984491 0.091769039013415168 -0.044192208932725942 0.08212216446295674 -0.029741164004296838 0.076580172386885054 0.082668939458970248 0.039153994472612266 0.02308578148611733 0.10108063970275857 -0.051769578702517187 -0.065750327294578512 0.34936750770261582 0.07642591006802954 0.0034100984162565556 0.074253368076431084 -0.035620846038949383 0.034754322063061713 0.014839984871035218 -0.011000524632216537 0.018957107655856082 0.033585088372713838 -0.046430267513836755 0.067053101929007597 0.042588918987089816 0.082042151304461977 0.031835438117000882 0.0016994220774728852
leaf_weight=5428.6177440066822 397.37243428826332 279.75102517334744 371.06544988229871 120.18676279485226 493.78085753461346 2963.2558379098773 142.81309274118394 228.17103499174118 381.51502438634634 153.93257325189188 115.24477384565398 40.88384409295395 392.27163718640804 226.68877933174372 3.0947835766710332 140.59130946174264 286.27633741870522 264.33350655436516 94.300821527838707 211.24894701689482 86.589362997561693 181.19088523695245 875.91465531336144 468.01871598372236 10.927622031420468 31.453334910329431 17.800752650946379 242.90370841324329 284.75994696468115 1026.7120963190682
leaf_count=1425213 8222 14184 4516 1638 26316 70599 3541 3250 8233 2352 1367 500 57257 28941 125 2452 3004 4680 688 2355 697 2150 7881 4452 786 290 728 5108 2442 11052
internal_value=-0.00353735 -0.0524475 0.0518564 0.0253187 0.00966639 0.0732651 -0.000839946 0.0318447 0.0510125 -0.0160217 -0.0314613 0.00874014 -0.0298143 -0.0775791 -0.0449066 0.0358767 0.0272041 0.0497719 0.0318101 0.0130347 0.0595543 0.012037 0.00689446 0.0200497 0.058996 0.0923425 -0.0476736 0.0613909 0.0522554 0.00964436
internal_weight=15961.7 8476.93 7484.74 3342.03 2037.71 4142.7 2776.15 1093.56 1179.45 944.149 609.026 2086.32 689.823 5700.78 272.165 797.933 657.342 1304.32 512.326 305.55 206.776 335.123 2045.44 865.391 45.4757 34.5481 410.072 791.997 549.093 1902.63
internal_count=1705019 1550498 154521 65717 48109 88804 95143 15924 18205 32185 27683 22974 72169 1455355 30142 9972 7520 17608 5378 3043 2335 4502 22474 12674 1201 415 57985 12230 7122 18933
is_linear=0
shrinkage=0.08


Tree=38
num_leaves=31
num_cat=0
split_feature=10 15 15 7 11 16 14 11 1 2 11 4 2 4 15 2 4 14 2 7 16 10 16 15 9 4 11 4 1 9
split_gain=6075.69 1726.31 353.32 350.032 129.57 123.129 133.184 122.296 84.1405 59.2712 58.983 100.701 58.6855 60.9761 57.3426 55.0438 47.9586 45.6151 43.9538 42.4368 43.1994 41.7064 42.3461 41.4297 38.6937 38.05 35.2904 41.7831 34.2155 28.5801
threshold=0.26794873178005224 0.61973884701728832 0.87134066224098217 0.58753529191017162 0.41428571939468389 1.0000000180025095e-35 0.57587876915931713 0.63333335518836986 0.95101958513259899 0.56294015049934398 0.21111111342906955 0.31666667759418493 0.19433516263961795 0.13392857462167743 0.25545510649681097 0.90054944157600414 0.095454547554254546 0.33936762809753424 0.93788579106330883 0.97067421674728405 1.0000000180025095e-35 0.75499999523162853 1.0000000180025095e-35 0.66021290421485912 0.33404864370822912 0.43650794029235845 1.0000000180025095e-35 0.10555555671453477 0.75513628125190746 0.73350083827972423
decision_type=2 2 2 2 2 2 2 2 2 2 2 2 2 2 2 2 2 2 2 2 2 2 2 2 2 2 2 2 2 2
left_child=1 3 7 14 8 10 29 15 19 12 16 -12 -9 -14 24 21 -3 -5 -18 20 -4 22 -2 -13 -1 28 27 -19 -8 -7
right_child=2 5 4 17 -6 6 25 9 -10 -11 11 23 13 -15 -16 -17 18 26 -20 -21 -22 -23 -24 -25 -26 -27 -28 -29 -30 -31
leaf_value=0.10485717167288164 0.025405656216061456 0.15529639456087449 0.042541173799491697 -0.048934460415934383 0.081738862957309352 -0.06948107529285806 -0.046586036712514385 0.062910859351287901 0.082086233571803613 0.078122345767712723 -0.028645963914120193 0.24205496459194348 0.0031497838281262214 0.084577677548235627 -0.07824266197414996 0.079774573263190901 0.0021723140100621346 0.13968708431744123 0.039522062301271144 0.06785840348530206 -0.0020809756549487334 0.067704609612419045 -0.0058335070969189043 0.073995201920077594 -0.0371135854259892 0.0045672174527001622 0.0017662906756803697 -0.051121887102965217 0.0057632335528801752 0.17568111149400709
leaf_weight=15.494205336552112 502.27740532252938 14.544836815446613 321.37355296313763 108.49846412916668 2723.1427141353488 254.39280169899575 209.51065696962178 356.78367861360312 339.10755998641253 382.55675910692662 71.436917285900563 9.9025663118809444 320.75364589132369 72.083133042789996 5275.7338906284422 82.225457955151796 1067.4191000848077 25.827607141807675 248.61950174206868 179.9950474947691 244.48730460181832 80.612945072352886 621.14930463535711 180.60069348849356 59.344084366923198 960.11065992899239 304.9061255925335 10.263634536880998 129.17194621497765 3.0800913181155911
leaf_count=1018 4069 148 4057 8731 70067 30803 21411 5841 7958 7904 605 168 2791 913 1482198 1189 13194 208 2200 3167 2452 1124 6616 2203 9217 8276 3645 1010 1805 31
internal_value=-0.00344686 -0.0456707 0.0572376 -0.07156 0.0724244 0.00201744 -0.0139855 0.0333245 0.049046 0.0524995 0.017656 0.0523561 0.0394233 0.0180913 -0.0772563 0.0164465 0.0108249 -0.00375459 0.00922824 0.034024 0.0232616 0.0121218 0.00813334 0.0827311 -0.00772056 -0.00356545 0.0106207 0.0854248 -0.0266203 -0.0665483
internal_weight=15175.4 8948.86 6226.55 5800.07 3808.11 3148.79 1556.27 2418.44 1084.96 1132.18 1592.52 261.94 749.62 392.837 5350.57 1286.27 1330.58 449.496 1316.04 745.856 565.861 1204.04 1123.43 190.503 74.8383 1298.79 340.997 36.0912 338.683 257.473
internal_count=1705019 1586871 118148 1506027 87701 80844 62326 30447 17634 17449 18518 2976 9545 3704 1492433 12998 15542 13594 15394 9676 6509 11809 10685 2371 10235 31492 4863 1218 23216 30834
is_linear=0
shrinkage=0.08


Tree=39
num_leaves=31
num_cat=0
split_feature=10 14 15 10 0 11 4 4 4 14 8 11 15 11 15 11 2 6 11 4 11 5 0 6 6 2 5 2 8 15
split_gain=5439.04 1602.98 622.147 169.236 137.537 136.748 94.2013 83.4946 91.1434 80.4874 78.2091 77.4169 52.165 51.3929 48.4153 73.6389 47.9529 45.7486 43.2284 59.0103 56.5074 41.8845 39.4869 153.245 26.2461 25.4312 25.0959 61.8013 23.9437 19.9019
threshold=0.18019481003284457 0.61437177658081066 0.87134066224098217 0.43303571641445165 0.94360822439193737 0.41428571939468389 0.31666667759418493 0.84523808956146251 0.73214286565780651 0.43252827227115637 0.74311000108718883 0.29285715520381933 0.5770278573036195 0.6904762089252473 0.61494493484497081 0.23611111193895343 0.19433516263961795 0.16064515709877017 0.13392857462167743 0.11805555596947671 0.43650794029235845 0.77913278341293346 0.97100839018821727 0.048199767246842391 0.29217478632926946 0.91458967328071605 0.085960593074560179 0.28759399056434637 0.5085725486278535 0.64891251921653759
decision_type=2 2 2 2 2 2 2 2 2 2 2 2 2 2 2 2 2 2 2 2 2 2 2 2 2 2 2 2 2 2
left_child=1 14 3 4 9 7 16 8 17 10 -2 12 -8 18 -1 -16 24 -4 19 -5 -20 -10 23 -9 -3 -14 27 -15 -11 -13
right_child=2 6 5 13 -6 -7 11 22 21 28 -12 29 25 26 15 -17 -18 -19 20 -21 -22 -23 -24 -25 -26 -27 -28 -29 -30 -31
leaf_value=-0.079046154112440065 -0.027584898673850968 0.043487238145605706 0.060502969979653105 0.092252420616072084 0.059355392257687489 0.081312690489893286 -0.06286940804144521 -0.29556557638216774 -0.10093317993762004 0.034161972570994029 0.031557524075803256 0.20521099810182761 0.00062872601417866781 0.061497894785156007 -0.063175407119093002 0.048031311591034624 -0.049312240570488712 0.0060811325829621459 -0.034019206568442283 0.0096118341734930425 0.032084049623514972 0.042293300961722638 0.073467989287500188 0.059592751626490872 -0.071750944231673372 0.01994689055748439 0.075276537490542625 -0.009490147464008029 0.0016514024149753893 0.080298365423887061
leaf_weight=4632.270360395778 780.65964468521997 62.683049506042153 223.93591237813234 120.205870334059 271.63754676282406 2549.517691552639 72.938272565137595 9.1862393170595151 50.293792624026537 349.8224625941366 175.21849033795297 11.062947450205682 1598.6053020642139 355.47297006100416 221.57453854708001 46.024626117665321 330.52623254060745 176.99250736832619 125.4561348259449 102.41392256692052 243.20962115749717 17.654261611402035 553.72680025547743 50.626628965139389 15.846550652058793 599.75430472334847 311.62544097006321 100.73002504184842 247.60480447346345 31.144071858376265
leaf_count=1420798 35244 607 3360 1739 3681 70599 17103 74 427 3909 1619 274 26218 5628 33198 1359 46755 1811 880 823 2716 255 11448 830 426 3390 6745 498 2235 370
internal_value=-0.00335706 -0.0497882 0.0485676 0.0227539 0.00683732 0.0711981 -0.000571628 0.0473741 0.0219577 -0.00234689 -0.0167437 0.00568565 0.00369072 0.0441257 -0.0771348 -0.0440489 -0.0359611 0.0364781 0.0263982 0.0542345 0.00958926 -0.0637201 0.0667977 0.00504647 0.0202332 0.00589909 0.0577772 0.0458237 0.0206879 0.113039
internal_weight=14438.4 7622.43 6815.99 3184.06 1824.94 3631.93 2722.56 1082.42 468.876 1553.31 955.878 2313.5 2271.3 1359.11 4899.87 267.599 409.056 400.928 591.286 222.62 368.666 67.9481 613.54 59.8129 78.5296 2198.36 767.828 456.203 597.427 42.207
internal_count=1705019 1550498 154521 65717 46688 88804 95143 18205 5853 43007 36863 47355 46711 19029 1455355 34557 47788 5171 6158 2562 3596 682 12352 904 1033 29608 12871 6126 6144 644
is_linear=0
shrinkage=0.08


Tree=40
num_leaves=31
num_cat=0
split_feature=10 15 5 7 11 10 1 11 14 5 6 4 6 5 0 4 14 4 4 4 1 9 9 4 6 15 2 6 11 6
split_gain=4885.87 1550.13 353.393 336.817 208.784 139.095 106.441 94.6955 98.2485 80.609 80.1037 79.6874 79.0749 68.799 62.8049 155.214 62.7554 52.4838 69.0129 50.9767 46.3728 42.1877 39.2447 36.9323 63.183 56.6671 35.6766 32.7411 30.9074 25.8108
threshold=0.26794873178005224 0.61973884701728832 0.37232102453708654 0.56425988674163829 0.41428571939468389 0.75499999523162853 0.92031747102737438 0.29285715520381933 0.52316638827323925 0.28232999145984655 0.15849281847476962 0.31666667759418493 0.52803984284400951 0.071946170181036009 0.15535445511341098 0.31666667759418493 0.33936762809753424 0.19090909510850909 0.84523808956146251 0.095454547554254546 0.19139194488525393 0.31550343334674841 0.611852526664734 0.84523808956146251 0.056079665198922164 0.72745248675346386 0.65771448612213146 0.40778534114360815 1.0000000180025095e-35 0.16064515709877017
decision_type=2 2 2 2 2 2 2 2 2 2 2 2 2 2 2 2 2 2 2 2 2 2 2 2 2 2 2 2 2 2
left_child=1 3 5 20 6 10 17 8 19 16 14 27 26 -14 -2 -16 -5 -4 -19 28 21 -1 -21 24 -10 -25 -12 -9 -3 -18
right_child=2 7 4 9 -6 -7 -8 11 23 -11 12 -13 13 -15 15 -17 29 18 -20 22 -22 -23 -24 25 -26 -27 -28 -29 -30 -31
leaf_value=0.14053099712284969 0.062558068948571868 0.2422234489012102 0.091503130687748804 -0.060024548661870063 0.08078442294403354 0.063288983271795357 0.073386685848293332 -0.044869349699376712 0.027937220143304065 0.19049614926641456 -0.030523738272363665 0.076247520055688203 -2.5466977010837169e-05 0.084983371746839287 -0.047388456307866464 0.068826842220615414 0.028925194344858105 0.0010795106240263598 0.051817711230018368 -0.056031574702437033 -0.078045810715234615 -0.037621376008277599 0.003399884297635331 0.29174528576419595 -0.013153351497124259 0.014389916708965078 0.030175894281646621 0.10052486323692598 -0.045447473071148298 -0.015320388088788099
leaf_weight=9.9378173116128874 273.00645962171257 6.5554888702463341 68.389778655022383 126.17801668285392 2569.5135101061314 450.66843150928617 429.73823511227965 62.62291753757745 303.67905126535334 12.947374118957667 456.6395657453686 184.16318766120821 164.12015929911286 96.908001638017595 150.81582298176363 143.56362783070654 163.53288127901033 503.98925824183971 260.1203427426517 317.47840097709559 4488.9159125597216 59.091643920401111 91.634145707590505 4.737713939510285 1133.1318390511442 963.27213365584612 71.702164794318378 11.776476858649401 3.7620096621103585 174.33387981797569
leaf_count=413 3275 88 868 15788 74527 8105 10412 754 4876 343 5026 2693 1297 1227 1663 1997 1926 4950 3835 34011 1472704 10841 1974 85 30844 5211 966 137 171 4012
internal_value=-0.00326021 -0.0429968 0.0539417 -0.0703515 0.0676961 0.0247822 0.0410524 0.00167986 -0.00256255 -0.00639003 0.0119915 0.0480192 -0.00448875 0.0315345 0.0349195 0.00928768 -0.0118834 0.0243613 0.018352 -0.0382909 -0.0770452 -0.0119737 -0.04272 0.00366891 -0.0044686 0.0157474 -0.0222861 -0.0218553 0.137332 0.00609518
internal_weight=13756.9 8117.75 5639.18 5034.94 3831.75 1807.42 1262.24 3082.81 2824.25 476.992 1356.76 258.563 789.37 261.028 567.386 294.379 464.045 832.499 764.11 419.43 4557.95 69.0295 409.113 2404.82 1436.81 968.01 528.342 74.3994 10.3175 337.867
internal_count=1705019 1586871 118148 1506027 94592 23556 20065 80844 77260 22069 15451 3584 8516 2524 6935 3660 21726 9653 8785 36244 1483958 11254 35985 41016 35720 5296 5992 891 259 5938
is_linear=0
shrinkage=0.08


Tree=41
num_leaves=31
num_cat=0
split_feature=7 15 15 11 11 1 4 15 16 15 7 2 7 16 7 14 4 14 11 14 11 5 9 2 2 2 16 11 4 0
split_gain=4293.71 1494.1 619.339 173.702 149.554 89.6919 80.3636 75.79 72.1524 78.6532 64.9589 59.8318 63.3428 56.3711 44.1912 44.5933 34.5573 32.8751 31.6218 29.7152 80.6283 62.4502 28.3339 27.9004 25.1505 21.9807 19.1021 17.778 17.0754 16.4848
threshold=0.6079215705394746 0.61973884701728832 0.87134066224098217 0.63333335518836986 0.41428571939468389 0.95101958513259899 0.31666667759418493 0.25545510649681097 1.0000000180025095e-35 0.75677746534347545 0.91166466474533092 0.93788579106330883 0.94764256477355968 1.0000000180025095e-35 0.99783548712730419 0.018265220336616043 0.35416667163372045 0.33936762809753424 0.23611111193895343 0.57587876915931713 0.29285715520381933 0.30330087244510656 0.53528240323066723 0.74646764993667614 0.57804551720619213 0.8841681480407716 1.0000000180025095e-35 0.41428571939468389 0.31666667759418493 0.19433516263961795
decision_type=2 2 2 2 2 2 2 2 2 2 2 2 2 2 2 2 2 2 2 2 2 2 2 2 2 2 2 2 2 2
left_child=1 7 3 11 5 14 10 17 16 -10 23 12 13 -2 15 -4 25 -1 24 -9 29 -22 26 -5 -18 -3 -19 -14 -11 -21
right_child=2 8 4 6 -6 -7 -8 19 9 28 -12 -13 27 -15 -16 -17 18 22 -20 20 21 -23 -24 -25 -26 -27 -28 -29 -30 -31
leaf_value=-0.058494329452413542 0.0091695393068975777 0.037411272927766664 -0.031264128369450681 0.00020397732655354786 0.080558757326798208 0.080716512932498527 0.085421751548485594 -0.079134070670761517 -0.052028149857676703 -0.050184998277387836 0.050387830680243384 0.068286500874601558 0.05680971625147764 -0.020613158690215218 0.080202185942731735 0.029411924451007102 -0.055338329930369093 0.10253046084561941 0.080700673628513492 1.2674996056429166 -0.041525975583563995 0.21305032912678326 0.60183786982773291 0.083327044584339607 0.011059844330269722 0.1137767270990075 -0.0044266495933496736 0.013818116202465687 0.0004542734681409212 -0.066084178298778232
leaf_weight=32.688407122623175 904.23903666809201 129.75972762424499 90.561938967555761 333.91176624689251 2198.394188804552 293.17385171912611 234.74298719875515 3965.7697785398923 238.78619150724262 44.346333631314337 543.151202570647 89.941897056996822 146.83343912288547 739.25131927616894 91.414362672716379 538.30255652219057 38.108684187056497 18.212507607415318 40.292437633499503 0.059338718187062933 12.251772428397091 12.417567872907965 0.58157120551913877 28.011179255321622 870.41675777174532 29.631444210652262 25.861775499768555 105.99991877377033 1092.3278187671676 224.97567115048878
leaf_count=6810 8418 3663 864 4184 70698 8301 5213 1420687 40573 3229 9425 1364 1788 16789 1945 7241 899 1204 388 8 1843 337 39 535 8686 199 2504 1059 11918 64208
internal_value=-0.00316668 -0.047436 0.0441659 0.0188171 0.0688379 0.0434128 0.043711 -0.0760088 0.00194968 -0.0102896 0.0328928 0.00453175 0.00150788 -0.00422689 0.0282291 0.020674 0.0171405 0.00246665 0.0113504 -0.0774487 -0.0506812 0.0866176 0.0470905 0.00663732 0.00827473 0.0516079 0.0397705 0.0387856 -0.00152137 -0.0657325
internal_weight=13114.4 6776.49 6337.93 3126.08 3211.85 1013.45 1139.82 4292.82 2483.67 1375.46 905.074 1986.27 1896.32 1643.49 720.279 628.864 1108.21 77.3443 948.818 4215.47 249.704 24.6693 44.6559 361.923 908.525 159.391 44.0743 252.833 1136.67 225.035
internal_count=1705019 1567195 137824 48775 89049 18351 19357 1497640 69555 55720 14144 29418 28054 25207 10050 8105 13835 10557 9973 1487083 66396 2180 3747 4719 9585 3862 3708 2847 15147 64216
is_linear=0
shrinkage=0.08


Tree=42
num_leaves=31
num_cat=0
split_feature=10 15 1 7 11 5 16 14 7 5 16 2 14 6 14 11 4 2 11 15 1 11 6 11 4 11 4 4 6 11
split_gain=3916.73 1376.57 347.892 327.595 223.682 113.384 82.9105 108.01 71.1611 69.2355 67.9999 64.8661 54.0872 49.6501 46.3196 77.2178 45.1138 41.9651 41.8428 40.2962 38.7608 38.6011 31.4594 31.1602 35.6117 29.2663 62.4066 25.1624 50.5822 24.4858
threshold=0.26794873178005224 0.61973884701728832 0.8521554470062257 0.56425988674163829 0.63333335518836986 0.17089217156171801 1.0000000180025095e-35 0.57587876915931713 0.9832867980003358 0.27346041798591619 1.0000000180025095e-35 0.19433516263961795 0.33936762809753424 0.65821567177772533 0.57587876915931713 0.29285715520381933 0.077380955219268813 0.93405798077583324 0.41428571939468389 0.51295840740203869 0.95713412761688244 0.11805555596947671 0.29459981620311743 0.17424242943525317 0.31666667759418493 0.43650794029235845 0.31666667759418493 0.61250001192092907 0.048199767246842391 1.0000000180025095e-35
decision_type=2 2 2 2 2 2 2 2 2 2 2 2 2 2 2 2 2 2 2 2 2 2 2 2 2 2 2 2 2 2
left_child=1 3 4 14 8 11 17 -8 10 12 21 22 -5 -13 -1 -16 -12 25 20 -17 27 -2 -6 24 -9 -3 -27 -4 -29 -14
right_child=2 6 18 9 5 -7 7 23 -10 -11 16 13 29 -15 15 19 -18 -19 -20 -21 -22 -23 -24 -25 -26 26 -28 28 -30 -31
leaf_value=-0.07880414913970922 0.04286251475400573 0.0039417082343962354 0.072020386581257367 -0.058213550136303728 0.070028796597577006 0.076668626527008871 -0.064044911046145764 -0.053147094031824854 0.054199845413210435 0.16818028116547074 0.010176376000151723 -0.0088829175983934101 0.070109330052339533 0.069441239794210421 -0.061491027495551166 0.02383301360540746 -0.031808203239137807 0.041706878499852537 0.0816844090634085 0.23914020714863718 0.080530531046306739 0.0037539415634329776 0.0046172139794169046 0.11181854013079903 -0.00095685498210500012 -0.030081642154179841 0.091418427932103252 -0.08665705661974249 0.037987645452179038 -0.0018922208399078566
leaf_weight=3658.3472749753855 316.55960863362998 1140.5019861345645 114.66640102118254 115.2193167838268 245.75651293899864 756.26527885533869 220.13004391477443 90.152211984619498 213.72450679726899 14.248856202466412 290.28230835543945 266.82581656379625 33.598998815054074 64.274810191243887 218.23771561589092 29.480550060980022 375.92070534266531 287.63612207327969 1565.090322772041 6.8572414563968769 270.85996000096202 329.80553545523435 58.200854050926864 14.861176051199434 1164.5468461846467 43.116110657341778 72.633577044121921 22.845007017254829 237.03114321455359 301.29147243895568
leaf_count=1416762 3048 14047 1905 15715 5099 23290 30834 11476 3624 437 2900 2252 1674 857 64683 2237 4551 3189 53873 276 8111 3336 754 161 19855 334 948 278 4270 4243
internal_value=-0.00307227 -0.0402656 0.0506775 -0.0689687 0.0325405 0.055741 0.00115141 -0.0123127 0.0113917 -0.00543859 0.00442131 0.0308191 -0.0109347 0.00632174 -0.0765081 -0.0435125 -0.0135144 0.0141429 0.0746163 0.0644633 0.0574764 0.0229075 0.057504 -0.00334279 -0.00470681 0.00783169 0.0461603 0.0408042 0.0270305 0.00533157
internal_weight=12539 7410.86 5128.11 4377.28 2917.62 1391.32 3033.58 1489.69 1526.29 464.359 1312.57 635.058 450.11 331.101 3912.92 254.576 666.203 1543.89 2210.49 36.3378 645.403 646.365 303.957 1269.56 1254.7 1256.25 115.75 374.543 259.876 334.89
internal_count=1705019 1586871 118148 1506027 49711 32252 80844 62326 17459 22069 13835 8962 21632 3109 1483958 67196 7451 18518 68437 2513 14564 6384 5853 31492 31331 15329 1282 6453 4548 5917
is_linear=0
shrinkage=0.08


Tree=43
num_leaves=31
num_cat=0
split_feature=10 14 1 10 11 0 11 4 14 5 10 11 1 8 1 7 1 11 14 14 1 5 14 6 4 9 2 7 1 11
split_gain=3504.49 1365.88 504.746 265.527 115.172 69.8876 62.5955 61.6136 59.3015 54.3384 50.8815 50.3957 49.8203 47.0114 41.8994 37.8842 37.2572 38.5029 30.4632 29.7034 34.095 28.9747 26.1249 23.6849 23.386 23.6204 21.5877 21.0391 19.2927 53.1436
threshold=0.18019481003284457 0.61437177658081066 0.8521554470062257 0.47338935732841497 0.6904762089252473 0.94570022821426403 0.41428571939468389 0.31666667759418493 0.43252827227115637 0.12933094054460528 0.11651583760976793 0.29285715520381933 0.27334994077682501 0.74311000108718883 0.95713412761688244 0.9832867980003358 0.26365442574024206 0.095454547554254546 0.02870879136025906 0.77823317050933849 0.89512962102890026 0.57275134325027477 0.35319472849369055 0.65039682388305675 0.84523808956146251 0.30023474991321569 0.54923510551452648 0.97067421674728405 0.9299050271511079 0.29285715520381933
decision_type=2 2 2 2 2 2 2 2 2 2 2 2 2 2 2 2 2 2 2 2 2 2 2 2 2 2 2 2 2 2
left_child=1 10 3 5 15 8 14 16 13 12 28 19 -6 -2 21 18 17 -3 -5 20 -9 -4 -12 -10 25 -24 -21 -23 -1 -30
right_child=2 7 6 4 9 -7 -8 11 23 -11 22 -13 -14 -15 -16 -17 -18 -19 -20 26 -22 27 24 -25 -26 -27 -28 -29 29 -31
leaf_value=-0.079465366254990746 -0.026356887680935696 0.1680914936392108 0.082268150060654632 -0.025613921377926674 0.058811979135710679 0.047771353910302621 0.081530423474560396 -0.063559815541716747 0.011668187316029579 0.077969370324721024 -0.063534185398891121 0.093097589452551519 -0.0020224879516388566 0.016061722785268302 0.07583101358899326 0.052293836981211622 -0.045446221314836055 -0.003870315907314899 0.020547373505834351 -0.035117806379959954 0.058260128686101913 0.018222518853660587 0.2512483134661016 0.083145352250469207 0.073648318057833173 -0.034108906285907438 0.00643499860757596 0.069620338548523258 -0.050379753078931958 0.29348092807412285
leaf_weight=3322.5537587646395 738.93986165220849 9.325532333692534 74.090341182425618 114.68128579109907 280.62001713365316 183.71117506339215 1492.0280079552904 78.104239959269762 562.3566986087244 607.25770448148251 154.07118783053011 40.320037915371358 124.32736464217305 216.1179438168183 299.4053797442466 192.41901830025017 275.9504397737328 78.3072054379154 452.5566569622606 83.265781357185915 18.114113548304886 290.74294801196083 1.8951255187857885 31.322539065731689 17.045481679495424 91.031508370069787 2051.2284617479891 61.805537264794111 44.32188987149857 3.0761511307209721
leaf_count=1391516 35143 394 1090 1170 5487 2605 54793 11465 6049 20902 37477 644 822 2032 8790 3817 46131 1263 5467 7745 769 4510 197 283 204 11132 26732 1561 14723 106
internal_value=-0.00297469 -0.0442963 0.0422913 0.0233886 0.0451636 0.00111819 0.0721555 -0.000438833 -0.00441581 0.062833 -0.0760927 0.00445625 0.0401345 -0.0167581 0.05289 0.0216199 -0.0310147 0.0144292 0.0112147 0.00285406 -0.0406259 0.0367905 -0.0422743 0.0154393 -0.0124892 -0.0282894 0.00481404 0.0272331 -0.0787424 -0.0280631
internal_weight=11991 6268.61 5722.38 3504.31 1771.86 1732.45 2218.07 2634.62 1548.74 1012.21 3634 2271.03 404.947 955.058 726.044 759.657 363.583 87.6327 567.238 2230.71 96.2184 426.639 264.043 593.679 109.972 92.9266 2134.49 352.548 3369.95 47.398
internal_count=1705019 1550498 154521 83777 37665 46112 70744 95143 43507 27211 1455355 47355 6309 37175 15951 10454 47788 1657 6637 46711 12234 7161 49010 6332 11533 11329 34477 6071 1406345 14829
is_linear=0
shrinkage=0.08


Tree=44
num_leaves=31
num_cat=0
split_feature=10 14 1 10 11 16 2 16 4 4 6 4 2 1 6 11 6 0 1 6 6 7 4 6 2 4 6 0 11 4
split_gain=3117.18 1237.56 335.82 297.782 201.433 105.91 101.851 70.4423 72.1873 61.235 62.3361 57.3105 49.9573 46.8612 46.141 38.7869 38.2124 36.7839 35.4759 33.6535 32.1899 32.3396 26.9615 25.5381 24.2488 21.0149 86.1831 19.0391 18.8699 40.901
threshold=0.26794873178005224 0.53498572111129772 0.85880398750305187 0.13100686669349673 0.6904762089252473 1.0000000180025095e-35 0.47395551204681402 1.0000000180025095e-35 0.43650794029235845 0.81666666269302379 0.13100686669349673 0.077380955219268813 0.19433516263961795 0.14389234036207202 0.65821567177772533 0.38750000298023229 0.10102041065692903 0.94360822439193737 0.95713412761688244 0.16823899745941165 0.072299651801586165 0.88949939608573925 0.73214286565780651 0.2674796879291535 0.14415584504604342 0.73214286565780651 0.048199767246842391 0.93908473849296581 0.15476191043853763 0.11805555596947671
decision_type=2 2 2 2 2 2 2 2 2 2 2 2 2 2 2 2 2 2 2 2 2 2 2 2 2 2 2 2 2 2
left_child=1 3 4 -1 9 17 12 20 19 10 13 -12 23 -2 -14 18 27 -5 25 -9 28 22 -22 -6 -7 -4 -27 -11 -3 -30
right_child=2 7 15 5 6 24 -8 8 -10 16 11 -13 14 -15 -16 -17 -18 -19 -20 -21 21 -23 -24 -25 -26 26 -28 -29 29 -31
leaf_value=-0.078636871907278624 0.064169801165659554 0.022304837677999775 0.064621613264728511 -0.0060348227358938376 0.068580782004250024 -0.00091964650806427184 0.075139499258461681 -0.014447676937192941 0.0023200487427655135 -0.16541485559058441 0.01201626765219407 -0.028079603348127154 -0.010450302691427564 0.012292252001574862 0.066819258241076943 0.081246595358934484 0.068883895174566348 0.050824978105919738 0.079601439540203517 -0.051828775804625693 -0.0070497755475737002 0.079834832172749559 0.02150999794073909 0.0090078109524049793 -0.062948979679851802 -0.1858079851059411 0.035828104864030152 0.088912630502606713 0.0051165939661607365 0.1114635894380132
leaf_weight=3092.8086048483383 160.21954057179391 372.9810867854394 121.63028593361378 244.78140487335622 195.83888628613204 47.666803962085396 676.93478350713849 315.29692536173388 964.54938083561137 6.9446079432964307 495.47626175265759 422.85454211104661 229.69042239524424 366.01457350561395 63.032383623532951 1308.016180422157 146.96413291059434 103.64899715944193 233.49929344654083 301.55669668805785 656.1098563533742 35.563482416793704 312.22033909894526 60.214732632040977 262.20689521706663 11.960152540355919 183.54518595710397 2.5850495155900717 42.855506795924157 50.324413639493287
leaf_count=1390901 1869 5894 2233 12948 4583 2393 23464 30610 11788 66 5014 5450 2050 4382 1048 52530 2718 1298 8081 57380 23540 350 3079 855 45171 118 3647 40 581 938
internal_value=-0.00287692 -0.0374618 0.0473355 -0.0682378 0.0299686 -0.0193812 0.0543759 0.000370548 -0.0113487 0.0112833 0.00613374 -0.00644627 0.0287633 0.0280871 0.00618825 0.0737484 0.0588174 0.0108795 0.0559365 -0.0327219 0.0129774 0.00491052 0.0021588 0.0545713 -0.0534072 0.0385126 0.0222694 -0.0964251 0.0303498 0.0625523
internal_weight=11488 6802.57 4685.42 3751.11 2826.77 658.304 1225.71 3051.46 1581.4 1601.06 1444.56 918.331 548.776 526.234 292.723 1858.65 156.494 348.43 550.635 616.854 1470.05 1003.89 968.33 256.054 309.874 317.136 195.505 9.52966 466.161 93.1799
internal_count=1705019 1586871 118148 1452711 51539 61810 32000 134160 99778 19539 16715 10464 8536 6251 3098 66609 2824 14246 14079 87990 34382 26969 26619 5438 47564 5998 3765 106 7413 1519
is_linear=0
shrinkage=0.08


Tree=45
num_leaves=31
num_cat=0
split_feature=10 14 15 11 10 16 1 5 0 15 10 16 2 6 5 15 6 14 16 6 2 11 9 1 11 15 1 2 15 0
split_gain=2783.54 1246.95 481.592 154.87 99.2917 105.191 80.9621 68.4175 152.021 57.2446 53.8313 50.9874 48.9781 43.9442 41.0172 40.0191 34.3016 33.5871 30.7281 24.4735 35.8774 24.206 22.0857 20.9196 43.6084 41.9992 20.5689 20.898 19.8174 18.4767
threshold=0.18019481003284457 0.61437177658081066 0.87134066224098217 0.41428571939468389 0.75499999523162853 1.0000000180025095e-35 0.95713412761688244 0.071946170181036009 0.26766170561313635 0.58253574371337902 0.11651583760976793 1.0000000180025095e-35 0.680425524711609 0.13714733719825747 0.3440061509609223 0.25545510649681097 0.17712418735027316 0.018265220336616043 1.0000000180025095e-35 0.48610039055347448 0.56773442029953014 0.17424242943525317 0.42128865420818334 0.9299050271511079 0.29285715520381933 0.60960441827774059 0.67717123031616222 0.85867896676063549 0.98511892557144176 0.6900656819343568
decision_type=2 2 2 2 2 2 2 2 2 2 2 2 2 2 2 2 2 2 2 2 2 2 2 2 2 2 2 2 2 2
left_child=1 10 4 6 5 7 17 8 -2 -9 23 22 16 15 -15 -7 -3 18 -4 -18 -21 26 -12 -1 -25 -26 27 -14 -19 -28
right_child=2 12 3 -5 -6 13 -8 9 -10 -11 11 -13 21 14 -16 -17 19 28 -20 20 -22 -23 -24 24 25 -27 29 -29 -30 -31
leaf_value=-0.079294553983452837 0.037469223355063037 0.0054740336569895813 0.067257954633061862 0.079111219296696803 0.055944854495687937 0.039857765837122895 0.080718267702671265 0.11667476789495713 -0.055371633877068158 0.034573446163444148 0.053700904499529217 -0.072851631054391422 -0.045987640072898878 -0.030910183878444748 0.015839853323549716 -0.0073373243224646861 -0.046576086707086378 0.025991729465278755 -0.041092556267529161 -0.042727262025591559 0.032536693912487855 0.063406067490087412 -0.023302958925537 -0.045875104064078853 0.79523235694265526 0.10383380557975297 0.28371327329909746 0.17404944501040484 0.074491469672338925 0.006106617915431223
leaf_weight=2843.3478437524755 298.78122026915662 239.31866934360005 21.124184923246503 1631.4290911071002 352.1457837484777 191.62468765536323 208.56599446572363 58.638868225738406 181.41299429023638 743.43336733966134 34.480890127597377 132.96044982341118 69.284474592655897 520.65354012628086 156.1286101648584 287.52170191216283 277.93530575279146 496.4219235163182 80.925659479573369 86.646248521050438 76.166856930358335 46.001507151173428 77.227896404918283 39.479998780647293 0.72818862181156818 2.4681770298629999 1.5357319994363923 2.8771580606698981 60.489833392202854 1801.3954929802567
leaf_count=1391516 4387 22282 297 70599 7669 2242 8000 1236 4882 10860 2851 39498 4641 21576 3293 9572 37088 7522 846 9514 1254 742 6661 14723 72 34 216 23 1540 19383
internal_value=-0.00277258 -0.0413939 0.0390802 0.0645884 0.0162357 0.0105005 0.0372775 0.0262775 0.00239479 0.0405758 -0.0754057 -0.0393771 -0.000458097 -0.00700074 -0.0201253 0.0115374 -0.0189085 0.0235282 -0.0186641 -0.0321478 -0.00751745 0.00607334 0.000465644 -0.0784601 -0.0228649 0.261347 0.0046668 -0.0372145 0.0312596 0.00634308
internal_weight=11021.2 5731.85 5289.3 2498.96 2790.34 2438.19 867.528 1282.27 480.194 802.072 3130.69 244.669 2601.16 1155.93 676.782 479.146 680.067 658.962 102.05 440.748 162.813 1921.09 111.709 2886.02 42.6764 3.19637 1875.09 72.1616 556.912 1802.93
internal_count=1705019 1550498 154521 88804 65717 58048 18205 21365 9269 12096 1455355 49010 95143 36683 24869 11814 70138 10205 1143 47856 10768 25005 9512 1406345 14829 106 24263 4664 9062 19599
is_linear=0
shrinkage=0.08


Tree=46
num_leaves=31
num_cat=0
split_feature=10 14 1 10 10 16 4 16 16 15 7 7 6 8 5 15 6 12 1 6 7 9 2 9 9 4 4 6 15 0
split_gain=2475.4 1104.37 325.34 284.186 152.521 85.4051 77.2011 67.496 56.6242 59.2263 50.1314 40.4226 39.6499 38.6593 38.2466 76.1151 28.3946 26.8103 28.6326 25.8617 27.3231 22.896 22.6144 39.7514 23.535 21.7332 16.9155 29.537 16.2612 37.4485
threshold=0.26794873178005224 0.53498572111129772 0.85880398750305187 0.13100686669349673 0.79057019948959362 1.0000000180025095e-35 0.81666666269302379 1.0000000180025095e-35 1.0000000180025095e-35 0.75677746534347545 0.52839964628219616 0.97067421674728405 0.13714733719825747 0.38243331015110021 0.27130751311779028 0.62585809826850902 0.10102041065692903 1.0000000180025095e-35 0.95101958513259899 0.084219858050346388 0.88949939608573925 0.5855005979537965 0.14415584504604342 0.35624311864376074 0.7577352523803712 0.73214286565780651 0.61250001192092907 0.033908046782016761 0.70271718502044689 0.89699381589889537
decision_type=2 2 2 2 2 2 2 2 2 2 2 2 2 2 2 2 2 2 2 2 2 2 2 2 2 2 2 2 2 2
left_child=1 3 4 21 6 14 7 12 19 10 -10 -9 -2 -12 -5 -16 -8 18 26 28 25 -1 23 -7 -24 -21 -4 -28 29 -3
right_child=2 8 17 5 -6 22 16 11 9 -11 13 -13 -14 -15 15 -17 -18 -19 -20 20 -22 -23 24 -25 -26 -27 27 -29 -30 -31
leaf_value=-0.078785848804219211 0.04927017235082827 0.038206512881442674 0.070405376354870916 -0.029244460718483634 0.064120110623329313 0.47429221580017628 -0.058086275884351286 -0.010686175039413458 -0.056295167406409274 -0.00096356615650616123 0.068061305056513227 0.031370631512713236 0.015280425147844168 -0.024972568582808385 0.21261187398265435 0.01572655570640458 0.072295506571892029 0.078065964043648364 0.079507545406239305 -0.0069667445838339434 0.076428095040707023 0.038128515816950939 -0.063140733396238352 -0.011372892811669911 0.18765038604020512 0.019027312572138601 -0.092384523352023573 0.032367483510679279 0.020369933550686756 0.20019296118439397
leaf_weight=2636.6572228857549 337.53792882617563 66.823332529980689 65.767882954329252 115.60785904387012 557.62973416037858 1.1045869828667481 11.34283231012523 779.84844487952068 271.77463549852837 1144.8751800428145 41.094256673823111 180.02640465833247 628.88388726767153 93.914427392766811 13.34520376077853 215.44562473753467 185.7720526009798 1229.6175286043435 166.6233532987535 624.65805197926238 32.313250882551074 10.764010331011375 239.04845393775031 45.840532917296514 2.419037028681486 307.03370382101275 13.19097178429365 153.40285586938262 410.1841894723475 10.580092342570422
leaf_count=1389319 6058 3868 1292 11034 17709 39 195 10238 82058 15393 655 3166 8972 1672 613 2599 5201 55512 6578 22922 335 1582 45142 2354 29 3057 142 3085 3385 815
internal_value=-0.00267919 -0.0347066 0.0440169 -0.0667981 0.0268855 -0.0186351 0.0171072 0.0122277 0.000344722 -0.01028 -0.0365009 -0.00279834 0.0271519 0.0033453 0.00825984 0.0272107 0.0647928 0.072219 0.0541996 0.0117019 0.00410769 -0.0783105 -0.0507509 5.44794e-05 -0.0606283 0.00159945 0.0360517 0.0224896 0.0267164 0.0603481
internal_weight=10593.1 6283.48 4309.64 3280.23 2681.04 632.811 2123.41 1926.3 3003.25 1551.66 406.783 959.875 966.422 135.009 344.399 228.791 197.115 1628.6 398.985 1451.59 964.005 2647.42 288.413 46.9451 241.467 931.692 232.362 166.594 487.588 77.4034
internal_count=1705019 1586871 118148 1452711 51539 61810 33830 28434 134160 99778 84385 13404 15030 2327 14246 3212 5396 66609 11097 34382 26314 1390901 47564 2393 45171 25979 4519 3227 8068 4683
is_linear=0
shrinkage=0.08


Tree=47
num_leaves=31
num_cat=0
split_feature=10 14 1 11 4 7 11 16 10 8 4 16 4 11 1 4 5 11 11 1 1 7 11 5 1 10 14 11 5 7
split_gain=2196.14 1131.94 438.999 202.325 146.485 74.0952 72.1832 65.8629 56.297 56.0455 51.4038 45.6031 41.3208 40.3923 40.3837 32.2147 28.1058 27.9108 25.9296 25.4129 25.1523 23.8795 22.8262 28.9442 22.2773 31.728 44.0882 20.6849 25.1636 20.4968
threshold=0.18019481003284457 0.61437177658081066 0.8521554470062257 0.63333335518836986 0.31666667759418493 0.9832867980003358 0.41428571939468389 1.0000000180025095e-35 0.11651583760976793 0.79180648922920238 0.077380955219268813 1.0000000180025095e-35 0.31666667759418493 0.43650794029235845 0.95713412761688244 0.15476191043853763 0.57275134325027477 0.095454547554254546 0.10555555671453477 0.19139194488525393 0.71209660172462474 0.36226178705692297 0.43650794029235845 0.085960593074560179 0.9299050271511079 0.048199767246842391 0.44239278137683874 0.23611111193895343 0.22016949206590655 0.97718599438667308
decision_type=2 2 2 2 2 2 2 2 2 2 2 2 2 2 2 2 2 2 2 2 2 2 2 2 2 2 2 2 2 2
left_child=1 8 3 5 9 7 14 18 24 20 -9 27 15 -14 16 17 -4 21 -2 -11 -5 -3 -7 -24 -1 -26 -27 -10 -29 -18
right_child=2 12 6 4 -6 22 -8 10 11 19 -12 -13 13 -15 -16 -17 29 -19 -20 -21 -22 -23 23 -25 25 26 -28 28 -30 -31
leaf_value=-0.079108518972890535 0.02681239055623796 0.011336597966848399 0.078920929428938913 -0.0048247524409767749 0.079533556374608169 0.073294203199192817 0.080580648004838662 0.0023914624849464515 -0.031831083154338524 0.068521947530471097 -0.036840666119750905 -0.071379312921870761 0.0023280766815711234 0.10857025993114729 0.072772052984909838 -0.048651137776571193 0.012396922278429066 -0.013148950984166298 -0.00051238607837700593 0.027969229391253327 0.1162785182640155 0.18084684726949007 -0.023081812196562815 0.071200837013621301 -0.076367784622111926 0.019687015114298493 0.42769176421548288 -0.030097018427306051 0.084005382020459082 0.07065995852069934
leaf_weight=2432.8952563665807 416.11222383356653 12.174456478562208 63.589050120674074 343.8906215489842 456.46265175938606 109.17503199353814 1109.8505278071389 395.79117354634218 59.778455493738875 149.73889570124447 464.69820167240687 117.46444560575765 2216.9066873749252 23.141638132743537 230.79672274179757 187.83456212794408 272.65437661623582 123.35695974691771 477.09533556178212 291.29110980778933 11.337910944595931 9.4452320106793177 47.866956204175949 36.906397817656398 23.830066749127582 13.564451362588441 1.9370615371735755 20.896078309742734 30.315693975891918 45.025284936651587
leaf_count=1391516 4448 3190 1090 11508 19280 2151 54793 9218 3567 4446 18190 39498 46979 376 8790 41267 4654 3172 7282 5539 173 159 446 1096 12342 2314 173 5175 770 1417
internal_value=-0.00258481 -0.0384556 0.0358458 0.0183213 0.0434022 0.00218933 0.0684169 -0.00299981 -0.0746318 0.0226896 -0.0187954 -0.0366356 -0.000482187 0.00342565 0.0463604 -0.0267846 0.0303725 0.00154606 0.0122172 0.0417377 -0.000959471 0.0853924 0.04911 0.0179645 -0.0781429 -0.0184163 0.0706711 0.000134776 0.0374479 0.0206546
internal_weight=10195.8 5273.54 4922.28 3200.37 1252.72 1947.65 1721.92 1753.7 2700.68 796.259 860.489 228.455 2572.86 2240.05 612.065 332.811 381.269 144.977 893.208 441.03 355.229 21.6197 193.948 84.7734 2472.23 39.3316 15.5015 110.99 51.2118 317.68
internal_count=1705019 1550498 154521 83777 40946 42831 70744 39138 1455355 21666 27408 49010 95143 47355 15951 47788 7161 6521 11730 9985 11681 3349 3693 1542 1406345 14829 2487 9512 5945 6071
is_linear=0
shrinkage=0.08


Tree=48
num_leaves=31
num_cat=0
split_feature=10 14 10 1 11 5 16 4 2 4 16 4 11 5 0 7 1 11 1 4 9 2 9 0 0 7 9 2 4 4
split_gain=1953.03 959.726 319.657 280.367 157.434 105.912 83.254 52.5746 50.1328 47.0643 46.928 44.3422 44.0231 43.0186 74.1566 42.5802 46.0819 40.2857 34.7298 34.3403 30.2938 26.189 45.7515 26.0461 23.7814 23.4488 23.3027 20.6105 20.1075 36.9546
threshold=0.29520697891712194 0.52316638827323925 0.12310606241226198 0.86391696333885204 0.6904762089252473 0.1465040594339371 1.0000000180025095e-35 0.81666666269302379 0.19433516263961795 0.6904762089252473 1.0000000180025095e-35 0.43650794029235845 0.10555555671453477 0.26352339982986456 0.63686314225196849 0.55329477787017833 0.75513628125190746 0.38750000298023229 0.95713412761688244 0.13392857462167743 0.28084674477577215 0.14415584504604342 0.3802234828472138 0.89386734366416942 0.93908473849296581 0.88949939608573925 0.67811349034309398 0.94185259938240062 0.73214286565780651 0.84523808956146251
decision_type=2 2 2 2 2 2 2 2 2 2 2 2 2 2 2 2 2 2 2 2 2 2 2 2 2 2 2 2 2 2
left_child=1 2 -1 4 7 8 13 9 -6 12 25 15 -2 -4 -15 16 -12 18 28 -10 -17 22 -8 -11 -9 27 -23 -3 -5 -30
right_child=3 10 6 17 5 -7 21 24 19 23 11 -13 -14 14 -16 20 -18 -19 -20 -21 -22 26 -24 -25 -26 -27 -28 -29 29 -31
leaf_value=-0.078462139518617524 0.023741142402955599 0.0047868969253220314 -0.030741550961502103 0.062060857165368376 0.051660835329750243 0.07418928530636941 0.36754345640859387 -0.01191268820663734 -0.0099663756215497695 -0.28776069946314875 -0.055932722766451455 0.0016391168852804164 -0.0067808357761852556 0.19529607451652023 0.014176548091390408 0.11791096013937394 0.0015262671965838464 0.080391414409645992 0.079226958028469976 0.086545042028710273 -0.0023700348396927555 -0.062669415754411345 -0.012772811572334524 -0.05643380741542408 0.072948697034319776 0.057817155791931835 0.054944531767681555 0.032457872992761268 -0.083511081881577062 0.030167809301133101
leaf_weight=2220.523626661743 545.60959871020168 1221.2566367886029 136.02612344385125 94.68269613943994 211.03334513306618 541.47267917916179 2.0986564368940881 26.283012665808201 240.85936508886516 3.3321727551519862 308.21559244790114 963.42161672923248 678.58357589272782 15.316930061904712 260.94125786330551 14.681426035473121 125.78557969781104 948.65974641591311 168.12021377310157 26.157907786779106 153.66396212461405 265.56834542914294 57.210435956949368 47.815822374075651 107.89682812802494 65.025434585288167 11.237433744128792 200.56592834554613 20.928687972947955 145.79892937652767
leaf_count=1370488 6556 33389 12747 2120 5340 24167 139 382 2130 35 87344 12333 7861 178 4122 145 3959 51655 7899 423 2306 56585 2696 469 2474 851 328 2293 321 3284
internal_value=-0.00248136 -0.0308374 -0.0632226 0.0423667 0.0260142 0.0499616 -0.0180065 0.00869272 0.0225196 0.00368116 0.000659853 -0.00900598 0.00682248 0.00608543 0.0242186 -0.0260323 -0.0392795 0.0711879 0.0508611 -0.000511793 0.00811969 -0.0475581 0.000684707 -0.0715042 0.0563261 0.0108387 -0.0578947 0.00869024 0.0326182 0.0158981
internal_weight=9828.77 6021.54 2968.92 3807.23 2429.04 1019.52 748.399 1409.52 478.051 1275.34 3052.62 1565.77 1224.19 412.284 276.258 602.347 434.001 1378.19 429.531 267.017 168.345 336.115 59.3091 51.148 134.18 1486.85 276.806 1421.82 261.41 166.728
internal_count=1705019 1589903 1447283 115116 49837 32060 76795 17777 7893 14921 142620 106087 14417 17047 4300 93754 91303 65279 13624 2553 2451 59748 2835 504 2856 36533 56913 35682 5725 3605
is_linear=0
shrinkage=0.08


Tree=49
num_leaves=31
num_cat=0
split_feature=10 14 10 1 11 5 16 4 6 6 4 2 16 4 7 1 5 15 15 4 11 6 1 9 2 9 6 7 9 4
split_gain=1725.89 894.767 316.47 273.609 158.298 110.375 74.229 51.4841 57.3414 54.018 51.7266 45.091 40.0883 39.0295 38.1655 42.9255 36.8958 73.9925 34.7414 30.6204 27.4626 27.2145 27.0241 24.7609 24.2904 31.3272 21.6171 22.2546 20.8772 19.0144
threshold=0.29520697891712194 0.52316638827323925 0.12310606241226198 0.88185444474220287 0.73214286565780651 0.1465040594339371 1.0000000180025095e-35 0.84523808956146251 0.13100686669349673 0.10102041065692903 0.077380955219268813 0.19433516263961795 1.0000000180025095e-35 0.43650794029235845 0.55329477787017833 0.75513628125190746 0.26352339982986456 0.66021290421485912 0.28849306702613836 0.13392857462167743 0.38750000298023229 0.2674796879291535 0.95713412761688244 0.26933041214942938 0.14415584504604342 0.35827113687992101 0.084219858050346388 0.88949939608573925 0.67811349034309398 0.73214286565780651
decision_type=2 2 2 2 2 2 2 2 2 2 2 2 2 2 2 2 2 2 2 2 2 2 2 2 2 2 2 2 2 2
left_child=1 2 -1 4 7 11 16 8 18 -9 -10 21 26 14 15 -14 -4 -18 -2 -13 22 -6 -5 -16 25 -8 -3 29 -26 -28
right_child=3 12 6 20 5 -7 24 9 10 -11 -12 19 13 -15 23 -17 17 -19 -20 -21 -22 -23 -24 -25 28 -27 27 -29 -30 -31
leaf_value=-0.078291206805774852 0.061091723807875725 0.023711589016477783 -0.028925040389872102 0.034443188667743513 0.066714355117501761 0.073963912081091349 0.32236505689092626 -0.10509220184372009 0.0098281838344820537 0.065527960954895159 -0.030101581829227505 -0.0091302721366097045 -0.054489681885598155 0.0015077455419226355 0.11930567050330741 0.0014030203218298545 0.13476630258254879 0.0070685392212083481 0.012451652413566841 0.084258001523540765 0.080471250416389709 -0.00087684660413354487 0.078852989950744246 -0.00095574314854503033 -0.060886689703198001 -0.0099718782036495382 -0.0071783517061987543 0.059985584860564475 0.04986422394804129 0.017020977899646319
leaf_weight=2054.0999953567516 129.28339495696127 492.01637335994747 133.12685529049486 200.44601690210402 151.20874896459281 553.16355943121016 1.8743450981564809 12.924465935677288 437.18463295744732 146.34276431053877 395.44654190726578 241.46151366690174 291.74993331602309 963.57015391660389 11.779284098651258 125.88399395428132 32.994582449551672 242.3138438067399 344.17101674852893 24.775732848793268 820.27486413158476 50.976901202462614 155.90109419822693 156.97114639147185 252.03879991732538 57.61068424617406 641.04311036353465 42.281256008893251 11.385309256846083 307.47975402220618
leaf_count=1370488 1771 8593 12747 4836 4508 26946 53 137 4438 3508 4989 2132 87344 12333 107 3959 1429 2871 4388 423 48311 830 7899 2344 56585 2782 24253 465 328 3222
internal_value=-0.00238156 -0.0294653 -0.0622011 0.040631 0.025593 0.0497659 -0.0170093 0.00874062 0.00350422 0.0516822 -0.0091359 0.0211903 0.000600808 -0.00839548 -0.0246689 -0.0376424 0.00565246 0.0223726 0.0257335 -0.000439666 0.0724156 0.0496726 0.0538724 0.00743886 -0.0456734 0.000499901 0.0100044 0.00319764 -0.0561 0.000666271
internal_weight=9481.78 5818.22 2785.44 3663.56 2486.94 1021.59 731.344 1465.35 1306.09 159.267 832.631 468.423 3032.78 1549.95 586.384 417.634 408.435 275.308 473.454 266.237 1176.62 202.186 356.347 168.75 322.909 59.485 1482.82 990.804 263.424 948.523
internal_count=1705019 1589903 1447283 115116 54070 34839 76795 19231 15586 3645 9427 7893 142620 106087 93754 91303 17047 4300 6159 2555 61046 5338 12735 2451 59748 2835 36533 27940 56913 27475
is_linear=0
shrinkage=0.08


Tree=50
num_leaves=31
num_cat=0
split_feature=10 14 1 10 4 11 11 5 4 15 11 1 4 11 15 1 11 6 2 5 0 6 9 7 11 6 6 7 9 6
split_gain=1534.26 968.891 381.818 159.346 76.6151 67.2362 64.7284 149.989 91.475 60.2401 51.1823 34.6679 30.0412 34.4924 24.8164 24.6859 33.4885 24.3563 22.5912 22.3236 18.9478 26.1472 24.1594 18.0414 18.0203 16.6627 16.6341 16.3904 18.2539 14.3484
threshold=0.18019481003284457 0.61437177658081066 0.85880398750305187 0.79057019948959362 0.84523808956146251 0.38750000298023229 0.43650794029235845 0.08179993182420732 0.077380955219268813 0.60541087388992321 0.23611111193895343 0.95713412761688244 0.31666667759418493 0.43650794029235845 0.49966327846050268 0.26365442574024206 0.095454547554254546 0.22335600852966311 0.25844402611255651 0.57275134325027477 0.15535445511341098 0.1123737394809723 0.31550343334674841 0.97718599438667308 0.23611111193895343 0.035098522901535041 0.29217478632926946 0.53171876072883617 0.50714430212974559 0.3303030282258988
decision_type=2 2 2 2 2 2 2 2 2 2 2 2 2 2 2 2 2 2 2 2 2 2 2 2 2 2 2 2 2 2
left_child=1 9 3 4 6 11 8 -8 -2 20 -11 19 15 14 18 16 25 24 -14 -4 21 22 -1 -21 -6 -3 -18 28 -12 -17
right_child=2 12 5 -5 17 -7 7 -9 -10 10 27 -13 13 -15 -16 29 26 -19 -20 23 -22 -23 -24 -25 -26 -27 -28 -29 -30 -31
leaf_value=0.58128520463379185 0.017251894644154279 0.53767999554019363 0.076584316066889896 0.059215226745091061 -0.087209160990981249 0.080033690559922585 -0.0066692219670985075 0.051867132313942507 -0.026136835976856326 -0.052340662784112299 0.084035142410315386 0.070381560642759619 1.7650523545474308 0.10186142296964602 0.0029116676814151233 -0.052167845275183145 0.018035037359454907 0.067652218203747894 -0.062113600614089021 0.010018193871675813 -0.078477882238966734 -0.066693867760139164 0.057623194658735104 0.069933070705468822 0.051382526521596507 0.13186863747948216 -0.068775294752431174 0.011612238758148678 0.36351047206242121 -0.0098742709914986689
leaf_weight=0.59821094200015323 532.08791344170459 0.70909291063435187 49.762915925588459 458.67295063193887 12.110427457373591 863.56383703835309 663.33604391780682 484.96189134125598 748.34478847542778 150.11786065681372 12.612680065794846 191.30658332817256 0.043353680754079416 22.246649198234081 2158.4931276675779 148.33402275969274 57.352378863375634 167.33300998271443 40.626831754110754 233.20781665388495 1948.984728137264 21.536918369005434 9.8162701160181296 37.310942243784666 11.90870115906 7.4615032346919179 18.743193102767691 27.507764251902699 1.6969484336441372 78.508921403903514
leaf_count=15 8880 28 976 17709 127 53435 18588 14053 20700 42067 840 8755 15 376 33981 28940 631 5265 12983 4328 1404927 5429 1220 1336 369 366 632 784 73 17191
internal_value=-0.00228332 -0.0341386 0.0313706 0.0157162 0.00810128 0.0664183 0.00426141 0.0180525 -0.00810651 -0.0733298 -0.0305367 0.0434355 -0.000512954 0.00274777 0.00174514 -0.0237955 0.0131783 0.0568387 -0.0601659 0.0273405 -0.0774761 -0.0163687 0.0877025 0.0182819 -0.0184953 0.167087 -0.00334732 0.047736 0.117178 -0.0375303
internal_weight=9159.3 4705.39 4453.91 3078.76 2620.08 1375.15 2428.73 1148.3 1280.43 2172.87 191.935 511.588 2532.52 2221.41 2199.16 311.109 84.2662 191.352 40.6702 320.282 1980.94 31.9514 10.4145 270.519 24.0191 8.1706 76.0956 41.8174 14.3096 226.843
internal_count=1705019 1550498 154521 85691 67982 68830 62221 32641 29580 1455355 43764 15395 95143 47355 46979 47788 1657 5761 12998 6640 1411591 6664 1235 5664 496 394 1263 1697 913 46131
is_linear=0
shrinkage=0.08


Tree=51
num_leaves=31
num_cat=0
split_feature=10 14 10 4 11 5 6 16 4 11 2 5 15 10 15 10 5 11 0 6 4 5 2 15 0 6 5 9 2 9
split_gain=1358.04 763.367 343.145 225.61 129.345 102.746 87.3279 62.3789 40.0725 45.5903 37.4092 35.5485 65.731 35.4845 43.9569 66.5335 38.8962 32.5992 42.6556 95.4782 29.3665 28.6248 26.297 32.1595 25.3561 24.6482 24.3382 22.924 21.1096 20.6142
threshold=0.32666666805744177 0.52316638827323925 0.11651583760976793 0.84523808956146251 0.6904762089252473 0.17521929740905764 0.13100686669349673 1.0000000180025095e-35 0.73214286565780651 0.10555555671453477 0.19433516263961795 0.27130751311779028 0.66021290421485912 0.16904762387275699 0.60092473030090343 0.057983193546533592 0.43364779651165014 0.41428571939468389 0.97100839018821727 0.053342817351222045 0.13392857462167743 0.22016949206590655 0.88067796826362621 0.25545510649681097 0.94360822439193737 0.2674796879291535 0.70412456989288341 0.70608803629875194 0.14415584504604342 0.70608803629875194
decision_type=2 2 2 2 2 2 2 2 2 2 2 2 2 2 2 2 2 2 2 2 2 2 2 2 2 2 2 2 2 2
left_child=1 2 -1 4 6 10 22 11 9 -8 25 29 -13 14 15 -3 -15 18 19 26 -12 -17 23 -2 -10 -6 -5 28 -9 -4
right_child=3 13 7 17 5 -7 8 27 24 -11 20 12 -14 16 -16 21 -18 -19 -20 -21 -22 -23 -24 -25 -26 -27 -28 -29 -30 -31
leaf_value=-0.07814745751268011 0.062194719743650907 -0.062948806937043578 -0.034390509686594628 -0.061900486364203609 0.065840957090962327 0.073303275205065507 0.018625136696796437 -0.0050830606553756387 -0.20867769781544523 -0.021509400705451313 -0.0077275259538535316 0.12115653986485912 0.0063794320137044967 0.0096289538215254579 0.0013960867827858795 -0.0050918926156150283 0.067603275370940297 0.08013609925861151 0.062077296775938214 0.046540342878545686 0.078987555678487947 0.092654056662506173 0.068828679472958398 0.011263113731397248 -0.051746106643986205 -0.001459107089980177 -0.28229493945962369 0.071474117750961047 -0.053800794209400891 0.081057178951291539
leaf_weight=1749.7553516442422 107.60646049305797 176.4752907253569 147.42431219981518 5.168928124010562 133.36301350966096 478.47467293962836 332.75100127281621 71.442312347120605 7.5707910787314168 397.56398560665548 242.16702343663201 36.307018743711524 265.06415310571902 339.61625820037443 2294.5926112857414 110.84862741478719 94.723223160719499 681.31872623506933 286.87736897729337 40.114473843947053 27.871041543781757 23.185099232476205 109.15575886610895 302.09503385145217 50.828828355297446 47.13900925219059 8.4475913587957603 11.378640745533628 280.08559132309165 10.611113768070934
leaf_count=1365355 1653 82779 13548 31 4440 27772 3978 3110 59 4459 2162 1525 3489 3285 43736 7879 2063 46297 11093 863 573 3459 3751 4064 596 809 64 188 61863 76
internal_value=-0.00218675 -0.0260403 -0.0581158 0.0388917 0.0246626 0.0474867 0.00844638 -0.0154914 -0.00832225 -0.00322303 0.0200694 0.00409202 0.0202069 0.00110285 -0.00242666 -0.0306759 0.0222723 0.0700334 0.0498251 -0.0155912 0.00122247 0.0118162 0.0339364 0.0246401 -0.0720904 0.0482652 -0.198632 -0.0402823 -0.0438997 -0.0266389
internal_weight=8870.02 5611.51 2572.07 3258.51 2236.59 929.015 1307.57 822.313 788.715 730.315 450.54 459.407 301.371 3039.44 2605.1 310.509 434.339 1021.93 340.608 53.731 270.038 134.034 518.857 409.701 58.3996 180.502 13.6165 362.907 351.528 158.035
internal_count=1705019 1592355 1449154 112664 54316 35756 18560 83799 9092 8437 7984 18638 5014 143201 137853 94117 5348 58348 12051 958 2735 11338 9468 5717 655 5249 95 65161 64973 13624
is_linear=0
shrinkage=0.08


Tree=52
num_leaves=31
num_cat=0
split_feature=10 15 10 1 5 1 12 6 4 10 0 12 5 2 6 6 14 12 0 4 2 5 6 1 15 0 1 1 16 2
split_gain=1210.11 682.802 455.286 158.43 82.487 105.336 125.637 92.872 78.4165 71.5135 61.259 80.6003 44.3306 74.92 55.9246 46.0679 43.314 40.7761 39.1918 39.0632 35.9301 68.5063 57.9744 35.4747 47.9012 31.8796 54.2661 21.361 21.3582 18.4309
threshold=0.42261904478073126 0.61973884701728832 0.11651583760976793 0.88396573066711437 0.22016949206590655 0.28708791732788091 1.0000000180025095e-35 0.63003221154212963 0.095454547554254546 0.79057019948959362 0.94570022821426403 1.0000000180025095e-35 0.19204425811767581 0.19433516263961795 0.32466214895248419 0.62605932354927074 0.57587876915931713 1.0000000180025095e-35 0.63686314225196849 0.13392857462167743 0.90054944157600414 0.73401361703872692 0.050641026347875602 0.80735492706298839 0.60541087388992321 0.89699381589889537 0.75513628125190746 0.30068494379520422 1.0000000180025095e-35 0.82574188709259044
decision_type=2 2 2 2 2 2 2 2 2 2 2 2 2 2 2 2 2 2 2 2 2 2 2 2 2 2 2 2 2 2
left_child=1 2 16 9 5 6 -4 -7 18 12 20 -12 13 14 -2 -15 -1 19 -6 -14 25 -22 -23 27 -25 26 -3 -18 -10 -27
right_child=3 10 4 -5 8 7 -8 -9 28 -11 11 -13 17 15 -16 -17 23 -19 -20 -21 21 22 -24 24 -26 29 -28 -29 -30 -31
leaf_value=-0.079350837832016005 0.062228692266904792 -0.01939586737596918 0.1293595558516426 0.072129121884694669 0.18963685939402197 -0.070452144711690382 -0.0047103783467098981 0.1052033537981038 0.0629853718826556 0.057464030855101766 0.0073513162405285564 0.064770021814487391 0.089062714539369814 -0.037012771927115412 -0.0508522074444911 0.045999529444248365 0.017729566425163653 0.048326392467486691 -0.051914340774307864 0.00396421126002187 0.056557770553829566 -0.13662645554354078 0.013215824264974401 0.053337791309178081 1.148849163982953 -0.02117754147918309 0.015710508059324318 -0.062088472029469148 -0.07616859594284231 -0.06734837051878409
leaf_weight=1606.222000488895 151.99974333494902 833.7610365585424 48.85911606461741 838.29705444443971 32.28290480573196 228.0300881229341 529.79017376666889 21.041332701453939 12.135960853076542 448.286287330091 1441.0019705761224 175.51999467145652 38.411349350586534 253.29700469505042 34.307741534896195 51.480990525335073 25.371852143900469 442.29601573478431 4.959287150646559 341.00314429402351 135.40440983069129 25.609061723109335 46.587781263748184 17.456586544401947 0.25923564936965604 136.00411385740153 425.6643300690921 139.12615491752513 16.874831787426956 93.288784965290688
leaf_count=1372562 3384 51735 827 55126 583 41707 16512 1136 980 19716 17295 6218 668 1735 364 490 2379 18117 1190 3716 1417 295 488 3095 14 3819 8283 60900 8665 1603
internal_value=-0.00208592 -0.021852 -0.0518554 0.0435028 -0.0052385 -0.0121136 0.00661002 -0.0556129 0.0806549 0.0298764 0.00244186 0.0135858 0.0204559 0.00143966 0.0414053 -0.0229909 -0.0751575 0.0318207 0.157471 0.0125795 -0.00817782 0.0230008 -0.039935 -0.0381935 0.0693684 -0.0125257 -0.00753051 -0.0497775 -0.0179569 -0.0399623
internal_weight=8594.63 5995.25 2682.41 2599.38 893.974 827.721 578.649 249.071 66.253 1761.08 3312.84 1616.52 1312.8 491.085 186.307 304.778 1788.44 821.711 37.2422 379.414 1696.32 207.601 72.1968 182.214 17.7158 1488.72 1259.43 164.498 29.0108 229.293
internal_count=1705019 1601703 1510550 103316 71600 60182 17339 42843 11418 48190 91153 23513 28474 5973 3748 2225 1438950 22501 1773 4384 67640 2200 783 66388 3109 65440 60018 63279 9645 5422
is_linear=0
shrinkage=0.08


Tree=53
num_leaves=31
num_cat=0
split_feature=10 15 10 1 11 4 11 2 5 1 11 6 4 4 11 4 14 6 2 0 0 7 10 5 5 2 4 16 5 0
split_gain=1069.5 626.76 436.901 154.742 92.8853 108.957 91.8329 77.2871 72.6968 94.8793 113.366 81.6617 70.7703 50.8581 76.9346 59.5049 44.3323 43.4881 56.5587 35.1005 33.8737 31.885 31.2171 29.4279 27.4496 26.3724 34.8679 25.6006 23.313 39.5969
threshold=0.42261904478073126 0.61973884701728832 0.11651583760976793 0.88396573066711437 0.29285715520381933 0.31666667759418493 0.77500000596046459 0.56294015049934398 0.22016949206590655 0.28708791732788091 1.0000000180025095e-35 0.64549729228019725 0.095454547554254546 0.095454547554254546 1.0000000180025095e-35 0.31666667759418493 0.57587876915931713 0.40651482343673712 0.74646764993667614 0.63686314225196849 0.94570022821426403 0.9832867980003358 0.061553031206130988 0.41728855669498449 0.17274536192417148 0.19433516263961795 0.13392857462167743 1.0000000180025095e-35 0.13383085280656817 0.15535445511341098
decision_type=2 2 2 2 2 2 2 2 2 2 2 2 2 2 2 2 2 2 2 2 2 2 2 2 2 2 2 2 2 2
left_child=1 2 16 6 13 17 21 25 9 10 -4 -11 19 14 24 -15 -1 18 -6 -10 -17 27 -18 -24 -3 -8 -27 -2 29 -23
right_child=3 4 8 -5 5 -7 7 -9 12 11 -12 -13 -14 15 -16 20 22 -19 -20 -21 -22 28 23 -25 -26 26 -28 -29 -30 -31
leaf_value=-0.079281897920635475 0.020892027861498144 0.47459536136420372 0.12648019261514007 0.07133440023434201 -0.079469390492604652 0.065031985918065888 0.053175201094841286 0.075871786879094072 0.18400069518041662 -0.068100266885670488 -0.0043363829979680066 0.10313268826189359 -0.017179047659221135 -0.051238472736606804 -0.041919016000511559 -0.01123381802301735 -0.055261504925304482 0.073639755521483566 0.057145362495128318 -0.05023106564270062 0.0068739099561406381 0.07229875592554566 -0.014118017977030828 0.14414104215468582 0.14814618493696471 -0.004564316242171686 0.07252831978786102 -0.0080029981956006302 0.067674284589644709 -0.051103240732844564
leaf_weight=1483.9679800549056 362.16410916671157 1.7678103568032408 46.087796877603978 782.12274535093457 78.852878428762779 287.02783706667833 134.38300067186356 362.82698262482882 30.676739511662163 217.1389262645971 529.45824323792476 19.418843404739164 28.171490235370584 162.14967225037981 18.802974645863287 1208.2508809072897 134.75156020349823 23.951153739355505 25.721176950028166 4.725192268495447 1460.2314051034627 31.376573326066136 30.581879269448109 9.971635385649277 24.422607662621886 208.06098977616057 45.815469119697809 428.32627415191382 101.72851129900664 35.436774035915732
leaf_count=1372562 5567 23 827 55126 852 8249 4785 24473 583 41943 16512 900 9645 20075 324 43043 62017 245 387 1190 17590 839 3837 534 365 1976 1800 4867 3559 324
internal_value=-0.00200071 -0.0207621 -0.0506601 0.0418579 0.00226607 0.0376202 0.0283769 0.0493251 -0.00494247 -0.0113917 0.00613897 -0.0540439 0.0774416 -0.00284292 0.0815433 -0.00418425 -0.0747875 -0.0235968 -0.0458674 0.152737 -0.00132501 0.0119708 -0.0367417 0.024796 0.170181 0.0245174 0.0093481 0.00523529 0.0435616 0.00684823
internal_weight=8318.37 5826.13 2534.95 2492.24 3291.18 415.553 1710.12 751.086 875.677 812.104 575.546 236.558 63.5734 2875.63 44.9934 2830.63 1659.27 128.525 104.574 35.4019 2668.48 959.032 175.305 40.5535 26.1904 388.259 253.876 790.49 168.542 66.8133
internal_count=1705019 1601703 1510550 103316 91153 9733 48190 33034 71600 60182 17339 42843 11418 81420 712 80708 1438950 1484 1239 1773 60633 15156 66388 4371 388 8561 3776 10434 4722 1163
is_linear=0
shrinkage=0.08


Tree=54
num_leaves=31
num_cat=0
split_feature=10 15 10 1 11 11 4 15 14 5 14 4 11 8 1 5 11 6 1 6 16 7 15 15 6 11 1 4 4 6
split_gain=943.858 573.44 419.092 150.891 85.0365 81.3904 96.3132 74.9636 69.4439 54.7005 45.3381 43.6332 66.0661 58.935 59.5334 41.8666 41.6339 37.3848 39.049 29.2238 33.8261 28.8984 25.8767 25.122 30.8847 24.0592 23.943 23.6523 54.5396 45.6749
threshold=0.42261904478073126 0.61973884701728832 0.11651583760976793 0.88396573066711437 0.77500000596046459 0.29285715520381933 0.31666667759418493 0.68563532829284679 0.34435337781906133 0.43693181872367864 0.57587876915931713 0.095454547554254546 1.0000000180025095e-35 0.44098526239395147 0.84028983116149913 0.22016949206590655 1.0000000180025095e-35 0.40651482343673712 0.74210175871849071 0.077935222536325469 1.0000000180025095e-35 0.9832867980003358 0.51202169060707103 0.28849306702613836 0.4016129076480866 0.38750000298023229 0.60097089409828197 0.84523808956146251 0.61250001192092907 0.10102041065692903
decision_type=2 2 2 2 2 2 2 2 2 2 2 2 2 2 2 2 2 2 2 2 2 2 2 2 2 2 2 2 2 2
left_child=1 2 10 4 21 11 17 23 9 -4 -1 12 -3 -13 -15 16 -10 18 -7 20 -12 27 -11 -6 -25 -5 -17 28 -2 -29
right_child=3 5 8 25 7 6 -8 -9 15 22 19 13 -14 14 -16 26 -18 -19 -20 -21 -22 -23 -24 24 -26 -27 -28 29 -30 -31
leaf_value=-0.079208496400228298 0.011308220621313638 0.15886293503586418 -0.041329276825544721 0.047979347261801086 0.052842470390990812 -0.064793963460396634 0.062212995680944565 0.073976663189060612 0.081481582317374499 0.80404755679410922 0.10384631989967032 0.0020684954525213221 -0.039206416911800213 -0.044318357656893487 0.0097889616904200099 0.16761337692135819 0.00055876234666117988 0.068143813944044063 0.069558021560102518 -0.052916164673023236 -0.049074430381731517 0.042007255834452736 0.12162375273350254 -0.022612097375374597 0.034038974534622193 0.079867118594851946 0.0086094917558066 -0.11358927366198966 -0.043729251753852554 0.061229590968872934
leaf_weight=1371.0943237433676 543.7514112694189 25.803430313244462 297.90833805396687 214.3679694859311 116.66190941911191 85.874004366109148 276.47569293295965 352.56966049969196 44.458582803839818 0.36879292037337918 18.55010569782462 2228.6317569770617 18.508218676201068 393.20440828171559 194.53325127495918 16.937002062099058 479.99412447609939 23.818003200460225 16.506624228088185 131.63907702500001 18.480460501625203 161.37942453101277 9.9519127128878591 114.66010073153302 133.06605152366683 515.77663123700768 9.4386234778212366 10.758310050703583 146.21949449833483 86.225902180187404
leaf_count=1372562 6323 388 52613 10640 4535 977 8249 25155 3534 42 2926 44480 324 29738 6490 1183 12003 245 262 55614 7848 4722 865 1550 1794 44486 1360 88 1642 2381
internal_value=-0.00191379 -0.0197228 -0.0494173 0.0401821 0.0268871 0.00210491 0.0357795 0.0476783 -0.0046499 -0.0350565 -0.0743937 -0.00263518 0.0761328 -0.00387448 -0.0264096 0.0123648 0.0074187 -0.022131 -0.0431327 -0.0352547 0.0275297 0.0111685 0.146009 0.022233 0.00781801 0.070505 0.110713 0.00484442 -0.000355389 0.0418372
internal_weight=8057.61 5662.18 2398.82 2395.44 1665.29 3263.36 402.674 716.958 859.057 308.229 1539.76 2860.68 44.3116 2816.37 587.738 550.828 524.453 126.199 102.381 168.67 37.0306 948.335 10.3207 364.388 247.726 730.145 26.3756 786.955 689.971 96.9842
internal_count=1705019 1601703 1510550 103316 48190 91153 9733 33034 71600 53520 1438950 81420 712 80708 36228 18080 15537 1484 1239 66388 10774 15156 907 7879 3344 55126 2543 10434 7965 2469
is_linear=0
shrinkage=0.08


Tree=55
num_leaves=31
num_cat=0
split_feature=10 15 10 1 11 2 11 4 14 2 6 14 0 14 4 11 4 6 6 10 1 15 2 11 7 6 2 11 1 1
split_gain=830.577 521.702 404.169 146.931 78.5067 75.6623 73.34 82.7648 60.1438 48.8603 52.275 46.4952 37.7667 44.3335 40.1014 35.3579 35.7093 31.5101 30.0314 28.2592 30.0679 28.1525 42.1161 65.9149 45.0565 32.7776 25.2901 25.0472 24.608 23.3755
threshold=0.42261904478073126 0.61973884701728832 0.11651583760976793 0.88396573066711437 0.77500000596046459 0.56294015049934398 0.43650794029235845 0.31666667759418493 0.34894689917564398 0.67717123031616222 0.4690688848495484 0.57587876915931713 0.94570022821426403 0.60386699438095104 0.095454547554254546 1.0000000180025095e-35 0.077380955219268813 0.30330087244510656 0.16064515709877017 0.040833333507180221 0.78705966472625744 0.25545510649681097 0.51191151142120372 0.13392857462167743 0.99783548712730419 0.37602458894252783 0.78738203644752514 0.38750000298023229 0.95713412761688244 0.27334994077682501
decision_type=2 2 2 2 2 2 2 2 2 2 2 2 2 2 2 2 2 2 2 2 2 2 2 2 2 2 2 2 2 2
left_child=1 2 11 4 21 -6 12 17 9 -4 -11 -1 13 14 -3 16 -10 26 -17 29 -21 25 23 -23 -24 -2 -8 28 -5 -13
right_child=3 6 8 27 5 -7 7 -9 15 10 -12 19 -14 -15 -16 18 -18 -19 -20 20 -22 22 24 -25 -26 -27 -28 -29 -30 -31
leaf_value=-0.079130193637503732 0.064676844031395495 0.041537699684141949 -0.040530020682220294 0.022315561887957715 0.021447153555705027 0.07476778667406532 -0.077787246292281537 0.073484939767370666 0.118458870118253 0.087268175673385559 1.5802778296498343 0.19243488689662283 0.0072836363278005805 -0.00162794264804274 -0.039676055428845794 0.025586455012765765 -0.02945277962851502 0.047935427769128021 -0.013795703536271794 -0.017410371172055402 0.12830491280955655 0.051590733578349805 0.0078991739576149793 -0.054296508083294115 0.074291885823817266 -0.099536200704642169 0.057068257282465236 0.079705849464550824 0.078355270490291812 -0.062943841364407269
leaf_weight=1266.882419270114 90.99642944149673 43.076241408241913 287.74717846990097 117.34505981486291 369.86093659279868 315.70273912977427 49.666603714926168 178.62491637282073 35.778242414467968 16.364969067741189 0.1514781751902764 2.3447053570998824 1500.495132391341 1031.6338409647578 402.48838764266111 237.44048031803686 14.753851547022348 28.887289404287003 259.21190366533119 43.197858781088144 11.469285742263308 50.793279282748699 570.65501832216978 145.12873614951968 73.88811944052577 8.5065419152379018 10.843116897623984 477.046651259996 87.576159666292369 105.84046200383455
leaf_count=1372562 1918 646 51116 3891 8561 24473 486 6475 464 2908 12 715 18857 33350 30835 4141 4457 297 8502 8473 737 573 8582 994 3001 88 207 44486 6749 56463
internal_value=-0.00182257 -0.0186535 -0.0479716 0.0384906 0.0254151 0.0460014 0.00195214 0.0420351 -0.00433605 -0.0328494 0.100961 -0.0739578 -0.00165573 -0.0107361 -0.0318245 0.0115189 0.0752731 -0.020805 0.00503219 -0.0337197 0.013161 0.0104005 0.00563672 -0.026845 0.0155102 0.0506382 -0.0536216 0.0696574 0.046265 -0.057409
internal_weight=7834.4 5526.9 2281.18 2307.5 1625.53 685.564 3245.72 268.022 851.448 304.264 16.5164 1429.73 2977.69 1477.2 445.565 547.184 50.5321 89.397 496.652 162.852 54.6671 939.968 840.465 195.922 644.543 99.503 60.5097 681.968 204.921 108.185
internal_count=1705019 1601703 1510550 103316 48190 33034 91153 7465 71600 54036 2920 1438950 83688 64831 31481 17564 4921 990 12643 66388 9210 15156 13150 1567 11583 2006 693 55126 10640 57178
is_linear=0
shrinkage=0.08


Tree=56
num_leaves=31
num_cat=0
split_feature=10 15 10 1 11 2 11 4 5 1 11 6 0 10 14 0 14 4 5 6 1 11 15 5 11 4 6 6 1 2
split_gain=730.546 474.892 385.64 142.408 71.2919 74.5691 68.4798 73.6653 53.6771 78.5418 94.5568 73.6855 66.1432 47.5156 44.7754 34.6229 42.0193 33.7304 28.7764 27.368 34.7028 25.915 25.3779 47.5784 54.4806 46.2049 28.4101 24.4783 24.2182 23.6416
threshold=0.42261904478073126 0.60960441827774059 0.11651583760976793 0.88396573066711437 0.77500000596046459 0.56294015049934398 0.43650794029235845 0.31666667759418493 0.22016949206590655 0.28708791732788091 1.0000000180025095e-35 0.63003221154212963 0.59299960732460033 0.13100686669349673 0.57587876915931713 0.94570022821426403 0.60386699438095104 0.095454547554254546 0.77459675073623668 0.45867486298084265 0.7099788784980775 0.38750000298023229 0.25545510649681097 0.16035714000463488 0.13392857462167743 0.11805555596947671 0.37602458894252783 0.077935222536325469 0.95713412761688244 0.19433516263961795
decision_type=2 2 2 2 2 2 2 2 2 2 2 2 2 2 2 2 2 2 2 2 2 2 2 2 2 2 2 2 2 2
left_child=1 2 14 4 22 29 15 19 9 10 -4 -11 13 -10 -1 16 17 -3 -18 20 -8 28 26 24 -24 -25 -2 -16 -5 -6
right_child=3 6 8 21 5 -7 7 -9 12 11 -12 -13 -14 -15 27 -17 18 -19 -20 -21 -22 -23 23 25 -26 -27 -28 -29 -30 -31
leaf_value=-0.079109097210526863 0.062979279395980928 0.035205725508390892 0.124111560696444 0.020973338684476501 0.049069712212101005 0.074144698067225859 -0.061325148490386019 0.071726447177841268 0.87812851205078646 -0.067440336061130299 -0.0028798202910365013 0.088705500527387265 -0.01585646070063583 0.14767097033881835 0.024999980567123936 0.0067404564568646613 0.00081372303887067244 -0.037892328139442953 -0.07645225885132842 0.096262610446243749 0.066307218248414262 0.079543189283550447 0.050291262159544402 0.066020761489021085 -0.054422002936834454 0.0064050179558124507 -0.086575791670032057 -0.050697237029074291 0.078055658152828292 0.0057437202848208968
leaf_weight=1163.7334769196459 86.172875164076686 44.803996463713702 40.429429603507742 114.96786210313439 120.13449617102742 293.78185093495995 62.9820052193827 171.35527002392337 0.58283984160516666 186.6821275302209 522.40132438205183 21.577621490112506 26.111885626683943 25.742118989583105 35.60610456590075 1500.8654505328741 1003.754053418641 411.08442500303499 31.827037002891302 11.907032664516008 17.400846033473499 441.23408429417759 41.033611074090004 97.954872185364366 141.30471889860928 552.54202983435243 8.976028719916938 117.76891290105414 81.140925602056086 244.96271285414696
leaf_count=1364936 1918 788 823 3891 4785 24473 715 6535 241 40896 16510 1081 8683 861 10472 20725 34688 38753 155 131 265 44486 457 1877 896 9920 88 54445 6749 3776
internal_value=-0.00173485 -0.0176364 -0.0469046 0.0368473 0.0240184 0.0441421 0.0016059 0.0406923 -0.00396269 -0.00928881 0.00624226 -0.0512622 0.0743586 0.163843 -0.0737542 -0.00183788 -0.0104703 -0.0307084 -0.00156093 -0.016929 -0.033696 0.0687886 0.00973038 0.00525872 -0.0308572 0.0153822 0.0488708 -0.0331241 0.0445914 0.0200001
internal_weight=7620.82 5396.62 2140.64 2224.21 1586.86 658.879 3255.98 263.645 823.527 771.091 562.831 208.26 52.4368 26.325 1317.11 2992.33 1491.47 455.888 1035.58 92.2899 80.3829 637.343 927.984 832.835 182.338 650.497 95.1489 153.375 196.109 365.097
internal_count=1705019 1601703 1498948 103316 48190 33034 102755 7646 69095 59310 17333 41977 9785 1102 1429853 95109 74384 39541 34843 1111 980 55126 15156 13150 1353 11797 2006 64917 10640 8561
is_linear=0
shrinkage=0.08


Tree=57
num_leaves=31
num_cat=0
split_feature=10 15 10 1 11 4 11 2 5 1 11 6 0 16 9 4 11 11 4 11 11 1 13 2 7 15 6 2 4 9
split_gain=643.271 434.507 381.125 129.038 76.311 68.8041 62.4006 57.7587 47.9384 65.4865 91.7464 65.3956 55.0432 41.2056 54.9569 31.5566 29.5367 27.9788 64.3434 57.1125 37.5072 27.9626 36.1469 23.857 22.5657 22.4456 22.2801 35.0504 21.8669 21.2305
threshold=0.43303571641445165 0.60960441827774059 0.11651583760976793 0.86391696333885204 0.43650794029235845 0.31666667759418493 0.81666666269302379 0.56294015049934398 0.22016949206590655 0.28708791732788091 1.0000000180025095e-35 0.63003221154212963 0.59299960732460033 1.0000000180025095e-35 0.36009480059146887 0.095454547554254546 0.38750000298023229 0.13392857462167743 0.11805555596947671 0.43650794029235845 0.23611111193895343 0.19139194488525393 1.0000000180025095e-35 0.93788579106330883 0.9832867980003358 0.99891540408134472 0.4552139043807984 0.7243877947330476 0.10555555671453477 0.23220045864582065
decision_type=2 2 2 2 2 2 2 2 2 2 2 2 2 2 2 2 2 2 2 2 2 2 2 2 2 2 2 2 2 2
left_child=1 2 21 6 13 26 17 -8 9 10 -4 -11 28 23 -15 -16 -5 18 -2 20 -19 22 -1 -3 -20 -25 27 -6 -10 -23
right_child=3 4 8 16 5 -7 7 -9 12 11 -12 -13 -14 14 15 -17 -18 19 24 -21 -22 29 -24 25 -26 -27 -28 -29 -30 -31
leaf_value=0.0028431328731144236 0.090581610124071565 0.003094414856643057 0.11967971799287179 0.041840680683291914 -0.06179584922178475 0.070312359152223919 0.022108134014028474 0.073994265974589107 0.16885987458999918 -0.062124536875529768 -0.0033721181098625703 0.078089880164175507 -0.014775973604500994 -0.0032858078934023733 0.060054535618701541 -0.046864238956155331 0.078565827369308242 -0.21451371151574383 -0.00072036643003675572 0.01833589340295293 -0.03421068983365206 -0.033616231975257101 1.5334709926550247 0.056921725255251826 0.06887845906469918 0.0083228740847197825 0.08531934992963576 0.052725882310256537 -0.082746244801099642 -0.077778366961749043
leaf_weight=26.005653607950084 74.935903446748853 1317.3382076859707 41.780841077910736 206.29155586007982 58.701924623805098 184.89267705078237 335.65521740354598 232.36010975204408 25.621970680542294 189.29378887731582 539.67257879429962 23.985925649991259 25.793307828600518 1201.4824901596294 18.767669131513685 301.23458930011839 437.1891044229269 7.7546530812978736 255.50037758983672 245.64855032972991 154.4625161094591 74.274349851591978 0.099120537983252599 110.83156233164482 33.752974150702357 134.79328831471503 12.712139291688798 24.136701511335559 2.4194182626670218 1123.6428600469953
leaf_count=7259 1802 18649 857 10324 655 8204 8186 20554 385 41077 16681 1096 8683 34773 483 38935 47292 45 2512 5716 1569 44206 17 3248 1085 1017 148 442 748 1378371
internal_value=-0.00165064 -0.0158765 -0.0446914 0.0373464 0.00187198 0.0418263 0.023207 0.0433334 -0.00348946 -0.00843837 0.00546988 -0.0463557 0.0695686 -0.00176074 -0.0111325 -0.0405936 0.0667922 0.00839973 0.0245164 -0.0059911 -0.0428299 -0.0732552 0.00865497 0.00736229 0.00740112 0.0302518 -0.0132947 -0.0284276 0.147151 -0.0750402
internal_weight=7421.03 5437.48 2072.59 1983.55 3364.89 280.443 1340.07 568.015 848.568 794.733 581.453 213.28 53.8347 3084.45 1521.48 320.002 643.481 772.055 364.189 407.866 162.217 1224.02 26.1048 1562.96 289.253 245.625 95.5508 82.8386 28.0414 1197.92
internal_count=1705019 1605934 1499380 99085 106554 9449 41469 28740 69527 59711 17538 42173 9816 97105 74191 39418 57616 12729 5399 7330 1614 1429853 7276 22914 3597 4265 1245 1097 1133 1422577
is_linear=0
shrinkage=0.08


Tree=58
num_leaves=31
num_cat=0
split_feature=10 14 1 7 4 6 6 11 15 6 15 11 2 1 6 1 5 6 4 5 15 0 1 5 6 0 1 2 14 7
split_gain=566.436 622.002 240.526 92.2067 58.1228 54.1395 50.8526 48.7708 46.3494 41.1993 32.1148 30.7436 26.6324 28.0051 54.4807 25.6839 26.575 20.069 38.1068 25.2842 79.3691 41.2796 27.3924 25.0833 34.9703 26.298 19.9373 19.8419 17.8665 16.6203
threshold=0.18019481003284457 0.54772257804870617 0.88396573066711437 0.97067421674728405 0.84523808956146251 0.13714733719825747 0.44862772524356848 0.38750000298023229 0.60092473030090343 0.10380747169256212 0.25545510649681097 0.17424242943525317 0.60107529163360607 0.25176055729389196 0.39504285156726843 0.95713412761688244 0.61167800426483165 0.059411764144897468 0.77500000596046459 0.53093111515045177 0.21062359958887103 0.84134247899055492 0.91458967328071605 0.64051282405853283 0.3303030282258988 0.91715687513351452 0.74873736500740062 0.83424907922744762 1.0000000180025095e-35 0.99783548712730419
decision_type=2 2 2 2 2 2 2 2 2 2 2 2 2 2 2 2 2 2 2 2 2 2 2 2 2 2 2 2 2 2
left_child=1 8 3 4 5 10 -7 15 -1 27 -2 -10 13 -5 -15 16 -4 19 -19 21 -21 -3 -22 24 -20 -25 -23 -6 -18 -14
right_child=2 17 7 12 9 6 -8 -9 11 -11 -12 -13 29 14 -16 -17 28 18 23 20 22 26 -24 25 -26 -27 -28 -29 -30 -31
leaf_value=-0.077069174614216335 0.042580204283547703 0.014737235667477177 0.082576081166211818 0.047441617379004992 0.021757289758717647 -0.020675678602685443 0.013338892087730342 0.079101926342117587 -0.050325536285195052 0.057276664391400604 0.0062077425515756329 0.03406781652124604 0.025390943868287802 -0.053742921326371366 0.048352109754283168 0.064229748979858142 -0.076100523087938785 -0.013363231803253113 -0.072526353574418223 6.4337216464931002 -0.028120128868719663 0.23018921086151151 0.012103787321744781 0.10946078692739393 0.010939016993237811 0.017603077445541654 0.0818573765864921 -0.1499527555518517 0.013139925724025241 0.075114482310849426
leaf_weight=1041.3204791832832 218.59324113279581 125.7456109476625 33.216205082833767 164.61334842722863 7.8969564881408614 908.06772886239924 407.54170155432075 432.65268245432526 109.03682531643426 175.12495920271613 537.07475199422333 37.000593887409195 58.480406341142952 65.790430278517306 68.053143292665482 133.78481934871525 16.12936769425869 1225.4417444922146 47.679232741123997 0.012279866263269379 144.43009876046563 6.9785598289454347 433.77891161426669 21.058584230544511 98.491052554687485 377.77732513897354 34.319461110222619 9.4740826464258117 130.74392782337964 162.76186361070722
leaf_count=1378822 3403 12134 928 4742 138 29200 11554 48511 45945 7180 16563 2450 2776 1139 1881 8755 336 100862 758 1 1906 225 3584 133 973 2350 355 148 3856 13411
internal_value=-0.00156716 -0.0234252 0.0213625 0.0105478 0.00357135 -0.000336505 -0.0101388 0.0616856 -0.07115 0.0456203 0.0167293 -0.0289433 0.040937 0.0253446 -0.00183241 0.0376786 0.0179543 -0.000900151 -0.00553608 0.0101129 0.0021929 0.0375281 0.00205631 0.0120632 -0.0162865 0.0224532 0.106923 -0.0718926 0.0033397 0.0619712
internal_weight=7233.07 3703.07 3530 2783.47 2263.77 2071.28 1315.61 746.527 1187.36 192.496 755.668 146.037 519.699 298.457 133.844 313.874 180.09 2515.71 1770.45 745.265 578.221 167.044 578.209 545.006 146.17 398.836 41.298 17.371 146.873 221.242
internal_count=1705019 1550498 154521 92135 68186 60720 40754 62386 1427217 7466 19966 48395 23949 7762 3020 13875 5120 123281 105076 18205 5491 12714 5490 4214 1731 2483 580 286 4192 16187
is_linear=0
shrinkage=0.08


Tree=59
num_leaves=31
num_cat=0
split_feature=10 15 10 4 16 14 2 10 14 5 0 6 14 5 2 15 10 12 9 6 10 0 12 0 6 2 7 0 9 4
split_gain=508.242 359.681 346.219 120.071 49.6172 47.4239 47.0562 46.1732 44.3555 39.9919 64.6251 43.3362 36.9811 34.33 29.7638 32.2788 27.9108 27.8438 25.9281 29.5717 25.3196 24.1603 22.4838 20.0371 48.1204 18.9736 18.6066 17.1028 16.6441 15.4949
threshold=0.43303571641445165 0.60092473030090343 0.11651583760976793 0.84523808956146251 1.0000000180025095e-35 0.33449883759021765 0.8841681480407716 0.84807693958282482 0.57587876915931713 0.085960593074560179 0.4712491780519486 0.31866537034511572 0.57587876915931713 0.32672683894634252 0.93788579106330883 0.99891540408134472 0.24568965286016467 1.0000000180025095e-35 0.62942156195640575 0.13100686669349673 0.040833333507180221 0.93405798077583324 1.0000000180025095e-35 0.95713412761688244 0.053342817351222045 0.6789083480834962 0.92180705070495617 0.63686314225196849 0.67811349034309398 0.6904762089252473
decision_type=2 2 2 2 2 2 2 2 2 2 2 2 2 2 2 2 2 2 2 2 2 2 2 2 2 2 2 2 2 2
left_child=1 2 8 6 14 13 7 18 -1 11 -11 -7 16 17 26 -16 -6 -4 29 -20 -10 -18 -14 24 -5 -22 28 -15 -3 -2
right_child=3 4 5 23 12 9 -8 -9 20 10 -12 -13 22 27 15 -17 21 -19 19 -21 25 -23 -24 -25 -26 -27 -28 -29 -30 -31
leaf_value=-0.079010656946706198 0.046381492292984897 0.0016781425100733927 0.019004033000474797 -0.11166361216942994 -0.064359836681028335 0.019024972325265007 0.06591146335097553 0.049874024283210215 -0.055892391620586727 0.18107136688524914 -0.0078529165461997084 -0.034693199596358915 -0.0035863088415657315 0.15916881555794851 0.061965780521954068 0.0068108392746428605 -0.033219393051178325 -0.047518695355673497 0.025206503019273737 -0.0069882516636633587 -0.015687443842754781 0.020413219870387592 0.083261721310952719 0.072350702874115963 0.058726121489130478 0.094340626538996844 0.06073652679765542 -0.035326880620962058 0.028722790652604455 -0.076917116971913432
leaf_weight=917.08931642177049 135.81535016745329 1287.8981315463898 49.118839676026255 13.134624846279619 112.73361654730979 348.08574014517944 136.91831174585968 215.64020679797977 89.074358062935062 22.078171853441745 24.388402013515588 132.77718696021475 1194.23416740424 8.9646419096970913 138.83574383420637 132.92963982187212 171.45862103416584 223.4944821165991 271.30962182953954 558.40785341989249 35.335997630609199 78.306419539963827 19.38757635676302 466.14894050452858 55.138395107351243 14.006318372092208 38.992184258066118 4.2725991857005274 164.20799688878469 6.8521877052262417
leaf_count=1356389 3012 21214 17277 257 45805 6622 11516 12528 54684 707 5564 5127 33701 147 6337 1017 4035 30232 8427 11241 7191 1644 303 47608 4349 1838 999 1735 3366 147
internal_value=-0.00149162 -0.014311 -0.0424149 0.0344126 0.00141751 -0.00318342 0.0215013 0.0163831 -0.0726395 0.0110407 0.0819127 0.00419216 -0.00889617 -0.0294236 0.0106386 0.0349876 -0.0313181 -0.0355328 0.00895606 0.00353912 -0.0304266 -0.0164045 -0.00219891 0.0664224 0.0259459 0.0155451 0.00620082 0.0963912 0.00473642 0.0404596
internal_weight=7067.04 5207.67 1868.69 1859.37 3338.98 813.18 1324.94 1188.03 1055.51 527.33 46.4666 480.863 1576.12 285.851 1762.86 271.765 362.499 272.613 972.385 829.717 138.417 249.765 1213.62 534.422 68.273 49.3423 1491.1 13.2372 1452.11 142.668
internal_count=1705019 1605934 1487513 99085 118421 67411 46871 35355 1420102 18020 6271 11749 85488 49391 32933 7354 51484 47509 22827 19668 63713 5679 34004 52214 4606 9029 25579 1882 24580 3159
is_linear=0
shrinkage=0.08


Tree=60
num_leaves=31
num_cat=0
split_feature=8 14 10 1 11 0 11 4 0 6 4 11 6 11 4 0 11 2 15 11 15 0 11 1 11 15 15 7 0 6
split_gain=445.368 395.2 239.431 133.27 85.1628 101.31 70.0292 120.446 44.7769 48.5388 44.1789 38.4417 37.9346 27.1233 36.4463 26.901 25.5295 23.4338 22.2393 29.2625 21.6978 21.164 37.5294 35.977 53.1113 39.1425 23.3545 18.0867 16.1775 16.1141
threshold=0.67550018429756176 0.43252827227115637 0.18019481003284457 0.92031747102737438 0.43650794029235845 0.56691542267799389 0.095454547554254546 0.077380955219268813 0.24316334724426272 0.41967740654945379 0.31666667759418493 0.23611111193895343 0.10102041065692903 0.52777779102325451 0.13392857462167743 0.97100839018821727 0.95454546809196483 0.51316702365875255 0.59144240617752086 0.29285715520381933 0.64891251921653759 0.80982521176338207 0.17424242943525317 0.29459981620311743 0.095454547554254546 0.49218934774398809 0.54483732581138622 0.63670033216476452 0.63686314225196849 0.26138716936111456
decision_type=2 2 2 2 2 2 2 2 2 2 2 2 2 2 2 2 2 2 2 2 2 2 2 2 2 2 2 2 2 2
left_child=1 2 18 4 6 8 7 -2 29 -10 -9 -8 -4 21 16 -14 -15 -13 -1 -20 -16 23 26 24 -3 -25 -23 -18 -21 -6
right_child=3 13 12 -5 5 -7 11 10 9 -11 -12 17 15 14 20 -17 27 -19 19 28 -22 22 -24 25 -26 -27 -28 -29 -30 -31
leaf_value=-0.078758690585260777 0.097778088246313705 0.11402899102505699 0.020021011536198903 0.069855678164880919 0.057472286068083245 0.064395341907646661 -0.14703572169575932 -0.081913604845015323 -0.043000068150022192 0.027119864753198306 0.0070184797335182247 -0.058585658553742544 -0.032736531054440618 0.1039435227124974 0.22276920005625012 0.019465726903654119 0.080463495250534284 -0.0060112802559836587 -0.059347363784717978 0.70976501765725486 0.069051933336497437 -0.071074531676082436 0.054105721246921624 -0.063899727972908257 5.8099183284994116e-05 -0.012519697204502108 0.0021095612032262395 -0.011356810304494173 0.039348203192509638 0.013045667036402139
leaf_weight=810.26533713052049 96.384953357279301 28.915410000830889 191.60751971625723 406.91026079049334 117.99641566723585 429.53187382500619 18.059945388464257 38.608260625042021 142.56500257505104 113.46576545387506 482.92250217171386 87.120071492623538 338.55419496714603 16.752851414727047 6.9413244640454641 77.6735793070402 15.517898347228764 143.8519468116574 100.75444237416377 0.23311690543778496 38.325678713619709 28.3028999742819 89.209533069224562 119.3744948595413 275.46310579183046 462.74019641324412 1996.443526847288 119.14687572419643 19.455927900911774 93.778954228386283
leaf_count=1266523 2156 3125 8797 46511 4793 37901 153 490 2014 1608 7224 681 27332 206 210 1506 1784 2033 57450 36 2057 24939 2922 106633 5770 63761 22575 1234 1195 1400
internal_value=-0.001417 -0.0151722 -0.0484867 0.028585 0.0190664 0.0363427 0.00118461 0.0156189 0.0105852 -0.0119249 0.00043495 -0.0346308 -0.00943502 0.000859585 0.0296394 -0.0229949 0.0108101 -0.0258417 -0.0739908 -0.0419159 0.0926232 -0.00102698 0.00332398 -0.0114024 0.0108851 -0.0230562 0.00108656 -0.000776032 0.0472859 0.0377992
internal_weight=6906.87 4735.68 1538.54 2171.2 1764.29 897.338 866.948 617.916 467.806 256.031 521.531 249.032 607.835 3197.13 196.685 416.228 151.418 230.972 930.709 120.443 45.267 3000.45 2113.96 886.493 304.379 582.115 2024.75 134.665 19.689 211.775
internal_count=1705019 1598055 1362839 106964 60453 47716 12737 9870 9815 3622 7714 2867 37635 235216 5491 28838 3224 2714 1325204 58681 2267 229725 50436 179289 8895 170394 47514 3018 1231 6193
is_linear=0
shrinkage=0.08


Tree=61
num_leaves=31
num_cat=0
split_feature=11 15 4 7 11 4 7 5 1 6 5 6 8 16 1 14 1 15 4 0 1 14 8 7 7 10 15 10 15 1
split_gain=395.291 371.921 322.69 268.912 130.94 110.289 54.6937 52.4823 57.924 130.706 74.5571 48.5364 46.8896 45.7366 45.2402 45.2368 42.3264 37.1788 26.9859 38.2105 32.4106 25.9539 24.4973 21.4044 19.9251 19.1426 35.1483 19.0801 18.451 17.1328
threshold=0.43650794029235845 0.61973884701728832 0.31666667759418493 0.57207792997360241 1.0000000180025095e-35 0.077380955219268813 0.9832867980003358 0.43364779651165014 0.2362911254167557 0.40778534114360815 0.071946170181036009 0.32305502891540533 0.53171876072883617 1.0000000180025095e-35 0.69860395789146434 0.032433379441499717 0.11189358308911325 0.75677746534347545 0.35416667163372045 0.80982521176338207 0.80735492706298839 0.54772257804870617 0.91905540227890026 0.97718599438667308 0.65733855962753307 0.13100686669349673 0.48782259225845342 0.55902779102325451 0.64004489779472362 0.27334994077682501
decision_type=2 2 2 2 2 2 2 2 2 2 2 2 2 2 2 2 2 2 2 2 2 2 2 2 2 2 2 2 2 2
left_child=1 3 7 21 5 -5 13 8 11 14 -11 27 24 18 -10 22 -13 -17 20 -20 -3 -1 -15 -14 -6 26 -9 -2 -4 -23
right_child=2 6 28 4 12 -7 -8 25 9 10 -12 16 23 15 -16 17 -18 -19 19 -21 -22 29 -24 -25 -26 -27 -28 -29 -30 -31
leaf_value=-0.078199662750849136 0.022190523595241377 0.013717606015661099 0.1390983243794699 0.11472982485034365 0.095778348129890237 -0.058897717678310618 0.065767468486125968 2.2480314216635824 -0.063754943106686973 -0.0087560184621862866 0.088574927933904493 -0.10509496590702185 -0.056861592309024538 -0.020836387996918542 0.064903168311462589 -0.037832084017730645 0.0014009545268154008 -0.0017442846211292409 -0.044649160730794092 0.0067591456526534177 0.066922100748479388 0.050113815454830686 -0.091258883940875501 0.052890539319947055 0.00042850906261697035 0.072539879374174429 0.30310950511098184 0.063853586585113545 0.069008103093018192 -0.049030351575293923
leaf_weight=800.88464629551163 250.37699529295787 302.18501888902392 24.874546977167483 94.567317522072699 15.876485618355217 31.118515977344941 80.670585558284074 0.068661411583888277 274.2936904822709 140.4382123183459 78.537675284373108 30.589482526236679 178.94165747630177 63.232004478457384 18.683021167526022 209.6223069873522 108.97697438462637 1422.938263496384 100.03458914719522 1233.903913675691 96.735062300227582 12.330465251521671 63.222732526715845 12.144340224564074 120.35616017132998 56.761573566240259 0.44411283527733758 97.838929151184857 714.1602130883839 117.02383463678416
leaf_count=1333781 6391 5550 2199 1936 1587 7951 4622 12 49426 18400 3475 1333 3562 3896 766 44167 8322 21025 1632 18297 1292 1661 852 145 1111 3246 106 4639 76142 77495
internal_value=-0.00134058 -0.0129936 0.0308135 -0.0482144 0.00233219 0.0717414 0.000643386 0.00245928 -0.00180745 -0.0206039 0.0261526 0.0179204 -0.02432 -0.000861135 -0.0555505 -0.00994853 -0.0219403 -0.00637799 0.00836343 0.00290394 0.0266193 -0.0728294 -0.0560451 -0.0498864 0.0115405 0.0769358 0.563538 0.0338967 0.0713672 -0.0395796
internal_weight=6751.83 4955.79 1796.04 1383.24 453.004 125.686 3572.54 1057.01 999.735 511.953 218.976 487.782 327.319 3491.87 292.977 1759.02 139.566 1632.56 1732.86 1333.94 398.92 930.239 126.455 191.086 136.233 57.2743 0.512774 348.216 739.035 129.354
internal_count=1705019 1530562 174457 1429229 16292 9887 101333 96116 92752 72067 21875 20685 6405 96711 50192 69940 9655 65192 26771 19929 6842 1412937 4748 3707 2698 3364 118 11030 78341 79156
is_linear=0
shrinkage=0.08


Tree=62
num_leaves=31
num_cat=0
split_feature=10 15 10 4 11 4 11 5 14 4 11 4 5 0 14 6 5 11 4 11 11 4 11 0 6 14 11 0 9 6
split_gain=354.607 253.846 317.846 92.199 57.9694 67.0203 48.1193 54.7205 44.6578 39.7186 65.2294 60.5021 39.5966 43.7673 42.0533 30.7472 36.2117 28.5328 27.1592 31.9807 38.9361 34.794 25.1345 26.9818 28.2965 24.4241 23.6091 23.3978 32.3173 23.22
threshold=0.47338935732841497 0.60092473030090343 0.11651583760976793 0.84523808956146251 0.29285715520381933 0.31666667759418493 0.81666666269302379 0.1465040594339371 0.57587876915931713 0.095454547554254546 1.0000000180025095e-35 0.31666667759418493 0.21644144505262378 0.60107529163360607 0.33449883759021765 0.40651482343673712 0.41728855669498449 1.0000000180025095e-35 0.6904762089252473 0.13392857462167743 0.29285715520381933 0.11805555596947671 0.41428571939468389 0.95713412761688244 0.053342817351222045 0.60386699438095104 1.0000000180025095e-35 0.24316334724426272 0.77953639626503002 0.096006143838167204
decision_type=2 2 2 2 2 2 2 2 2 2 2 2 2 2 2 2 2 2 2 2 2 2 2 2 2 2 2 2 2 2
left_child=1 2 8 6 9 15 18 27 -1 10 -3 25 14 -14 26 16 -6 -16 19 21 -21 -2 23 24 -5 -11 -4 -8 -29 -13
right_child=3 4 12 22 5 -7 7 -9 -10 11 -12 29 13 -15 17 -17 -18 -19 -20 20 -22 -23 -24 -25 -26 -27 -28 28 -30 -31
leaf_value=-0.078728759597084752 0.08789163160104993 0.13216538884819007 0.025992856928095762 -0.12945710347109443 -0.058849345199020651 0.051296223004138185 0.040674419101455861 0.068531880463546968 -0.027263111182292108 -0.083877021139755453 -0.043967875574213125 0.0082448811971714414 0.13918084707828132 -0.019625322837109747 0.079701121434210875 0.057718737749557783 0.044508051894418345 0.0027362236142549367 -0.051332575610056413 -0.12305961345439338 -0.00024104025627986046 0.016194544291625722 0.07822674216742391 0.054688988398688514 0.028951584854196178 -0.022657517852745102 -0.040593759665089026 0.06248070641905757 -0.027737552619804224 -0.0070253844873984011
leaf_weight=728.39371934405062 53.99418926704675 34.534230612160172 39.804302032571286 11.323397405445577 88.789351333107334 283.73240681615425 119.75659135449678 220.29819122934714 126.67027383495588 77.054609492013697 22.048143457737751 1023.4601190304966 25.870352899073623 19.46308556915028 32.944383261317853 29.531206626212224 28.708905302686617 479.7691042306833 49.460609900765121 17.509685256518424 292.20029621152207 219.11268155183643 275.07328585674986 124.30918562784791 19.900694510899484 90.922159391222522 236.92585355503252 32.920560322701931 111.40268591605127 1689.120133937744
leaf_count=1356389 1799 629 13668 69 1264 12684 4952 25529 63713 12974 501 22833 1500 7440 3478 380 614 12580 740 154 6924 3596 41527 8009 653 14064 29286 295 1001 55774
internal_value=-0.00126846 -0.011521 -0.0368229 0.0322453 0.00117424 0.0285807 0.0201184 0.0390921 -0.0711046 -0.00284521 0.0635325 -0.00414906 -0.00170816 0.0710003 -0.00588341 -0.0152549 -0.0335955 0.0076816 0.00558293 0.010413 -0.00718468 0.0303693 0.0636932 0.0379893 -0.0284952 -0.0507402 -0.0310161 0.0145331 -0.0071585 -0.00126389
internal_weight=6605 5057.74 1689.84 1547.26 3367.9 430.762 1116.66 484.378 855.064 2937.14 56.5824 2880.56 834.777 45.3334 789.444 147.029 117.498 512.713 632.277 582.817 309.71 273.107 430.607 155.533 31.2241 167.977 276.73 264.08 144.323 2712.58
internal_count=1705019 1609771 1488054 95248 121717 14942 44990 31777 1420102 106775 1130 105645 67952 8940 59012 2258 1878 16058 13213 12473 7078 5395 50258 8731 722 27038 42954 6248 1296 78607
is_linear=0
shrinkage=0.08


Tree=63
num_leaves=31
num_cat=0
split_feature=11 15 4 7 11 4 7 5 0 6 5 1 9 6 4 6 4 6 0 6 10 14 7 4 7 7 1 11 11 6
split_gain=311.995 311.367 277.707 249.203 127.843 66.8852 48.8816 42.9743 47.9997 107.203 59.3464 51.2918 40.8746 39.3319 44.7319 65.1719 39.5873 39.2733 55.0544 25.3994 22.9853 22.0055 21.1744 20.6045 20.5347 18.2437 16.7545 21.5583 16.026 21.1193
threshold=0.43650794029235845 0.60092473030090343 0.31666667759418493 0.57207792997360241 1.0000000180025095e-35 0.077380955219268813 0.99783548712730419 0.43364779651165014 0.24316334724426272 0.46225070953369146 0.071946170181036009 0.69860395789146434 0.55898165702819835 1.0000000180025095e-35 0.84523808956146251 0.053342817351222045 0.095454547554254546 0.2806250005960465 0.12732185423374179 0.15047170221805575 0.050641026347875602 0.54772257804870617 0.44494949281215673 0.61250001192092907 0.65733855962753307 0.94764256477355968 0.27334994077682501 0.095454547554254546 0.88194444775581371 0.18561584502458575
decision_type=2 2 2 2 2 2 2 2 2 2 2 2 2 2 2 2 2 2 2 2 2 2 2 2 2 2 2 2 2 2
left_child=1 3 7 21 5 -5 13 8 17 11 -11 -10 19 20 16 -16 -15 24 -19 -6 23 -1 -22 -3 -2 -14 27 -23 29 -4
right_child=2 6 28 4 12 -7 -8 -9 9 10 -12 -13 25 14 15 -17 -18 18 -20 -21 22 26 -24 -25 -26 -27 -28 -29 -30 -31
leaf_value=-0.078672753269002901 0.093317936308310159 0.04046552747001754 0.068626963830514087 0.1138421350881423 0.036034986311482629 -0.052932013161330838 0.073874171490427354 0.072809411017961234 -0.054535654469569525 -0.0017535243466236612 0.098791821321345619 0.073251128380702565 -0.068240027751849924 0.034562011281670059 -0.150971537101981 0.015200670801032837 -0.013741122462369722 -0.090984043541104981 0.012734715255501778 -0.023772364274243247 0.56194791525487797 0.17340430541974416 0.036359774620208202 -0.0020750570240360218 0.02614314044915907 0.01245327836675056 -0.051529071040717092 -0.039948202565344197 0.077394479656001172 0.014662175315006432
leaf_weight=674.85189252626151 32.466587913339026 90.391898514877539 138.73364288720768 80.986663699441124 81.911913954070769 19.00146983290324 56.777832017745823 52.564503772417083 301.13230790349189 108.24460580898449 57.543757954670582 21.540797735739034 111.97515447292244 114.89177837956231 15.425197757256681 727.91104846843518 1979.4080782149686 44.619684147939552 123.16046201769495 102.08312255085912 0.49166618916205962 5.0863371786545013 219.72892438695999 375.85598451149417 282.90430283918977 21.350653100758791 102.66117083933204 7.5013337227865122 451.02297218423337 69.746183388517238
leaf_count=1315581 4110 1948 11309 1852 1121 6065 3624 3364 54449 13066 2573 900 2048 2141 152 10557 91250 1929 9297 2711 246 863 11479 3137 6428 214 74779 794 62596 4436
internal_value=-0.00119421 -0.0116098 0.0284272 -0.0467419 0.00326747 0.0821488 0.000236089 0.00235519 -0.0014564 -0.0191407 0.0331449 -0.0460049 -0.0215881 -0.000950315 -0.00510722 0.0117524 -0.0110912 0.0164223 -0.0148484 0.002853 0.016233 -0.0731554 0.0375332 0.00617232 0.0330586 -0.0553179 -0.0408482 0.0462618 0.0689158 0.0505732
internal_weight=6471.97 4788.29 1683.68 1207.41 417.309 99.9881 3580.88 1024.18 971.613 488.461 165.788 322.673 317.321 3524.1 2837.64 743.336 2094.3 483.151 167.78 183.995 686.468 790.101 220.221 466.248 315.371 133.326 115.249 12.5877 659.503 208.48
internal_count=1705019 1530562 174457 1406028 14011 7917 124534 96116 92752 70988 15639 55349 6094 120910 104100 10709 93391 21764 11226 3832 16810 1392017 11725 5085 10538 2262 76436 1657 78341 15745
is_linear=0
shrinkage=0.08


Tree=64
num_leaves=31
num_cat=0
split_feature=10 15 10 1 14 11 4 11 5 5 1 11 6 4 4 11 4 6 1 14 6 16 1 11 4 11 9 11 0 9
split_gain=277.103 203.188 284.014 88.307 45.766 43.4766 55.8513 42.4365 51.34 34.2622 44.4041 63.0873 53.8675 36.584 31.5022 58.122 52.1618 25.6318 24.3534 22.8124 21.8094 20.7072 20.5222 20.317 38.134 32.3178 21.9508 19.7565 19.3385 18.9494
threshold=0.47338935732841497 0.60092473030090343 0.11651583760976793 0.88396573066711437 0.57587876915931713 0.29285715520381933 0.31666667759418493 0.81666666269302379 0.29198718070983892 0.21644144505262378 0.28708791732788091 1.0000000180025095e-35 0.63003221154212963 0.095454547554254546 0.095454547554254546 1.0000000180025095e-35 0.31666667759418493 0.30471627414226538 0.7577352523803712 0.60386699438095104 0.077935222536325469 1.0000000180025095e-35 0.60397014021873485 0.13392857462167743 0.11805555596947671 0.23611111193895343 0.62942156195640575 0.38750000298023229 0.63686314225196849 0.34299720823764807
decision_type=2 2 2 2 2 2 2 2 2 2 2 2 2 2 2 2 2 2 2 2 2 2 2 2 2 2 2 2 2 2
left_child=1 2 4 7 -1 14 17 23 -9 10 11 -4 -12 28 15 -3 19 18 -7 -16 21 -6 -19 24 -2 -25 -27 -5 -11 -18
right_child=3 5 9 27 20 6 -8 8 -10 13 12 -13 -14 -15 16 -17 29 22 -20 -21 -22 -23 -24 25 -26 26 -28 -29 -30 -31
leaf_value=-0.07850298677757335 0.087269960425323312 0.12453851926759056 0.11226055854842981 0.038044171702080021 0.093225219947588145 -0.054647137544328185 0.046859857293900582 0.017072906960222994 0.073275404169292221 0.15083467642911141 -0.055926837349254716 -0.0009147339625304175 0.069858410360824338 -0.023060050477518478 -0.081171002259845651 -0.043377951170760654 0.0027149961573833758 -0.008536676294331148 0.069357464558080256 -0.020603426783542544 -0.044541329051312098 -0.038893310311930704 0.098381603600357512 -0.19384129285678764 0.0083505102831808141 0.051632404802969274 -0.013035142292974547 0.07803582260292112 -0.08083493484225969 -0.013036390948188661
leaf_weight=624.31245109444717 45.657838490791619 33.027078350191005 33.435898492345586 119.88198775425553 16.841397414682433 82.662107867829036 267.65024447720498 290.5619520843029 162.02825029799715 23.350864647480197 163.06026834191289 550.80505352083128 25.150285940151662 17.004497857298702 72.537883629032876 21.967737704282627 2057.7828077208251 30.317194642440882 11.552498918434138 88.179635301465169 89.215006513753906 13.824607395508794 18.500892762211151 5.9293560385704032 276.42284559644759 38.121820602566004 282.82051347754896 232.16552111599594 2.5587085242732419 641.09482705319533
leaf_count=1356389 1721 629 903 8770 2839 1287 12684 8442 22873 590 40006 17030 1073 7360 12974 501 29826 432 302 14064 53450 7424 237 37 4010 896 6463 42036 990 48781
internal_value=-0.0011253 -0.0102499 -0.0340746 0.0295383 -0.0698095 0.000923882 0.025293 0.0183911 0.0371935 -0.00145902 -0.00532434 0.00556225 -0.0391183 0.0681166 -0.00250987 0.0574641 -0.00366327 -0.0150641 -0.0394418 -0.0479399 -0.024536 0.0336646 0.0319828 0.00527803 0.0195381 -0.00877298 -0.00535387 0.0644176 0.127956 -0.00102661
internal_weight=6338.42 4884.83 1559.56 1453.59 744.193 3325.27 410.683 1101.54 452.59 815.366 772.452 584.241 188.211 42.9141 2914.59 54.9948 2859.6 143.033 94.2146 160.718 119.881 30.666 48.8181 648.952 322.081 326.872 320.942 352.048 25.9096 2698.88
internal_count=1705019 1609771 1488054 95248 1420102 121717 14942 44442 31315 67952 59012 17933 41079 8940 106775 1130 105645 2258 1589 27038 63713 10263 669 13127 5731 7396 7359 50806 1580 78607
is_linear=0
shrinkage=0.08


Tree=65
num_leaves=31
num_cat=0
split_feature=11 4 16 4 4 11 1 7 14 2 2 6 4 6 7 2 10 2 2 7 14 8 10 2 2 0 6 2 10 7
split_gain=247.067 185.696 137.786 136.962 123.332 108.899 93.8772 55.1485 42.7462 34.6759 39.7196 55.6461 36.9534 32.8779 32.8308 31.6104 31.4532 31.2342 29.0197 27.1065 25.7546 25.4418 22.5904 22.0035 28.8046 20.2979 18.7601 18.6008 16.9118 11.513
threshold=0.63333335518836986 0.31666667759418493 1.0000000180025095e-35 0.43650794029235845 1.0000000180025095e-35 1.0000000180025095e-35 0.75513628125190746 0.97718599438667308 0.045663053169846542 0.74646764993667614 0.19433516263961795 0.40778534114360815 0.13392857462167743 0.29459981620311743 0.93039408326148998 0.096006143838167204 0.050641026347875602 0.7243877947330476 0.94609123468399059 0.65733855962753307 0.73760247230529796 0.91905540227890026 0.040833333507180221 0.19433516263961795 0.53589835762977611 0.84889996051788341 0.32305502891540533 0.49752475321292883 0.77097901701927196 0.51628047227859508
decision_type=2 2 2 2 2 2 2 2 2 2 2 2 2 2 2 2 2 2 2 2 2 2 2 2 2 2 2 2 2 2
left_child=2 9 14 4 5 16 20 8 21 10 13 12 -12 19 18 -15 -4 -7 23 -2 -6 -5 -20 26 -25 -8 -1 -13 -10 -3
right_child=1 29 3 7 6 17 25 -9 28 -11 11 27 -14 15 -16 -17 -18 -19 22 -21 -22 -23 -24 24 -26 -27 -28 -29 -30 -31
leaf_value=0.050578544220895173 0.1396619003666271 0.17936910626752209 -0.042415973624213878 -0.017484246209957605 -0.073129943869943204 -0.024129070236019717 0.035250579414341378 0.062106246011375439 -0.0012113120900916214 0.083314569753710113 -0.057033635616884404 0.006519201842594172 0.05385681531837129 -0.15201002374188616 0.043436060667181357 0.0039815752267680629 0.1101315001598188 0.085642741055883806 0.011789446867310085 0.035163559909980519 -0.03662712525342593 -0.09283745961106131 0.063216937594492817 -0.025507828368393985 0.0027359057626168276 -0.020818394953193185 -0.020484467002439569 0.076868182188513379 -0.20048390654375781 0.073125320551075512
leaf_weight=95.284099894895917 17.798685388523154 6.6301310264389022 10.108506667369509 61.518458435253706 625.26975010047317 402.43419445943437 58.273030672775349 80.608088580425829 1227.4320665959385 35.382620578922797 168.57123397046234 148.9035925368953 21.709917363157729 10.215229138382709 144.08391113393009 44.669177335861605 59.968904661334818 17.302600775728934 151.21608938838472 147.89443146344274 154.21311768016312 53.715266289189458 85.616421150072711 273.38210618853918 1494.1737906061753 142.05941240509856 31.680252613732591 28.688941265980247 2.7317438395693889 422.49933440430323
leaf_count=1697 1016 491 16999 18478 1036768 44390 16851 7074 125655 3254 28781 13912 1170 492 5014 2674 4888 544 5411 5275 46362 783 5665 94194 127369 20335 1860 1609 100 65908
internal_value=-0.00106164 0.0342603 -0.0082541 -0.0198302 -0.0369688 -0.00419101 -0.0533546 -0.00216731 -0.0060182 0.00639628 0.0017713 -0.0143229 -0.0443817 0.0286127 0.00647722 -0.025052 0.0881269 -0.019604 0.00397873 0.0463887 -0.0659082 -0.0526095 0.0303808 0.000678226 -0.00163246 -0.00450896 0.0328468 0.0178836 -0.00165382 0.0747668
internal_weight=6224.04 1052.96 5171.07 2895.64 1469.63 489.814 979.815 1426.01 1345.4 623.834 588.451 367.874 190.281 220.578 2275.44 54.8844 70.0774 419.737 2131.35 165.693 779.483 115.234 236.833 1894.52 1767.56 200.332 126.964 177.593 1230.16 429.129
internal_count=1705019 124582 1580437 1339227 1187137 66821 1120316 152090 145016 58183 54929 45472 29951 9457 241210 3166 21887 44934 236196 6291 1083130 19261 11076 225120 221563 37186 3557 15521 125755 66399
is_linear=0
shrinkage=0.08


Tree=66
num_leaves=31
num_cat=0
split_feature=10 16 14 10 1 11 2 6 9 1 4 4 11 8 5 4 1 5 10 9 2 2 5 11 7 6 4 7 8 14
split_gain=220.346 155.577 198.172 151.771 79.8073 40.4081 54.1728 30.4195 26.2284 20.8685 46.2542 41.9164 40.4069 27.4755 21.259 19.987 21.8242 19.2912 19.0525 17.0953 22.2594 16.135 38.0154 33.3761 30.8245 23.295 16.0011 15.7392 15.6724 14.5492
threshold=0.47338935732841497 1.0000000180025095e-35 0.55413547158241283 0.20942982286214831 0.91010102629661571 0.81666666269302379 0.57294833660125744 0.096006143838167204 0.37018518149852758 0.29459981620311743 0.31666667759418493 0.11805555596947671 0.43650794029235845 0.49222715198993688 0.57947367429733287 0.84523808956146251 0.87226107716560375 0.58578637242317211 0.04446640424430371 0.77953639626503002 0.19433516263961795 0.14415584504604342 0.095564253628253951 0.13392857462167743 0.99783548712730419 0.37602458894252783 0.11805555596947671 0.68599441647529613 0.76975053548812877 0.77823317050933849
decision_type=2 2 2 2 2 2 2 2 2 2 2 2 2 2 2 2 2 2 2 2 2 2 2 2 2 2 2 2 2 2
left_child=1 7 3 -3 5 21 19 9 26 11 14 27 -12 -13 -11 16 29 -18 -17 28 -21 25 23 -23 -24 -2 -5 -1 -7 -9
right_child=4 2 -4 8 -6 6 -8 15 -10 10 12 13 -14 -15 -16 18 17 -19 -20 20 -22 22 24 -25 -26 -27 -28 -29 -30 -31
leaf_value=0.11267287591336519 0.061115484860025812 -0.076374613878578815 -0.0032388298386657743 0.22875741167273778 0.067145543204673516 -0.001367405276962135 0.072386218226118001 -0.0093130093329232364 -0.018909350903920909 -0.056478735737299071 0.015812979146523149 0.81137274564524575 0.085035893015995206 0.22038818132409665 0.10046406200334586 0.0024987204987028623 0.081363098794894326 -0.058079757065058919 0.041813060760361787 0.047550529335679159 -0.012644056706570818 0.074876675550408334 0.0039234766162585333 -0.057570170816922353 0.065843546613492995 -0.12952261431335471 0.01830984974600797 0.023476427767189011 0.075715681854858552 0.010445063953387968
leaf_weight=18.037622357718647 52.578850343357772 582.38995610890561 1430.7402372801444 4.3459714145865274 259.39701155526564 26.350572478026152 168.32371468655765 691.87585510007921 494.46733356337063 69.11413779418217 551.65884615012328 0.69369630972505492 59.820054663403425 1.8359851671266367 6.0036568361101663 222.36313285384676 6.9567001087125382 72.761256242956733 122.27174112331704 53.111243574880064 151.37903050845489 13.94012973923236 448.18010659050196 96.262854951433837 58.126559440046549 4.4493996519595376 4.9413669928908348 42.474913889542222 46.973398818168789 364.01759899524041
leaf_count=1635 1801 1238717 91719 71 44304 538 27514 171412 20493 18835 33822 87 5224 12 204 9357 254 3531 5590 3217 2948 278 8627 584 3768 52 503 461 1617 7844
internal_value=-0.000987114 -0.00916524 -0.0227977 -0.0485619 0.027162 0.0178989 0.0365724 0.00622178 -0.0164076 0.0193518 0.0153072 0.0634017 0.022585 0.38245 -0.0439354 -0.000427643 -0.00554873 -0.0459111 0.0164469 0.0148733 0.00298998 0.00553004 0.00176413 -0.0408163 0.0110322 0.0462417 0.116788 0.0500642 0.0480142 -0.00250144
internal_weight=6125.84 4746.77 2516.88 1086.14 1379.07 1119.68 446.138 2229.89 503.755 749.639 686.597 63.0422 611.479 2.52968 75.1178 1480.25 1135.61 79.718 344.635 277.814 204.49 673.538 616.51 110.203 506.307 57.0282 9.28734 60.5125 73.324 1055.89
internal_count=1705019 1609771 1351503 1259784 95248 50944 35834 258268 21067 60280 58085 2195 39046 99 19039 197988 183041 3785 14947 8320 6165 15110 13257 862 12395 1853 574 2096 2155 179256
is_linear=0
shrinkage=0.08


Tree=67
num_leaves=31
num_cat=0
split_feature=11 15 4 7 11 2 4 1 7 5 2 5 15 15 16 14 8 8 15 4 4 2 14 16 11 8 7 8 1 11
split_gain=200.374 222.53 210.709 206.932 101.548 49.2074 47.2558 43.0573 38.1094 33.2107 43.5901 31.8662 53.0732 30.1966 30.1266 34.3826 37.0174 28.4563 27.2582 25.1209 29.8727 28.5191 21.5007 20.4525 17.0679 20.0731 23.2962 35.6807 14.5939 16.407
threshold=0.43650794029235845 0.59786736965179454 0.31666667759418493 0.57207792997360241 1.0000000180025095e-35 0.7243877947330476 0.077380955219268813 0.27334994077682501 0.99783548712730419 0.068337485194206252 0.22401433438062671 0.08179993182420732 0.61494493484497081 0.43922029435634619 1.0000000180025095e-35 0.018265220336616043 0.95931279659271251 0.91184088587760936 0.66021290421485912 0.35416667163372045 0.43650794029235845 0.87585616111755382 0.54772257804870617 1.0000000180025095e-35 0.88194444775581371 0.91184088587760936 0.9832867980003358 0.95931279659271251 0.29459981620311743 0.095454547554254546
decision_type=2 2 2 2 2 2 2 2 2 2 2 2 2 2 2 2 2 2 2 2 2 2 2 2 2 2 2 2 2 2
left_child=1 3 5 22 6 7 -5 17 14 10 -6 18 -13 -11 19 -16 -17 23 -9 21 -21 -3 -1 -2 25 -4 27 -27 29 -24
right_child=2 8 24 4 9 -7 -8 11 -10 13 -12 12 -14 -15 15 16 -18 -19 -20 20 -22 -23 28 -25 -26 26 -28 -29 -30 -31
leaf_value=-0.078234471383188856 0.023647383976435298 0.016743756684006864 0.052856111120412566 0.11130534615787246 -0.0041149717134099381 0.071493636276255837 -0.045167606057044875 -0.047790043045664796 0.071759050843456101 0.60835452101114718 -0.071862432915643523 0.071732313881039442 -0.027820865413129892 0.070637404060409137 -0.053037484669275346 -0.0072645296435031696 0.071322328674988708 0.0542250812271046 0.11007665555391687 -0.071735333697164269 0.0033608933475422899 0.084901672376169288 0.13812170592316628 -0.010719319297933183 0.075216847132868539 -0.1052878573915689 0.036030343568705485 -0.77947544672478619 -0.049801276696435359 -0.039648070106394935
leaf_weight=511.50092804149608 194.53187712730141 354.91806028192514 172.55765805195551 66.585784455121029 204.91715049868799 61.495999638485955 15.166063823999137 214.40190648369025 46.888440247159451 0.69887589325662958 86.415679866477149 50.78020382206887 105.42707405734109 15.323225162137531 103.00255310858483 1620.8494019228092 39.290596670936793 86.194398959167302 7.2362272832542649 34.826276315405266 1276.6624099189939 44.181116963591194 5.9980589701444824 257.57237683990388 346.78623196127592 5.1373194265179327 8.8912832015193981 0.55686103785410512 88.552860066032736 7.4495070633711293
leaf_count=1311755 11145 7731 13828 1830 2179 4282 5797 51779 3626 9 2870 6737 2652 988 4212 88864 1753 3437 60 1015 21977 882 1382 16024 62596 579 1288 50 72773 919
internal_value=-0.000924337 -0.00935126 0.0242924 -0.0426022 0.0030342 0.00221903 0.0822775 -0.00243101 0.000117998 -0.0180433 -0.0242103 -0.0231318 0.0045421 0.0940924 -0.000849013 -0.00818732 -0.00540461 0.0120994 -0.0426359 0.00671475 0.00136673 0.024289 -0.0715466 0.00406802 0.0647095 0.0452388 -0.0448804 -0.17122 -0.0380091 0.0396431
internal_weight=6034.8 4523.23 1511.57 1002.61 389.107 977.64 81.7518 916.144 3520.62 307.355 291.333 377.845 156.207 16.0221 3473.73 1763.14 1660.14 538.299 221.638 1710.59 1311.49 399.099 613.501 452.104 533.929 187.143 14.5855 5.69418 102 13.4476
internal_count=1705019 1530562 174457 1400502 13673 96116 7627 91834 130060 6046 5049 61228 9389 997 126434 94829 90617 30606 51839 31605 22992 8613 1386829 27169 78341 15745 1917 629 75074 2301
is_linear=0
shrinkage=0.08


Tree=68
num_leaves=31
num_cat=0
split_feature=11 4 5 1 1 11 16 0 2 0 0 6 5 4 6 2 5 0 7 6 2 4 1 9 0 11 6 8 14 5
split_gain=174.495 193.081 121.254 106.425 110.06 66.0411 62.1221 49.8075 44.0355 37.6764 37.0369 98.2571 47.2332 33.6309 31.0951 30.6017 77.0576 39.4205 30.1758 29.0106 43.2951 23.1818 53.7157 30.4463 22.2664 18.0425 19.5332 41.8725 30.2745 17.9113
threshold=0.43650794029235845 0.31666667759418493 0.32672683894634252 0.75513628125190746 0.27334994077682501 1.0000000180025095e-35 1.0000000180025095e-35 0.64326766133308422 0.7243877947330476 0.94570022821426403 0.24316334724426272 0.46225070953369146 0.071946170181036009 0.13392857462167743 0.31866537034511572 0.88067796826362621 0.73401361703872692 0.88303694128990184 0.9832867980003358 0.32305502891540533 0.11189358308911325 0.84523808956146251 0.82426470518112194 0.611852526664734 0.50217390060424816 0.88194444775581371 0.18561584502458575 0.91905540227890026 0.098955500870943083 0.28679654002189642
decision_type=2 2 2 2 2 2 2 2 2 2 2 2 2 2 2 2 2 2 2 2 2 2 2 2 2 2 2 2 2 2
left_child=2 8 3 4 5 24 -6 -4 10 15 19 13 -13 -12 -7 17 -17 -9 -8 -2 -21 22 -11 -23 -1 26 -3 -28 -29 -5
right_child=1 25 7 29 6 14 18 9 -10 21 11 12 -14 -15 -16 16 -18 -19 -20 20 -22 23 -24 -25 -26 -27 27 28 -30 -31
leaf_value=0.10539077098093745 0.026602370424533811 0.062426115946822666 0.10609791978895604 0.18740379224263151 -0.01831065788639483 0.0087628607018721792 -0.064915537442103377 -0.0078852707468594421 0.069421215888985505 0.014669903458271958 -0.056264143517510128 0.0011197879323385908 0.094322786196600422 0.033889487795580653 -0.054565202148946848 0.038963932504984596 -0.049000736959497769 -0.040983568744419642 0.076147635288259907 -0.1095494919596791 0.0043261742180276111 0.0078877787634954039 -0.030190814366298266 0.044663590279125698 -0.073769389383924383 0.074428005488787544 0.0257771077586962 -0.35611518595902775 0.081131789231722234 0.056838073020237523
leaf_weight=48.590283615048975 325.6216601296328 117.26888028974645 27.754552599129966 14.496867610607298 307.12012186294305 175.86492811213247 587.40792461045203 854.1077899459633 58.394300869083963 391.69537064648466 255.00901965750381 105.47972872646642 51.932097425393295 29.55087489305879 69.128074081760133 206.91520139435306 92.106123260280583 315.31996959948447 9.8684140443801862 26.230211031477666 115.26367821518215 872.22720680129714 302.94093011223595 172.58306251419708 4.8860567896335843 323.38230088964337 60.082669619121589 3.2804022952914229 1.4665204607881603 12.541811945149673
leaf_count=7941 11425 11309 2856 1025 123274 5635 983834 250136 4282 25501 51705 13066 2582 2717 6898 7274 4380 47249 220 1319 9020 34857 13590 10095 4143 62596 4024 259 153 1654
internal_value=-0.000862249 0.023015 -0.00873816 -0.03012 -0.0336483 0.0084753 -0.04755 -0.000610675 0.00207896 -0.00153391 -0.00224671 -0.0188471 0.0318686 -0.0469019 -0.009106 -0.01097 0.0118686 -0.0168098 -0.0625848 0.0134602 -0.0167842 0.00643205 -0.0048945 0.0139625 0.0890212 0.0630862 0.0429448 0.0077054 -0.221032 0.126841
internal_weight=5938.52 1472.96 4465.55 1229.9 1202.87 298.469 904.396 3235.65 967.482 3207.9 909.087 441.972 157.412 284.56 244.993 1468.45 299.021 1169.43 597.276 467.116 141.494 1739.45 694.636 1044.81 53.4763 505.481 182.098 64.8296 4.74692 27.0387
internal_count=1705019 174457 1530562 1134624 1131945 24617 1107328 395938 96116 393082 91834 70070 15648 54422 12533 309039 11654 297385 984054 21764 10339 84043 39091 44952 12084 78341 15745 4436 412 2679
is_linear=0
shrinkage=0.08


Tree=69
num_leaves=31
num_cat=0
split_feature=8 14 10 1 11 2 16 14 10 8 6 15 1 9 7 7 16 14 2 9 15 0 9 15 1 11 7 7 9 10
split_gain=154.805 219.339 140.241 98.4404 50.8947 64.6398 22.111 24.9509 39.7043 29.563 21.6445 21.567 23.4761 46.072 21.1143 21.3456 17.9052 23.1606 19.3726 17.2272 17.0285 14.7015 12.4323 12.8255 11.5176 11.2569 11.2412 13.9969 10.4149 10.3559
threshold=0.67550018429756176 0.34894689917564398 0.18019481003284457 0.97321215271949779 0.73214286565780651 0.65599384903907787 1.0000000180025095e-35 0.57587876915931713 0.15075758099555972 0.5278482735157014 0.096006143838167204 0.70271718502044689 0.65733855962753307 0.5400730073451997 0.92180705070495617 0.68599441647529613 1.0000000180025095e-35 1.0000000180025095e-35 0.59299960732460033 0.611852526664734 0.28849306702613836 0.99532711505889904 0.51321610808372509 0.28849306702613836 0.92031747102737438 0.43650794029235845 0.9656854271888734 0.91166466474533092 0.52062898874282848 0.8603896200656892
decision_type=2 2 2 2 2 2 2 2 2 2 2 2 2 2 2 2 2 2 2 2 2 2 2 2 2 2 2 2 2 2
left_child=1 2 24 4 16 22 11 8 19 -10 -4 12 20 -14 15 -13 -2 29 -19 -8 -3 -12 -6 -24 -1 28 27 -9 -26 -18
right_child=3 6 10 -5 5 -7 7 26 9 -11 21 14 13 -15 -16 -17 17 18 -20 -21 -22 -23 23 -25 25 -27 -28 -29 -30 -31
leaf_value=-0.076480922081129138 0.014696546218550696 0.038668132210689293 0.015822301222546895 0.078812272514477505 0.10646402607630115 0.073180816415195929 -0.076564485066497823 -0.0017878076759249436 0.039936936940405711 -0.031099893234168646 -0.03175987575015822 0.00519636260934508 0.06085278590604333 0.64967481746774924 0.072874421410240392 -0.024726419769804338 -0.046903475780056728 -0.01991574329375817 0.013125292411526483 1.3083647451215068 0.00087379340692811348 0.011163152775161023 0.040089395577242039 0.0016095989031155774 -0.071075800466485553 0.1395762274686142 0.038868124318836142 -0.06102002189837448 0.063395749287470549 0.08186586403040369
leaf_weight=455.32650392322103 485.39670724608004 123.25023081895779 132.77460974111455 161.03481816570275 8.8594028998631966 176.40451939147897 80.006386866501998 1315.7604554646532 56.645948498568032 110.89599521295168 244.56705305783544 963.3009565374814 60.991089672403177 0.86247728628222731 26.360769498394802 181.28975107055157 94.362352060270496 178.90855667449068 310.97047254838981 0.057524419506079449 200.27172885864275 64.548093816149049 71.783241012133658 243.41851049731486 15.073298749513929 2.5738808211171991 42.467792839277536 26.037986557930708 4.8793935757712452 4.1738734105601898
leaf_count=1172109 10336 2911 7446 33946 288 36786 205769 82548 4456 2604 25209 7389 20545 22 1266 3691 980 2625 9913 12 46321 1331 4344 7401 13492 53 492 207 182 345
internal_value=-0.000797806 -0.00926094 -0.0436781 0.0192367 0.0131426 0.0342125 0.00066784 -0.00583838 -0.0292278 -0.00708233 -0.011193 0.00748988 0.0239057 0.0690632 0.00208723 0.000456945 0.00332266 -0.00605991 0.00105839 -0.0755694 0.0152721 -0.0227969 0.0129999 0.0103729 -0.0737184 -0.0178794 -0.00165468 -0.00293723 -0.038191 -0.041449
internal_weight=5843.25 4107.94 919.743 1735.31 1574.28 500.466 3188.2 1631.87 247.606 167.542 441.89 1556.33 385.376 61.8536 1170.95 1144.59 1073.81 588.415 489.879 80.0639 323.522 309.115 324.061 315.202 477.853 22.5266 1384.27 1341.8 19.9527 98.5362
internal_count=1705019 1598055 1219822 106964 73018 48819 378233 296088 212841 7060 33986 82145 69799 20567 12346 11080 24199 13863 12538 205781 49232 26540 12033 11745 1185836 13727 83247 82755 13674 1325
is_linear=0
shrinkage=0.08


Tree=70
num_leaves=31
num_cat=0
split_feature=10 14 10 1 11 2 2 16 11 4 14 10 4 0 5 1 9 6 2 9 2 14 8 7 5 1 7 9 0 10
split_gain=137.627 111.736 214.571 64.9841 36.0412 54.3974 34.1526 25.6614 22.486 47.8389 46.7447 50.1663 33.4262 23.6652 54.2249 47.0723 19.6018 19.1766 23.8839 16.4739 17.641 14.7104 24.4234 23.3369 16.4484 22.7301 19.0872 12.2428 11.8143 10.8592
threshold=0.47338935732841497 0.34894689917564398 0.18019481003284457 0.97321215271949779 0.73214286565780651 0.65599384903907787 0.94609123468399059 1.0000000180025095e-35 0.17424242943525317 0.11805555596947671 0.77823317050933849 0.050641026347875602 1.0000000180025095e-35 0.66987180709838878 0.27823315560817724 0.69614070653915416 0.5855005979537965 0.16064515709877017 0.51456862688064586 0.7577352523803712 0.19433516263961795 0.027907580137252811 0.91184088587760936 0.9832867980003358 0.22016949206590655 0.25176055729389196 0.99783548712730419 0.59781962633132946 0.39173060655593878 0.62828946113586437
decision_type=2 2 2 2 2 2 2 2 2 2 2 2 2 2 2 2 2 2 2 2 2 2 2 2 2 2 2 2 2 2
left_child=1 2 16 4 21 19 7 27 10 13 11 -3 -13 14 -10 -15 -1 18 -11 29 -21 22 -2 -24 25 -23 -26 -4 -12 -6
right_child=3 8 6 -5 5 -7 -8 -9 9 17 28 12 -14 15 -16 -17 -18 -19 -20 20 -22 24 23 -25 26 -27 -28 -29 -30 -31
leaf_value=-0.074657921926123402 0.023220064829365273 -0.079220346807334738 -0.01469221752843876 0.07899739918062415 0.013865896907356281 0.073757610213805128 0.054576270538187241 -0.024006014848329742 0.0010877436999426494 0.20275158995563974 0.13813998749551229 0.051018361343160762 -0.02404496142400674 -0.11774294115702624 0.14073450927214237 0.08813847649386912 0.024724673289194758 0.016598634351608119 0.060519420231698921 0.044897072392094874 -0.0086253603540241957 0.022672246050413271 -0.062124142555703143 0.039352642182908772 0.013912386334160493 -0.037759488947445366 0.068002616659831802 0.01383108174123153 0.0015274132603740804 0.07779150674667322
leaf_weight=436.02746955843759 60.012749677523971 94.684546084550675 140.61740043584723 118.97779958392493 31.20918881916441 150.41277066827752 60.184546292759478 353.75951673963573 491.11726271625957 8.2025380146515072 4.0591867793118572 45.366034535865765 232.80403714432032 25.895929981750669 18.464872008975362 9.7960337371041515 13.082631110853979 65.978744131454732 95.857214442250552 51.349133060313761 169.53963572625071 74.079896986950189 74.354805421084166 18.018912029918283 329.07999722613022 86.166572334710509 47.819951683748513 305.63632506970316 2119.9127017874853 37.373120513744652
leaf_count=1183363 1238 223773 6569 30002 761 35037 4926 27038 23005 573 775 2586 45826 715 339 181 2573 6783 5860 3498 5496 1595 792 1051 8797 678 4422 6603 68283 1881
internal_value=-0.000752019 -0.00724429 -0.0269424 0.0227618 0.0168376 0.0347301 -0.00354152 -0.00791369 0.000784888 0.0132902 -0.00279775 -0.0289234 -0.0118031 0.00173711 0.00614789 -0.0612366 -0.0717629 0.0503384 0.0717309 0.014451 0.00381679 0.00542321 -0.0165148 -0.0423295 0.011647 -0.00982267 0.0207752 0.00484321 0.0017885 0.0487014
internal_weight=5769.84 4521.45 1309.31 1248.39 1129.42 439.884 860.198 800.013 3212.14 715.313 2496.83 372.855 278.17 545.274 509.582 35.692 449.11 170.038 104.06 289.471 220.889 689.533 152.386 92.3737 537.146 160.246 376.9 446.254 2123.97 68.5823
internal_count=1705019 1609771 1231072 95248 65246 46673 45136 40210 378699 37456 341243 272185 48412 24240 23344 896 1185936 13216 6433 11636 8994 18573 3081 1843 15492 2273 13219 13172 69058 2642
is_linear=0
shrinkage=0.08


Tree=71
num_leaves=31
num_cat=0
split_feature=11 4 15 7 11 4 5 0 7 14 1 7 5 15 1 0 5 1 16 4 4 5 1 7 5 15 1 0 8 6
split_gain=121.855 134.843 127.014 200.607 63.2033 65.0339 57.4221 65.528 40.6177 28.3029 28.1688 29.7489 25.5265 22.6094 19.7546 30.7986 33.7709 21.3062 18.7126 22.2996 21.5578 13.5204 14.925 12.0931 11.8409 13.752 12.4399 10.6438 9.26291 5.68519
threshold=0.63333335518836986 0.31666667759418493 0.59786736965179454 0.52506983280181896 1.0000000180025095e-35 0.077380955219268813 0.068337485194206252 0.27812939882278448 0.99783548712730419 0.54772257804870617 0.95101958513259899 0.78964132070541393 0.81016731262207042 0.4376038014888764 0.71209660172462474 0.66987180709838878 0.31296642124652868 0.33466666936874395 1.0000000180025095e-35 0.35416667163372045 0.095454547554254546 0.23132664710283282 0.67006802558898937 0.4652314186096192 0.79008570313453685 0.30635792016983038 0.36032786965370184 0.40253165364265447 0.32151830196380621 0.55217784643173229
decision_type=2 2 2 2 2 2 2 2 2 2 2 2 2 2 2 2 2 2 2 2 2 2 2 2 2 2 2 2 2 2
left_child=2 14 3 9 5 29 7 -6 10 -1 18 12 -12 -8 15 16 17 -2 19 -4 -20 -17 -23 -16 26 -26 -11 -7 -18 -5
right_child=1 -3 8 4 6 27 13 -9 -10 24 11 -13 -14 -15 23 21 28 -19 20 -21 -22 22 -24 -25 25 -27 -28 -29 -30 -31
leaf_value=-0.076458784710860025 0.0096701561172049862 0.070347570517134458 0.018937102505199321 0.092932961212299686 -0.001450455450400447 0.13884219102313738 0.33947102806045237 -0.071513097370614856 0.063455816599419596 0.022348478999965997 0.054102424458990959 0.070631971792945572 0.0021610056326945098 0.075873222593499767 0.70726188364811138 0.084651920685961335 0.59816442392658831 -0.02896108580449901 0.039500995093005156 -0.0022582488345806902 -0.010458286128583684 -0.16882502868889557 -0.010492776402604462 0.079160713047351228 0.74027690018694114 0.057290410067567077 -0.050387603963275927 -0.07151058668960332 0.09234666703907303 0.14656740706443702
leaf_weight=400.23460006082314 395.77485169720603 298.95028847589856 445.7650043516187 41.327076817076886 435.77483731645043 1.6734876855334757 2.2348385397926895 106.26878140732879 66.714940244797617 18.766762704966823 72.708028180204565 60.693919986486435 362.25459264632082 30.55147463188041 0.19833300614846194 2.3497429513372508 0.23395696282387035 118.79769385920372 57.409213974780869 1105.6578706353321 1489.0183365299017 12.240797951526476 5.532372079382184 18.089583399007097 0.19492580939549853 5.8862415463081561 75.955793749599252 19.228529612388229 24.093218415539013 18.226961824402679
leaf_count=1321476 34091 66399 9445 1863 7286 584 49 7183 7039 6954 896 9291 5219 2953 20 157 3 18832 1495 18487 90015 553 387 1857 38 866 67895 21021 2283 382
internal_value=-0.000704055 0.026737 -0.00569632 -0.0288096 0.000327267 0.0667375 -0.00896783 -0.0151864 0.00160555 -0.0669165 0.000457279 0.0181647 0.0108435 0.093841 0.00415397 0.00147735 0.0051059 0.000751487 -0.00237591 0.00383174 -0.00860361 -0.0956965 -0.11954 0.0859725 -0.0290297 0.0791829 -0.0359769 -0.054669 0.0972112 0.109348
internal_weight=5692.81 876.261 4816.55 1156.32 655.286 80.4561 574.83 542.044 3660.22 501.038 3593.51 495.657 434.963 32.7863 577.311 559.023 538.9 514.573 3097.85 1551.42 1546.43 20.1229 17.7732 18.2879 100.804 6.08117 94.7226 20.902 24.3272 59.554
internal_count=1705019 124582 1580437 1438550 41321 23850 17471 14469 141887 1397229 134848 15406 6115 3002 58183 56306 55209 52923 119442 27932 91510 1097 940 1877 75753 904 74849 21605 2286 2245
is_linear=0
shrinkage=0.08


Tree=72
num_leaves=31
num_cat=0
split_feature=11 4 15 7 11 4 2 6 2 6 6 9 7 2 14 2 4 0 1 11 11 6 10 9 7 4 4 0 1 1
split_gain=107.688 146.813 143.9 161.005 79.2587 34.6379 33.0986 28.8168 52.0574 53.9298 39.9004 28.2943 27.2915 25.7396 21.6844 20.86 31.4896 21.2062 19.5236 19.2589 17.6635 16.9995 25.9045 24.9892 16.0008 15.6796 13.3651 11.7593 11.4017 10.7237
threshold=0.43650794029235845 0.31666667759418493 0.59786736965179454 0.57207792997360241 1.0000000180025095e-35 0.077380955219268813 0.7243877947330476 0.62605932354927074 0.19433516263961795 0.32305502891540533 0.41967740654945379 0.55898165702819835 0.99783548712730419 0.28759399056434637 0.54772257804870617 0.92403846979141246 0.61250001192092907 0.92031747102737438 0.97321215271949779 0.17424242943525317 0.88194444775581371 0.18561584502458575 0.75499999523162853 0.84764185547828685 0.94764256477355968 0.095454547554254546 0.19090909510850909 0.87585616111755382 0.83424907922744762 0.3536857813596726
decision_type=2 2 2 2 2 2 2 2 2 2 2 2 2 2 2 2 2 2 2 2 2 2 2 2 2 2 2 2 2 2
left_child=2 6 3 14 5 -5 7 8 9 -2 -10 19 15 -9 -1 18 28 -18 25 -6 21 -3 27 -24 -13 -4 -8 -23 -17 -7
right_child=1 20 12 4 11 29 26 13 10 -11 -12 24 -14 -15 -16 16 17 -19 -20 -21 -22 22 23 -25 -26 -27 -28 -29 -30 -31
leaf_value=-0.077509211044122714 0.027760618356764112 0.057876082128503391 0.025226362880401542 0.10788684468796092 -0.081666992273307037 0.085111564136382323 0.081567217576603956 0.011454186684520725 -0.044830506065569174 -0.065911850552719933 0.0070021807369884505 -0.057874226981703449 0.068263741959169316 0.094952775852307478 -0.033746290575035871 0.11846011464118901 0.10411322791894982 0.0027003821874238155 0.039925349334092287 0.013479665362323487 0.071642642283396396 -0.028739561074324529 -0.41940061339531731 -0.057196826984750648 0.018855161950459828 -0.0057090300943405947 -0.038336199373966255 0.049106629001165879 0.043251627434423921 -0.082160440861681047
leaf_weight=364.009255906014 294.52001999047934 104.29633930270211 109.24352299698512 55.235536021587905 14.881942581618203 3.3184701231948557 42.70796982749016 86.091261582332663 274.27252568386029 45.398928607639391 145.45847587351454 101.63876483033528 37.378245780710131 32.565405554923927 90.472847904718947 15.510975534649331 13.539796695025869 520.34925634498359 64.916568010579795 159.95971973668202 252.9368597936118 18.674643213191302 1.5971878201235075 5.1493342574685812 20.985309960320592 2612.3794916259358 6.9126138999417881 37.073739859421039 76.661493244842859 9.4040147157211305
leaf_count=1311755 8952 11309 2150 1830 519 576 3718 6279 53407 2518 18765 2034 3626 1913 75074 254 147 11962 1739 3280 62596 1162 167 459 213 108620 564 2648 1562 5221
internal_value=-0.000660569 0.0190554 -0.0068833 -0.0370091 0.00252651 0.080476 0.00129679 -0.00229446 -0.00802148 0.0152499 -0.0268678 -0.0152816 0.000276245 0.0343704 -0.0687974 -0.000468423 0.0127272 0.00527228 -0.00343312 0.0053811 0.0583159 0.038106 0.00511207 -0.142946 -0.0447431 -0.00446731 0.0648635 0.0230296 0.0559079 -0.03853
internal_weight=5617.54 1347.66 4269.89 819.906 365.424 67.958 927.927 878.307 759.65 339.919 419.731 297.466 3449.98 118.657 454.482 3412.6 626.062 533.889 2786.54 174.842 419.728 166.791 62.4949 6.74652 122.624 2721.62 49.6206 55.7484 92.1725 12.7225
internal_count=1705019 174457 1530562 1400502 13673 7627 96116 91834 83642 11470 72172 6046 130060 8192 1386829 126434 13925 12109 112509 3799 78341 15745 4436 626 2247 110770 4282 3810 1816 5797
is_linear=0
shrinkage=0.08


Tree=73
num_leaves=31
num_cat=0
split_feature=11 1 15 7 11 4 5 0 7 6 4 6 4 0 5 11 2 6 4 0 5 2 6 1 2 6 6 16 2 8
split_gain=94.4152 115.857 100.717 173.131 50.9607 53.1583 48.5861 52.7936 34.0224 22.6595 30.0782 56.7386 26.4623 110.906 22.7912 20.8108 21.4057 27.8091 18.6078 31.9893 30.8431 29.6507 19.5075 17.4167 16.8868 15.7843 15.3875 14.1574 10.1173 37.4167
threshold=0.63333335518836986 0.65733855962753307 0.59786736965179454 0.52506983280181896 1.0000000180025095e-35 0.077380955219268813 0.08179993182420732 0.27812939882278448 0.99783548712730419 1.0000000180025095e-35 0.84523808956146251 0.053342817351222045 0.77500000596046459 0.99532711505889904 0.6900656819343568 0.23611111193895343 0.78738203644752514 0.3440061509609223 0.13392857462167743 0.66987180709838878 0.23582887649536136 0.28759399056434637 0.19821428507566455 0.27334994077682501 0.93405798077583324 0.37965516746044164 0.050641026347875602 1.0000000180025095e-35 0.65485891699790966 0.64031249284744274
decision_type=2 2 2 2 2 2 2 2 2 2 2 2 2 2 2 2 2 2 2 2 2 2 2 2 2 2 2 2 2 2
left_child=2 18 3 15 5 -5 7 -6 9 12 14 -12 24 -14 -11 23 -17 -18 19 20 21 -2 -20 26 -4 -8 -1 -24 -21 -30
right_child=1 -3 8 4 6 -7 25 -9 -10 10 11 -13 13 -15 -16 16 17 -19 22 28 -22 -23 27 -25 -26 -27 -28 -29 29 -31
leaf_value=0.23767741485538346 0.011604108184547159 0.069569286836626165 0.026971146981451054 0.1045410500735493 -0.001202878989990669 -0.052205544245516829 0.02457698932190882 -0.064954869625680492 0.061047071391459762 -0.0042700415691315713 -0.14050575519893393 0.01428206755153226 -0.13039992479973184 0.014406571546548426 -0.028374327076689059 -0.043320087560408095 0.064382184977670204 0.96681507442357462 0.093161259104848529 -0.097118604624235924 0.078828998361705163 -0.03030623654274827 0.040368979827365717 -0.074631224265383364 0.087232160461282404 0.1423042000609667 -0.015038347431463791 -0.073767468975063727 -0.11574313146752382 -0.83652895280170547
leaf_weight=1.8450807434419392 314.14833443166572 251.65625667464337 166.02017603785498 53.063256018911488 433.80662949048565 18.736236451295554 12.794903495872861 102.84105736062338 60.134246235946193 1855.8444949604745 15.47559144743718 733.92235081776744 36.683282968733693 438.24619757648907 290.32273986426299 44.672966515587177 10.292357640370025 0.22328382942942049 29.470677133445861 6.0707674027653393 31.570608682668535 164.66680261056172 20.978412971133366 373.45122160154278 36.261888938839547 16.937085656711133 9.3870194904447981 10.40505703087547 1.9375823046430016 0.60480347974225868
leaf_count=639 22103 64613 5069 2245 7288 21605 2078 7422 7039 96715 164 12700 537 13879 4863 64314 1243 9 2119 208 2732 29225 2261 1319133 921 683 11891 1231 68 22
internal_value=-0.000612513 0.0242406 -0.00499921 -0.0264723 0.00014414 0.0636377 -0.00790488 -0.0134201 0.00137283 0.000368441 -0.00271267 0.0110856 0.0135424 0.0032218 -0.00753075 -0.0650882 -0.0191474 0.083544 0.00456793 -0.00033935 0.00224078 -0.00280906 0.04642 -0.0716791 0.0377738 0.0916413 0.0264749 0.00252752 -0.153229 -0.28721
internal_weight=5542.47 831.509 4710.96 1078.05 638.179 71.7995 566.38 536.648 3632.91 3572.78 2895.57 749.398 677.212 474.929 2146.17 439.872 55.1886 10.5156 579.853 518.999 510.386 478.815 60.8541 384.683 202.282 29.732 11.2321 31.3835 8.61315 2.54239
internal_count=1705019 124582 1580437 1438550 41321 23850 17471 14710 141887 134848 114442 12864 20406 14416 101578 1397229 65566 1252 59969 54358 54060 51328 5611 1331663 5990 2761 12530 3492 298 90
is_linear=0
shrinkage=0.08


Tree=74
num_leaves=31
num_cat=0
split_feature=10 14 10 1 15 16 11 2 2 8 16 15 7 8 7 7 4 4 14 1 7 4 1 7 0 11 10 4 2 1
split_gain=85.939 91.1333 155.453 61.0934 31.2246 24.2459 21.8249 35.5127 16.0909 15.9511 15.1679 20.5693 26.6442 29.7497 18.6244 19.9745 18.5087 21.6461 32.4026 27.6384 13.9447 16.2759 12.9376 12.5762 12.1404 11.0729 9.92945 9.63475 9.62526 8.66789
threshold=0.43303571641445165 0.34894689917564398 0.18019481003284457 0.97321215271949779 0.99891540408134472 1.0000000180025095e-35 0.77500000596046459 0.65599384903907787 0.94609123468399059 0.5971893072128297 1.0000000180025095e-35 0.70271718502044689 0.63670033216476452 0.3869446069002152 0.92180705070495617 0.75532880425453197 0.43650794029235845 0.15476191043853763 0.60386699438095104 0.14389234036207202 0.87559524178504955 0.61250001192092907 0.57712131738662731 0.86166355013847362 0.76253134012222301 0.29285715520381933 0.18350168317556384 0.077380955219268813 0.28759399056434637 0.91010102629661571
decision_type=2 2 2 2 2 2 2 2 2 2 2 2 2 2 2 2 2 2 2 2 2 2 2 2 2 2 2 2 2 2
left_child=1 2 9 4 6 8 20 28 26 29 11 12 13 -3 15 -13 17 19 -19 -12 22 -22 -2 -14 27 -26 -4 -7 -8 -1
right_child=3 10 5 -5 -6 24 7 -9 -10 -11 16 14 23 -15 -16 -17 -18 18 -20 -21 21 -23 -24 -25 25 -27 -28 -29 -30 -31
leaf_value=-0.076101487802203813 -0.0055949222104813524 0.025044138133663567 0.09084079138293967 0.078630712451968648 0.074146156630663609 -0.02336643441529649 0.02561174155127215 0.068870114479755412 0.06257421004360196 0.015487830748511544 -0.013503332935617115 0.0037281391404690219 -0.0056695018755618569 0.10377288976061363 0.073806293741642534 -0.029500034945765946 0.0024232123831913793 -0.074842979029503612 -0.015689866566812389 0.043747526250200515 0.0063329869730114974 -0.021247711584871053 0.041136127701663458 0.036085335938732373 -0.017096397294648319 0.034682184844722984 0.0012548709439183328 -0.06524972792332745 -0.003965675451551744 -0.021476469507022308
leaf_weight=320.86194720510684 62.019372470676899 95.406668778276071 8.0870311298640427 97.073739577550441 50.491642142878845 103.95355483621825 148.43866092618555 91.747175602475181 31.509234989061952 13.577018714437143 212.28246386427782 1010.1960090356879 163.53149729711004 45.305273567995755 22.259823438478634 130.77085046446882 950.37676369876135 76.090393408579985 268.03450980922207 72.363629673607647 377.58650839910842 214.85364563041367 97.560656491201371 64.323946285294369 124.98826308018761 33.521888719289564 379.24504205142148 53.109770629438572 133.96724127954803 19.734797261262429
leaf_count=1168284 627 51845 1017 31184 12372 11119 5514 26936 3334 1711 3514 8175 2022 15187 1014 3067 29583 182158 60639 19886 9224 6415 2203 679 4001 1043 10873 10842 4610 15941
internal_value=-0.000570362 -0.00609116 -0.0260136 0.0176318 0.0125994 -0.00501958 0.00983997 0.0256289 0.00759763 -0.0695467 0.000880146 0.0065519 0.0230212 0.0503926 0.00133364 -8.0277e-05 -0.00462153 -0.0152695 -0.0287694 0.00105116 0.00198449 -0.0036694 0.0229745 0.00611795 -0.0217656 -0.00614621 0.00312532 -0.037529 0.0115809 -0.0729364
internal_weight=5473.27 4199.53 1088.59 1273.74 1176.66 734.415 1126.17 374.153 418.841 354.174 3110.94 1531.79 368.567 140.712 1163.23 1140.97 1579.15 628.771 344.125 284.646 752.02 592.44 159.58 227.855 315.573 158.51 387.332 157.063 282.406 340.597
internal_count=1705019 1605934 1228165 99085 67901 42229 55529 37060 15224 1185936 377769 81989 69733 67032 12256 11242 295780 266197 242797 23400 18469 15639 2830 2701 27005 5044 11890 21961 10124 1184225
is_linear=0
shrinkage=0.08


Tree=75
num_leaves=31
num_cat=0
split_feature=10 14 10 1 15 2 9 11 2 9 9 11 4 11 11 4 14 10 7 0 5 1 6 2 7 1 1 5 5 0
split_gain=74.9099 72.7229 154.464 52.9096 28.2599 23.3531 17.5386 17.3839 35.8758 16.8763 15.9303 14.3494 25.627 24.5555 14.0409 36.9491 34.2605 39.5234 23.907 19.8896 44.8517 37.0181 16.3204 19.3735 12.8673 11.7051 11.2646 15.021 9.23426 8.85768
threshold=0.47338935732841497 0.34894689917564398 0.18019481003284457 0.99532711505889904 0.99891540408134472 0.94609123468399059 0.5855005979537965 0.73214286565780651 0.65599384903907787 0.77953639626503002 0.7577352523803712 0.13392857462167743 0.11805555596947671 0.29285715520381933 0.17424242943525317 0.11805555596947671 0.77823317050933849 0.050641026347875602 0.62087112665176403 0.66987180709838878 0.32672683894634252 0.69614070653915416 0.16064515709877017 0.51456862688064586 0.78964132070541393 0.63686314225196849 0.92031747102737438 0.61167800426483165 0.52679425477981578 0.39173060655593878
decision_type=2 2 2 2 2 2 2 2 2 2 2 2 2 2 2 2 2 2 2 2 2 2 2 2 2 2 2 2 2 2
left_child=1 2 6 4 7 9 26 11 10 25 -9 12 -2 -13 16 19 17 -3 -19 20 -16 -21 23 -17 -11 -4 -1 -28 -24 -18
right_child=3 14 5 -5 -6 -7 -8 8 -10 24 -12 13 -14 -15 15 22 29 18 -20 21 -22 -23 28 -25 -26 -27 27 -29 -30 -31
leaf_value=-0.076131794140046921 0.085857624569613072 -0.078922070924260679 -0.024072347599995787 0.079286950953886243 0.073623282990257569 0.047938561075614637 0.023137452783138765 0.04532312615219216 0.069433947582704852 0.10835793601324309 -0.00089386084297835412 -0.097198358440616722 0.0069101419460790101 -0.0043964183828367146 0.0014695562400127502 0.18421605296238416 0.11880242848760127 0.037485366703701305 -0.023179207051056042 -0.10985515577482904 0.17256176127289458 0.076395112758674971 -0.012441961065983312 0.054442558322988603 0.010399748352017277 -0.0020701323645888228 0.37414113851036285 -0.025419639619995264 0.04912876934772889 0.0016735145869805595
leaf_weight=299.51355882119969 28.723382478347048 70.296538363982108 318.38071107480209 82.97174822865054 46.882101989351213 51.927808652631938 12.799695392604916 62.286665401188657 85.607288593892008 9.1210383481811714 204.25049555418082 19.49384399317205 313.82320305425674 285.51774226035923 492.2564199262124 8.0227407047641446 4.140271183627191 51.464897392273997 216.3526321084355 24.653856956530944 10.005467550654428 9.4466056390665454 37.47798841354961 89.438318312502815 145.19798534782603 301.09056017419789 0.62294110617949883 18.05170922538673 26.692826312035322 2095.9878151756711
leaf_count=1169663 1795 223773 28285 29295 12368 4926 2573 2367 27094 195 7658 200 5900 8571 23183 573 775 43550 4862 715 161 181 5568 5860 3394 8336 276 13424 1215 68283
internal_value=-0.000536862 -0.00536007 -0.0225052 0.017794 0.012919 -0.00399624 -0.0686797 0.0100722 0.0243778 -0.0074815 0.00990652 0.0022927 0.0135301 -0.0103276 0.000963392 0.0109679 -0.00190059 -0.0255347 -0.0115217 0.000863746 0.00487785 -0.0582596 0.0444977 0.0651252 0.0161896 -0.0133783 -0.0723732 -0.0120913 0.0131693 0.00190443
internal_weight=5422.5 4292.94 1156.71 1129.56 1046.58 825.718 330.988 999.703 352.144 773.79 266.537 647.558 342.547 305.012 3136.24 697.994 2438.24 338.114 267.818 536.362 502.262 34.1005 161.632 97.4611 154.319 619.471 318.188 18.6747 64.1708 2100.13
internal_count=1705019 1609771 1231072 95248 65953 45136 1185936 53585 37119 40210 10025 16466 7695 8771 378699 37456 341243 272185 48412 24240 23344 896 13216 6433 3589 36621 1183363 13700 6783 69058
is_linear=0
shrinkage=0.08


Tree=76
num_leaves=31
num_cat=0
split_feature=11 4 15 7 11 2 4 7 9 6 2 6 6 5 14 7 7 1 4 7 16 15 4 7 4 14 6 11 8 4
split_gain=66.3954 108.973 93.7178 128.829 64.6002 25.8222 25.7516 24.1746 23.3998 23.1194 38.7829 46.5068 32.9784 26.5447 22.9968 21.5678 20.2374 18.0649 17.2626 16.9804 15.2163 23.0625 20.671 24.4205 24.1632 20.6221 15.1178 16.6537 40.0061 13.9335
threshold=0.43650794029235845 0.31666667759418493 0.59786736965179454 0.57207792997360241 1.0000000180025095e-35 0.7897985875606538 0.077380955219268813 0.97718599438667308 0.5085725486278535 0.62605932354927074 0.19433516263961795 0.32305502891540533 0.38397435843944555 0.071946170181036009 0.41470342874526983 0.65733855962753307 0.99783548712730419 0.27334994077682501 0.81666666269302379 0.71746492385864269 1.0000000180025095e-35 0.75677746534347545 0.35416667163372045 0.6079215705394746 0.43650794029235845 0.018265220336616043 0.18808962404727939 0.81666666269302379 0.92545253038406383 0.095454547554254546
decision_type=2 2 2 2 2 2 2 2 2 2 2 2 2 2 2 2 2 2 2 2 2 2 2 2 2 2 2 2 2 2
left_child=2 5 3 14 6 9 -5 8 -6 10 11 -2 -12 19 -1 -15 20 -16 26 -11 22 29 23 -4 -24 -23 -3 28 -28 -22
right_child=1 18 16 4 7 -7 -8 -9 -10 13 12 -13 -14 15 17 -17 -18 -19 -20 -21 21 25 24 -25 -26 -27 27 -29 -30 -31
leaf_value=-0.079586620969908137 0.025507585174953388 0.055171858015416353 0.047156910723831234 0.10362317632493696 0.0039070714282279304 0.077370149708172894 -0.031874965984716327 0.069890438590046802 -0.043033078630367476 -0.052279558138888391 -0.040792865549121336 -0.062239350962805036 0.0048639433904751981 0.44873243093632764 0.045061253930761248 0.09735297057888985 0.064684908025420429 -0.048571396008042264 0.073563551846209455 0.031700463818235963 0.0245286220017445 -0.038140420943530866 -0.067592595795268093 0.0056609387190729244 0.0018182555796228744 8.7820673795999677e-05 -0.0047055857765827182 0.046155619535783857 -0.32198213528482611 -0.038755265487145515
leaf_weight=244.2273914131074 288.09677117096726 125.32531641446985 144.55527181670186 48.3772823541658 136.92092285897525 27.319491756497882 11.021926911096669 20.900195641443133 134.96458211506251 19.189081012096722 256.35113970965904 44.648365853194264 167.34822429175256 1.1968688691849845 15.274128261211443 16.961001499556005 30.76102283434011 96.528569305577548 151.46649074551533 78.222164274193347 25.406575911212713 96.505706704454497 32.947877172089648 243.92734677932458 1244.6137746922905 1407.140770771075 35.445092051581014 40.527347849041689 2.740117209032177 180.16704806379857
leaf_count=1192957 8952 19042 5238 1830 2541 3276 5797 202 3303 6504 49853 2518 23325 172 3830 458 3626 190042 48164 1058 900 1269 1015 3375 21977 22189 2148 8876 111 70471
internal_value=-0.000502473 0.0156062 -0.0054156 -0.0318944 0.00241188 0.00078382 0.0784806 -0.0130206 -0.0193941 -0.00161557 -0.00670711 0.0137335 -0.0227598 0.0317105 -0.0658301 0.120514 9.01283e-05 -0.0357796 0.053103 0.0151572 -0.000498567 -0.00580173 0.00494202 0.0211017 2.81735e-05 -0.00236571 0.0379142 0.0104368 -0.0274729 -0.0309341
internal_weight=5369.08 1254.84 4114.24 708.215 352.185 899.333 59.3992 292.786 271.886 872.014 756.445 332.745 423.699 115.569 356.03 18.1579 3406.03 111.803 355.504 97.4112 3375.26 1709.22 1666.04 388.483 1277.56 1503.65 204.038 78.7126 38.1852 205.574
internal_count=1705019 174457 1530562 1400502 13673 96116 7627 6046 5844 92840 84648 11470 73178 8192 1386829 630 130060 193872 78341 7562 126434 94829 31605 8613 22992 23458 30177 11135 2259 71371
is_linear=0
shrinkage=0.08


Tree=77
num_leaves=31
num_cat=0
split_feature=10 14 10 1 15 2 9 9 11 2 9 7 2 4 5 6 8 11 1 14 4 5 6 7 11 7 7 2 6 10
split_gain=59.9028 57.4672 135.361 48.0858 24.9799 19.7374 16.4767 14.2714 14.1229 31.765 13.9747 13.901 16.3692 13.4077 12.8966 11.6573 26.9474 11.0301 31.3907 28.453 16.8951 21.2607 16.0362 18.5452 15.9755 13.2257 14.0673 12.1581 9.55379 7.43595
threshold=0.47338935732841497 0.34894689917564398 0.18019481003284457 0.99532711505889904 0.99891540408134472 0.94609123468399059 0.51628047227859508 0.77953639626503002 0.73214286565780651 0.65599384903907787 0.7577352523803712 0.87559524178504955 0.54923510551452648 0.61250001192092907 0.51389962434768688 1.0000000180025095e-35 0.4404215812683106 0.17424242943525317 0.85880398750305187 0.52879089117050182 1.0000000180025095e-35 0.46318879723548895 0.70782518386840831 0.68599441647529613 1.0000000180025095e-35 0.90152388811111461 0.75532880425453197 0.30471627414226538 1.0000000180025095e-35 0.29520697891712194
decision_type=2 2 2 2 2 2 2 2 2 2 2 2 2 2 2 2 2 2 2 2 2 2 2 2 2 2 2 2 2 2
left_child=1 2 6 4 8 7 -1 28 11 10 -10 12 -2 -13 -9 16 -8 19 22 20 24 -22 23 -19 -3 26 -21 -24 -4 -7
right_child=3 17 5 -5 -6 29 15 14 9 -11 -12 13 -14 -15 -16 -17 -18 18 -20 25 21 -23 27 -25 -26 -27 -28 -29 -30 -31
leaf_value=-0.073946612499323577 -0.017290448889766549 0.08547177628124443 0.023560266711918399 0.079122889153126735 0.072660706239153217 0.013559704410194624 1.2812830398272668 0.035807869455134561 0.04313575431939725 0.067987605903790216 -0.00082912014752988753 0.0070233536513508226 0.05259262551580713 -0.018858467354222769 -0.011075743618553973 -0.038139914652435276 0.058430567663600982 0.026842713231065306 0.071604211812104107 0.00093160669382811104 -0.073013601464369693 -0.0082245938860021055 0.044331020235160279 -0.005339689529028217 -0.10845106994934291 0.063266836630345713 -0.036702406814054921 0.19944674664500275 -0.015112582782189609 0.075673610128725713
leaf_weight=259.25140558568819 31.736055776011199 12.272614026514928 44.065831667219754 72.593004048336297 41.332446637563407 24.104906385298818 0.11735933573800039 84.861716495361179 59.97710271528922 75.875768603989854 202.48388895625249 337.7071828765329 66.1974851496052 206.38375246664509 67.35295119555667 26.0003917725262 6.6752820270048687 152.01716994325398 48.712472893224913 2193.5471424168791 75.252762138436083 56.945162885211175 18.281775101859242 465.54796287068166 3.4925036118656854 21.238816881785169 65.463752568699419 3.9289889509673221 566.02960553683806 25.262168247252703
leaf_count=1160829 315 4931 2096 29295 12368 692 128 1219 2367 27094 7658 8637 1626 5888 2370 23896 1083 27717 3563 126481 181311 26465 812 5248 854 439 762 116 34525 4234
internal_value=-0.000470503 -0.00479526 -0.0204823 0.0162091 0.011739 -0.0036772 -0.0671884 -0.00685185 0.00917051 0.0223975 0.00921765 0.00220011 0.0299465 -0.0027941 0.0150625 -0.0137603 0.0795583 0.00076 0.00969771 -0.00177417 -0.0357699 -0.0451053 0.00498416 0.00258219 0.0425113 0.000431777 -0.000158987 0.0717703 -0.0123193 0.0453447
internal_weight=5314.71 4220.42 1103.72 1094.29 1021.69 811.677 292.044 762.31 980.361 338.337 262.461 642.024 97.9335 544.091 152.215 32.793 6.79264 3116.7 688.488 2428.21 147.963 132.198 639.776 617.565 15.7651 2280.25 2259.01 22.2108 610.095 49.3671
internal_count=1705019 1609771 1231072 95248 65953 45136 1185936 40210 53585 37119 10025 16466 1941 14525 3589 25107 1211 378699 37456 341243 213561 207776 33893 32965 5785 127682 127243 928 36621 4926
is_linear=0
shrinkage=0.08


Tree=78
num_leaves=31
num_cat=0
split_feature=16 15 4 11 7 7 9 5 15 14 5 6 1 4 5 4 2 4 6 2 2 9 0 11 14 9 7 6 2 9
split_gain=57.8152 79.1088 94.574 55.7359 53.0795 46.7771 29.7146 28.3681 27.2963 26.4321 17.9362 15.5426 20.4473 44.991 58.3826 21.572 17.7171 16.3252 16.8925 33.7638 18.3154 15.9637 20.0962 15.3545 14.7246 18.7832 13.5872 13.4139 16.6652 15.8301
threshold=1.0000000180025095e-35 0.75677746534347545 1.0000000180025095e-35 1.0000000180025095e-35 0.99783548712730419 0.93039408326148998 0.29364213347435003 0.22886905074119571 0.59144240617752086 0.60386699438095104 0.6195238232612611 0.12613636255264285 0.28708791732788091 0.31666667759418493 0.33589744567871099 0.13392857462167743 0.90054944157600414 0.84523808956146251 0.39504285156726843 0.58759590983390819 0.19433516263961795 0.36120072007179266 0.77003204822540294 0.63333335518836986 0.018265220336616043 0.96138936281204235 0.71746492385864269 0.080322578549385085 0.58102023601531994 0.3028665035963059
decision_type=2 2 2 2 2 2 2 2 2 2 2 2 2 2 2 2 2 2 2 2 2 2 2 2 2 2 2 2 2 2
left_child=5 2 3 -2 24 11 9 -8 23 -5 -7 12 15 16 -15 -1 -14 18 20 -20 -13 22 -19 -4 -3 -26 -17 28 -10 -29
right_child=1 4 8 6 -6 10 7 -9 27 -11 -12 17 13 14 -16 26 -18 21 19 -21 -22 -23 -24 -25 25 -27 -28 29 -30 -31
leaf_value=0.042538209174251662 0.0862122599539136 -0.029559474140105419 -0.075190508135799389 0.43938039491121172 0.061870378864101933 0.026937704131975614 -0.019421438343568142 0.056611685861747897 0.090199414568743988 0.058973252879732416 0.072625548620072491 0.027115215901890522 -0.051083278781973274 0.092502671126855743 0.008844709159793759 0.55388402032247097 0.10155200623259938 0.34466388520693403 -0.011178006803729384 0.039127802281016276 -0.017865717446735718 0.04231642742851089 0.0013015938138005478 0.073518548331381883 -9.8021910185724386e-05 0.065584192281694639 0.16454738708462363 -0.0091586689696627442 -0.020366410796870051 -0.064299074872361542
leaf_weight=76.367280045698863 39.53916063332872 107.05134981730953 231.98054356999637 1.2417017042607792 91.161079700686969 220.09653460164554 557.07066619748366 33.281664090362028 10.804876991707713 19.966115914285183 73.310574796167202 64.1270074849308 90.113450439472217 58.173500931879971 649.09515427409497 0.73482667657663059 5.1448831089801379 1.0964066121377971 224.53397157085419 137.78603954214486 599.99221163173206 94.891376759900595 217.55351300383336 4.5304274067748329 1440.6940527316183 28.414182105334476 2.615722019225359 51.167504798664595 45.316917121293955 95.537684894938138
leaf_count=2865 21559 3176 1160658 78 28028 13492 72138 3536 1760 346 20080 1599 25605 10345 42786 109 371 80 51046 10415 107190 8123 7265 922 30767 2220 18 16864 13007 48571
internal_value=-0.000439325 -0.00843972 -0.0251943 -0.00584116 0.00251787 0.0083311 -0.0117927 -0.015135 -0.0538757 0.0812458 0.0383532 0.00436718 0.0126126 0.00877409 0.0157257 0.0512551 -0.0428395 -0.0010616 -0.00594195 0.0079527 -0.0135224 0.0149152 0.00302336 -0.0723419 -0.000914933 0.00117234 0.249935 -0.0323426 0.000920331 -0.0450673
internal_weight=5273.39 2757.76 1090.44 651.099 1667.32 2515.63 611.56 590.352 439.338 21.2078 293.407 2222.23 882.245 802.527 707.269 79.7178 95.2583 1339.98 1026.44 362.32 664.119 313.541 218.65 236.511 1576.16 1469.11 3.35055 202.827 56.1218 146.705
internal_count=1705019 1403630 1339439 97657 64191 301389 76098 75674 1241782 424 33572 267817 82099 79107 53131 2992 25976 185718 170250 61461 108789 15468 7345 1161580 36163 32987 127 80202 14767 65435
is_linear=0
shrinkage=0.08


Tree=79
num_leaves=31
num_cat=0
split_feature=0 11 16 6 5 4 5 14 4 6 15 15 5 4 0 5 2 4 6 5 6 6 2 14 9 0 6 4 6 6
split_gain=49.7836 89.6468 50.961 36.6983 42.8621 61.2534 55.1365 32.4179 30.5495 30.8517 27.936 70.5874 35.2069 24.9882 22.9239 76.7204 19.4282 44.8513 18.5912 26.0215 23.9459 22.222 16.9632 16.6397 19.6538 15.0768 12.7702 12.4627 32.5446 39.776
threshold=0.94570022821426403 0.43650794029235845 1.0000000180025095e-35 0.15849281847476962 0.57275134325027477 1.0000000180025095e-35 0.18697033822536471 0.73760247230529796 0.6904762089252473 0.16823899745941165 0.25545510649681097 0.63238835334777843 0.52679425477981578 0.84523808956146251 0.69631093740463268 0.29198718070983892 0.14415584504604342 0.31666667759418493 0.061862245202064521 0.62622550129890453 0.16064515709877017 0.45199692249298101 0.82891985774040233 0.42583425343036657 0.44746042788028723 0.86706829071044933 0.42997199296951299 0.84523808956146251 0.38742592930793768 1.0000000180025095e-35
decision_type=2 2 2 2 2 2 2 2 2 2 2 2 2 2 2 2 2 2 2 2 2 2 2 2 2 2 2 2 2 2
left_child=2 27 8 10 5 6 -5 -7 9 16 23 -12 -13 25 15 -11 -1 -18 22 21 -21 -20 -10 24 -4 -6 -16 28 29 -2
right_child=1 -3 3 4 13 7 -8 -9 18 14 11 12 -14 -15 26 -17 17 -19 19 20 -22 -23 -24 -25 -26 -27 -28 -29 -30 -31
leaf_value=0.050770493635550543 0.073314215253097906 0.064828822282720328 0.20139991329954629 -0.021567018465160608 0.11601802914627513 -0.071284116385343183 0.066670203787817753 -0.0242858740987093 -0.0014405508239623431 -0.0044642799147741243 -0.063132350034061049 0.020916322501080473 -0.018901747500838874 0.1218393262408911 -0.017260632321632857 0.10817492820230946 -0.023638599300855247 0.025604788609840803 -0.076331658261913349 -0.011650569893916427 0.10675705623168223 0.27830855565462725 -0.13319221873956272 0.0028329447255137198 0.038853978669309293 -0.017399546411222024 -0.070879832596761866 0.010202445308520982 0.019932428568377975 -0.022294079309944103
leaf_weight=104.73115574782423 29.762071542383637 173.32193378839293 5.0675460687198202 333.98333302706305 6.5151091085135695 257.11477459089656 52.438740828176378 147.99545934220077 9.2875637204560935 424.49579091568012 139.60630965046585 275.12643976541585 293.9667853184219 16.788103026468889 205.78161737658957 42.582159603611217 156.48521386345965 486.05923699328559 39.778839662511018 46.297571102986694 14.309173079498576 1.1638902139675327 19.149784997585812 128.15016975463368 78.631174363777973 32.273185569982161 32.983994566369802 996.88086395726714 244.46814388282655 433.25780357867188
leaf_count=2875 972 58156 778 64156 673 760769 5365 34602 778 96887 416840 17451 10204 987 28667 3031 37843 43542 3411 2316 664 124 1248 1612 3878 5937 9511 45281 25031 21430
internal_value=-0.000414436 0.0100137 -0.00625812 -0.0155948 -0.027611 -0.0323794 -0.00959294 -0.0541147 0.004167 0.00749081 -0.00453724 -0.0121568 0.000348181 0.040301 -0.00450322 0.00580471 0.0188198 0.0136121 -0.0329898 -0.0169794 0.0163053 -0.0662502 -0.0901625 0.0209526 0.0486953 0.00501005 -0.0246678 0.00443939 -0.00368099 -0.0161486
internal_weight=5228.45 1877.69 3350.76 1767.66 847.109 791.532 386.422 405.11 1583.11 1453.12 920.548 708.7 569.093 55.5764 705.844 467.078 747.276 642.544 129.987 101.549 60.6067 40.9427 28.4373 211.849 83.6987 38.7883 238.766 1704.37 707.488 463.02
internal_count=1705019 150870 1554149 1323252 872489 864892 69521 795371 230897 222356 450763 444495 27655 7597 138096 99918 84260 81385 8541 6515 2980 3535 2026 6268 4656 6610 38178 92714 47433 22402
is_linear=0
shrinkage=0.08


Tree=80
num_leaves=31
num_cat=0
split_feature=7 16 15 4 11 7 14 11 15 5 10 5 8 11 14 8 2 15 2 5 6 8 2 15 2 14 14 4 6 2
split_gain=46.0087 55.3686 71.4435 71.2581 44.6266 24.3585 22.9153 24.8525 22.8606 22.4693 18.389 18.1423 18.5878 14.7044 13.7174 13.578 13.0771 21.8125 14.3778 24.7458 12.8296 12.0476 11.8852 13.946 10.8914 15.9168 12.2201 9.65998 7.94093 17.7493
threshold=0.97067421674728405 1.0000000180025095e-35 0.72745248675346386 1.0000000180025095e-35 1.0000000180025095e-35 0.93039408326148998 0.61437177658081066 0.23611111193895343 0.99891540408134472 0.2416573911905289 0.050641026347875602 0.64760348200798046 0.8893263339996339 0.43650794029235845 0.050252525135874755 0.91905540227890026 0.93788579106330883 0.99891540408134472 0.19433516263961795 0.068337485194206252 0.32305502891540533 0.93982484936714183 0.87206766009330761 0.47949744760990148 0.57932874560356151 0.018265220336616043 0.15026882290840152 0.31666667759418493 0.2674796879291535 0.096006143838167204
decision_type=2 2 2 2 2 2 2 2 2 2 2 2 2 2 2 2 2 2 2 2 2 2 2 2 2 2 2 2 2 2
left_child=1 5 3 4 10 16 7 -5 22 -6 -3 12 -7 14 15 -4 18 -18 20 -20 -1 -16 23 28 26 -26 -25 -8 -2 -30
right_child=8 2 13 6 9 11 27 -9 -10 -11 -12 -13 -14 -15 21 -17 17 -19 19 -21 -22 -23 -24 24 25 -27 -28 -29 29 -31
leaf_value=0.03686142917474608 0.047829805455167636 -0.063691481984885223 -0.0022075686375485353 -0.077999665430091791 -0.02071869842582641 0.043934315052941861 -0.048748145744772431 -0.0024437573772789971 0.074418325305259783 0.067204942126935341 0.10487201312816545 0.07440269016674865 -0.011590925636821452 0.034702043496901425 -0.001132787539098941 -0.052615379184349553 0.0467322876074317 -0.0019495857480303865 -0.029407251830079147 0.0024326274186250762 -0.013014294362059114 0.077718750242218221 0.062946917384299028 -0.0037947112910407988 -0.042937222094597438 0.041597072467532456 -0.075081926968373139 0.0076393003974318044 -0.14051351442758356 0.021296736743590554
leaf_weight=125.17748092388501 77.404217802686617 4.8629488910664795 69.602245894668158 235.5972846452496 421.43043263372965 85.785986560862511 37.796298199391458 31.598999184556305 54.473133350140415 19.460962482815376 27.939436446380569 49.848972806241363 70.129505384946242 69.931193999596871 1359.2978625403484 67.237090551294386 113.21150176352239 122.79698354750872 172.85427762940526 1623.4586658491171 44.828195972455433 12.515297864796592 34.287546716746874 45.856694651418366 20.049532576929778 49.324751451378688 23.163479487877339 40.045752566482406 4.627823920454829 69.420867688022554
leaf_count=2739 3697 16960 1141 1167819 69093 4041 32526 18621 23042 2373 3928 15106 4608 10438 23224 730 15600 1016 41746 203820 2896 342 9466 1119 2976 5633 312 18734 70 1203
internal_value=-0.000384254 -0.00249972 -0.0111063 -0.0302829 -0.0101401 0.00606834 -0.0579365 -0.0690643 0.0264659 -0.0168377 0.0798825 0.0323913 0.0189595 -0.00116036 -0.0028227 -0.0269758 0.00360898 0.0214027 0.00147327 -0.000631237 0.0237099 -0.000413411 0.0184072 0.0131384 -0.00521898 0.0171662 -0.027719 -0.0197397 0.0299129 0.0111841
internal_weight=5184.02 4805.41 2397.32 818.732 473.694 2408.09 345.038 267.196 378.608 440.891 32.8024 205.764 155.915 1578.58 1508.65 136.839 2202.33 236.008 1966.32 1796.31 170.006 1371.81 324.135 289.847 138.394 69.3743 69.0202 77.8421 151.453 74.0487
internal_count=1705019 1657501 1365929 1330054 92354 291572 1237700 1186440 47518 71466 20888 23755 8649 35875 25437 1871 267817 16616 251201 245566 5635 23566 24476 15010 10040 8609 1431 51260 4970 1273
is_linear=0
shrinkage=0.08


Tree=81
num_leaves=31
num_cat=0
split_feature=11 1 15 7 11 5 1 1 14 7 15 14 7 4 6 10 1 9 6 15 5 1 6 6 4 1 4 15 9 9
split_gain=41.6583 74.6074 40.7111 109.931 40.0126 39.9324 36.9569 32.9606 24.6357 17.3909 14.7254 13.7191 113.882 13.1526 18.7227 13.1035 12.3793 22.338 14.45 12.2515 20.3267 17.912 12.0315 28.1808 23.5665 83.5885 17.6236 11.3101 10.9887 10.5977
threshold=0.63333335518836986 0.65733855962753307 0.56693202257156383 0.48397369682788854 1.0000000180025095e-35 0.068337485194206252 0.27334994077682501 0.36461389064788824 0.71021264791488659 0.99783548712730419 0.48001486063003546 0.59331348538398754 0.34384952485561376 0.13392857462167743 0.19821428507566455 0.84807693958282482 0.36032786965370184 0.31605799496173864 0.084219858050346388 0.6671043634414674 0.22611077129840854 0.51456862688064586 1.0000000180025095e-35 0.031754031777381904 0.77500000596046459 0.99532711505889904 0.84523808956146251 0.78766316175460827 0.8808431625366212 0.28644689917564398
decision_type=2 2 2 2 2 2 2 2 2 2 2 2 2 2 2 2 2 2 2 2 2 2 2 2 2 2 2 2 2 2
left_child=2 13 3 8 7 6 -6 -5 -1 22 -7 12 -3 15 -15 19 18 -18 -10 20 -2 -21 24 -24 -4 -26 -25 29 -17 -13
right_child=1 11 9 4 5 10 -8 -9 16 -11 -12 27 -14 14 -16 28 17 -19 -20 21 -22 -23 23 26 25 -27 -28 -29 -30 -31
leaf_value=-0.072531388323107446 -0.0071304036468717927 3.2501985972173317 0.032764633911248411 0.10837828236853794 -0.0012443144491826996 0.20692330795421182 -0.057242527634574228 -0.026979793090495901 0.2796519365344059 0.049184754684756998 0.059365938405006508 0.045646256499150654 0.068679673624787135 0.089216813412167362 -0.0052458333394893794 0.077715488828749527 -0.033870754595103914 0.57046065807198887 0.025469811071606729 -0.1893148622558217 0.092395126467021124 -0.026086510895471808 -0.048362486787815837 -0.0048041232926932667 -0.11270539437852967 0.010141281447058217 0.009633759022503869 0.076336956925693922 0.011160525118920293 -0.14014378501957064
leaf_weight=221.98038102863939 363.68976207230298 0.072038252168566852 197.20448002572812 36.711067587064463 428.05127560628171 5.8599234337452826 91.560973170882789 16.774292414513184 1.9253054654691357 46.338452132302336 16.56109201660729 3.128012568689881 158.21281792689115 26.087267926806817 27.673772167312563 20.787027878221124 27.234667665383316 0.39715711245662433 5.5796664301014971 5.4478123129811165 13.625434846719143 20.467891123145819 82.805352393508656 2056.4133373842924 38.763963515375508 414.48116585583193 734.29986808840476 5.5162003790028384 67.213882860727608 5.2845430000452325
leaf_count=1271295 48228 19 8541 6457 10179 557 12679 39431 273 7068 4084 40 63447 2119 3492 1137 23040 117 2507 95 1137 1058 3782 158448 892 15361 15726 1018 2703 89
internal_value=-0.000356244 0.0175287 -0.00325639 -0.0189622 -8.72801e-05 -0.00660124 -0.0111118 0.0659267 -0.0626793 0.000494376 0.0979313 0.0634295 0.0701276 0.00302435 0.0405917 -0.00108707 -0.00043737 -0.0251846 0.090677 -0.00719096 -0.00353638 -0.0603992 -0.000145879 -0.00236987 0.00967914 -0.000365228 -0.00100519 -0.0126877 0.0268817 -0.0710621
internal_weight=5140.15 717.206 4422.94 852.636 595.519 542.033 519.612 53.4854 257.117 3570.31 22.421 172.214 158.285 544.993 53.761 491.232 35.1368 27.6318 7.50497 403.231 377.315 25.9157 3523.97 2873.52 650.45 453.245 2790.71 13.9288 88.0009 8.41256
internal_count=1705019 124582 1580437 1370619 73387 27499 22858 45888 1297232 209818 4641 64613 63466 59969 5611 54358 25937 23157 2780 50518 49365 1153 202750 177956 24794 16253 174174 1147 3840 129
is_linear=0
shrinkage=0.08


Tree=82
num_leaves=31
num_cat=0
split_feature=10 1 9 10 16 7 10 7 16 8 9 8 10 0 7 9 2 6 4 4 8 1 0 6 5 5 2 1 1 6
split_gain=37.1344 61.5563 41.6938 101.907 28.4574 27.2786 26.2086 19.8315 19.5948 19.2921 16.5976 16.3691 15.1375 13.9611 14.9323 13.4196 12.5004 12.3611 18.8443 15.8426 9.60537 8.68233 5.86627 22.5584 37.1164 18.3558 8.8435 38.3402 14.879 4.49083
threshold=0.28869047760963445 0.97321215271949779 0.26705427467823034 0.048199767246842391 1.0000000180025095e-35 0.63670033216476452 0.16904762387275699 0.88949939608573925 1.0000000180025095e-35 0.53171876072883617 0.5855005979537965 0.48724456131458288 0.84807693958282482 0.95713412761688244 0.9832867980003358 0.36402158439159399 0.88067796826362621 0.13840996474027636 0.81666666269302379 0.58571431040763866 0.40979607403278356 0.14389234036207202 0.8841681480407716 0.17445652186870578 0.53529900312423717 0.38935969769954687 0.71209660172462474 0.70299971103668224 0.71503761410713207 0.072299651801586165
decision_type=2 2 2 2 2 2 2 2 2 2 2 2 2 2 2 2 2 2 2 2 2 2 2 2 2 2 2 2 2 2
left_child=2 8 20 -4 5 10 15 -7 12 -8 -5 21 17 16 -15 -6 -13 19 -19 -2 22 -10 23 25 -25 -1 27 -24 -28 -23
right_child=1 -3 3 4 6 7 9 -9 11 -11 -12 13 -14 14 -16 -17 -18 18 -20 -21 -22 29 26 24 -26 -27 28 -29 -30 -31
leaf_value=0.046085893187389031 0.039492116684478787 0.076633299264512122 -0.078236202949089118 0.017419043317117494 -0.014474111538623199 -0.01514162800936187 0.0062906224512747268 0.044821873091772664 0.028051916091046531 -0.038109653077887336 0.088226278874743727 -0.011521564284339732 0.061030797451716162 0.0063273412962120395 0.069287609777271011 -0.075451915119557983 0.029277454151938005 -0.001002263458009962 0.046137109034213648 -0.0092607048792743129 0.17058527180738722 0.29454565672403643 0.0084912891509609616 -0.02070524291104657 0.099127426483043041 0.0080347852245378597 0.067442358382529988 -0.0621607942407831 -0.00021087439720091973 0.11039169512081638
leaf_weight=116.99384818602266 175.72978196956683 82.085298015968874 153.6805529707126 187.77883950603427 32.341135696871788 389.15042020741384 153.07463387884491 38.820316103287041 13.935589851345869 106.00155231593817 23.881629901137785 679.46205108903814 43.679260148201138 162.97729873203207 28.294067769078538 80.819675426158938 51.720974106923677 415.58786164328922 62.426613207091577 56.333594577154145 2.1416962453295119 0.96271987166255524 138.18403975751426 219.93655500969908 17.887678659317316 264.73256325464172 21.14503762039385 76.299031083064619 1295.3095339457359 7.081886182888411
leaf_count=35810 9502 35463 1046337 74956 54391 5762 17210 818 131 12529 1078 19230 5615 5851 9895 238373 6366 10087 8038 5119 800 28 2737 75122 314 8943 415 1218 12730 151
internal_value=-0.000349492 0.00897156 -0.00535044 -0.0175374 -0.00831859 0.00191602 -0.0259052 -0.00970247 0.005701 -0.0118758 0.0254082 -0.0019761 0.0153202 -0.00360188 0.0156408 -0.0580246 -0.0086356 0.0125084 0.00515393 0.0276573 0.00124823 0.0662536 0.00107958 0.00764773 -0.0116922 0.0196969 -0.00157846 -0.0166421 0.000875779 0.13243
internal_weight=5098.46 1780.28 3318.18 1165.55 1011.87 639.631 372.237 427.971 1698.19 259.076 211.66 944.435 753.757 922.454 191.271 113.161 731.183 710.078 478.014 232.063 2152.63 21.9802 2150.49 619.551 237.824 381.726 1530.94 214.483 1316.45 8.04461
internal_count=1705019 115476 1589543 1451454 405117 82614 322503 6580 80013 29739 76034 41652 38361 41342 15746 292764 25596 32746 18125 14621 138089 310 137289 120189 75436 44753 17100 3955 13145 179
is_linear=0
shrinkage=0.08


Tree=83
num_leaves=31
num_cat=0
split_feature=11 0 15 7 11 4 14 7 9 6 6 2 6 4 15 2 2 2 7 4 6 2 4 4 11 14 4 6 4 7
split_gain=33.3769 69.1051 44.3365 86.8531 40.8733 26.3631 22.0032 20.5345 19.0688 14.0914 18.8361 20.4405 18.5011 18.109 47.8209 27.8674 14.9129 13.1918 12.9002 11.3486 9.86174 11.3655 9.7832 41.0807 66.6264 23.2804 12.2767 48.7503 42.0975 9.70236
threshold=0.43650794029235845 0.90366768836975109 0.59786736965179454 0.53171876072883617 1.0000000180025095e-35 0.077380955219268813 0.52879089117050182 0.97718599438667308 0.5085725486278535 0.6776927411556245 0.16823899745941165 0.11189358308911325 0.28165064752101904 0.13392857462167743 0.25545510649681097 0.59611794352531444 0.19433516263961795 0.73942822217941295 0.99783548712730419 0.73214286565780651 0.091966174542903914 0.45748709142208105 0.31666667759418493 0.095454547554254546 1.0000000180025095e-35 0.56147098541259777 0.35416667163372045 0.29217478632926946 0.43650794029235845 0.75532880425453197
decision_type=2 2 2 2 2 2 2 2 2 2 2 2 2 2 2 2 2 2 2 2 2 2 2 2 2 2 2 2 2 2
left_child=2 9 3 6 5 -5 -1 8 -6 10 13 12 -12 14 -2 -15 -11 -13 22 -3 21 -8 23 24 -4 -25 27 -24 -28 -7
right_child=1 19 18 4 7 29 20 -9 -10 16 11 17 -14 15 -16 -17 -18 -19 -20 -21 -22 -23 26 25 -26 -27 28 -29 -30 -31
leaf_value=-0.076916029406537328 0.028181230243882065 0.031485568649677213 0.10137507794469883 0.095880450311479778 0.0044494186348484118 -0.072877655095308275 0.12767784867350812 0.067998876967291816 -0.038214600450920705 -0.011547848185699015 -0.012514824081253029 -0.0076825261336316989 -0.10804558828490343 0.103310262348835 -0.037535840822751999 0.012842094382642402 0.062845139125314753 0.049487253615188069 0.058976307409598236 0.074319184781720837 -0.043295812853189189 -0.010516915098226361 0.021636732870322854 -0.072730214715740038 -0.027284700832490606 -0.011846398205608972 -0.067322093722712348 -0.050745847427543227 -7.9021880571880781e-05 0.10442491292488182
leaf_weight=168.73726128152339 192.57020591993933 62.431044939992717 42.157670543441782 41.663052092044381 138.63927108766802 9.8505287046282302 4.9866840946924667 19.920932129025459 129.83736956876237 26.621992496817256 27.800968521594768 419.86134467313241 24.328390026421403 33.066174877720186 112.13123651583737 63.90861257709912 48.964325947497855 27.524938238944742 23.3380735515384 108.18837203996372 48.912684435199481 16.124757788595161 442.34055982028076 76.983532453872613 66.225723951181863 84.109774031006964 61.056149630530854 68.81541215404286 2473.8008603885537 2.4707129471935323
leaf_count=1285562 6228 16602 1197 2166 4867 18029 1992 202 4424 2208 774 59147 997 2049 21836 8790 3001 3422 3626 49403 68997 14197 24240 14375 1173 15105 5748 10703 53893 66
internal_value=-0.000330237 0.0116705 -0.00384291 -0.0242361 0.00159055 0.0654782 -0.0612712 -0.0103684 -0.0161832 0.00346497 0.000682162 -0.00968931 -0.0570983 0.0135799 0.00399711 0.0436897 0.0366434 -0.00416522 -0.000293351 0.058646 -0.023572 0.0221257 -0.000710557 -0.0153209 0.0227598 -0.0409417 0.000582005 0.0118921 -0.00169868 -0.0373241
internal_weight=5067.37 1147.4 3919.97 581.143 342.382 53.9843 238.761 288.398 268.477 976.778 901.192 499.516 52.1294 401.676 304.701 96.9748 75.5863 447.386 3338.83 170.619 70.0241 21.1114 3315.49 269.477 108.383 161.093 3046.01 511.156 2534.86 12.3212
internal_count=1705019 174457 1530562 1400502 29754 20261 1370748 9493 9291 108452 103243 64340 1771 38903 28064 10839 5209 62569 130060 66005 85186 16189 126434 31850 2370 29480 94584 34943 59641 18095
is_linear=0
shrinkage=0.08


Tree=84
num_leaves=31
num_cat=0
split_feature=10 15 10 11 1 2 6 11 6 5 14 5 2 7 8 1 15 10 4 11 4 15 5 6 4 1 15 2 9 6
split_gain=30.2616 26.9334 92.6161 31.3246 29.9602 20.2367 57.6406 47.6617 36.7206 32.9718 15.8616 13.6249 13.2295 11.2023 19.5466 10.1053 17.344 9.86072 9.59542 62.9318 40.6967 9.387 8.96202 8.54731 16.63 15.9934 7.34539 10.1078 7.28903 4.87871
threshold=0.84807693958282482 0.56693202257156383 0.04446640424430371 0.43650794029235845 0.84475743770599376 0.27812939882278448 0.62605932354927074 1.0000000180025095e-35 0.33589744567871099 0.23845060169696811 0.77823317050933849 0.077422577887773528 0.46065428853034979 0.99783548712730419 0.95931279659271251 0.36032786965370184 0.55747497081756603 0.059714796021580703 0.077380955219268813 1.0000000180025095e-35 0.31666667759418493 0.99891540408134472 0.84495192766189586 0.3303030282258988 0.13392857462167743 0.58380147814750682 0.50527518987655651 0.84273937344551098 0.9266914725303651 0.38742592930793768
decision_type=2 2 2 2 2 2 2 2 2 2 2 2 2 2 2 2 2 2 2 2 2 2 2 2 2 2 2 2 2 2
left_child=1 2 10 13 23 7 9 17 -9 -7 -1 -8 -6 18 -15 16 -12 -4 19 -3 -20 26 -17 24 -5 -25 28 29 -2 -28
right_child=21 3 5 4 12 6 11 8 -10 -11 15 -13 -14 14 -16 22 -18 -19 20 -21 -22 -23 -24 25 -26 -27 27 -29 -30 -31
leaf_value=-0.079109683685686591 0.08026240783194552 0.096994519638382806 0.48613399191547041 -0.026948041646988552 -1.0127636592331575 -0.04587385759020797 0.031600287400809779 0.012999396281738181 -0.027674139903187768 0.032408049332431584 0.076564242171656346 0.12938661756255537 0.063230950976511116 0.075373654446793351 -0.72157447920795803 -0.046721539981879244 1.618541763655116 0.11199300144561594 -0.040121996655323101 -0.023759963512929652 0.00042619644874441212 0.077323124422231812 0.35208309251430087 -0.0031238212704577249 0.020698226790915483 0.065715939214297109 -0.032147454722278063 0.072818622711126199 0.024128652934747259 0.029877983291331713
leaf_weight=136.21849010149162 22.608459277078509 44.220404282576055 0.46037764016364491 79.081295191936078 0.073187375557607903 221.41402543980803 21.908575670175196 467.35845906423492 204.09425861994532 40.776658945818781 5.3584172870614593 15.621492274716728 95.806389385979855 16.100999638438228 0.19940521428361435 15.022521362930998 0.04709479073062528 21.7509987395606 167.08477377667441 73.583439991416526 3053.0299076776428 28.019679108751006 0.36950343020726073 42.890280996929505 115.14755160779168 43.512070502212737 29.446014197543263 10.553317685145883 42.891522794263437 11.204232794931157
leaf_count=1053574 1286 1529 413 2778 26 225921 3135 19586 21501 67952 2324 4757 40823 2588 39 18633 43 1881 51840 1944 138267 17064 46 1541 9130 4937 3783 5098 1789 791
internal_value=-0.000309284 -0.00137819 -0.0120798 0.00192173 0.0238015 -0.0030553 -0.020426 0.00445029 0.000636299 -0.0336992 -0.0691744 0.0723028 0.0624096 -0.000534277 0.0656245 -0.00410103 0.0899985 0.119748 -0.000857357 0.021568 -0.00167776 0.0357421 -0.0371478 0.0106108 0.0012988 0.0315438 0.0257588 0.00305884 0.0435042 -0.0150517
internal_weight=5025.85 4881.13 1150.4 3730.73 376.511 993.385 299.721 693.664 671.453 262.191 157.016 37.5301 95.8796 3354.22 16.3004 20.7975 5.40551 22.2114 3337.92 117.804 3220.11 144.723 15.392 280.631 194.229 86.4024 116.704 51.2036 65.5 40.6502
internal_count=1705019 1675208 1419766 255442 59235 345146 301765 43381 41087 293873 1074620 7892 40849 196207 2627 21046 2367 2294 193580 3473 190107 29811 18679 18386 11908 6478 12747 9672 3075 4574
is_linear=0
shrinkage=0.08


Tree=85
num_leaves=31
num_cat=0
split_feature=16 15 10 14 7 7 10 1 2 8 6 8 9 9 7 2 14 10 6 11 2 0 7 7 15 7 7 9 14 5
split_gain=30.6897 37.1011 58.368 41.1988 30.6958 30.5873 28.4893 21.4787 40.4984 17.2225 14.126 13.9163 13.7357 11.3014 29.3713 18.0409 14.8321 19.4676 12.0822 11.1875 17.6663 10.9431 16.83 10.7843 10.7439 25.7113 10.6726 10.4495 11.956 10.43
threshold=1.0000000180025095e-35 0.75677746534347545 0.16904762387275699 0.60386699438095104 0.94352909922599804 0.99783548712730419 0.76696833968162548 0.75513628125190746 0.58102023601531994 0.46722149848937994 0.20185185223817828 0.91905540227890026 0.8808431625366212 0.5855005979537965 0.62087112665176403 0.92084378004074108 0.34222380816936498 0.21807064861059192 1.0000000180025095e-35 0.63333335518836986 0.37952858209609991 0.11189358308911325 0.34802019596099859 0.50802230834960949 0.72745248675346386 0.62087112665176403 0.97718599438667308 0.28084674477577215 0.65235814452171337 0.63438084721565258
decision_type=2 2 2 2 2 2 2 2 2 2 2 2 2 2 2 2 2 2 2 2 2 2 2 2 2 2 2 2 2 2
left_child=4 2 3 21 13 6 19 -5 -9 27 -8 -11 -13 16 -15 -16 17 18 -1 26 -21 22 -2 -19 25 -18 -3 -4 -29 -12
right_child=1 5 9 7 -6 -7 10 8 -10 11 29 12 -14 14 15 -17 24 23 -20 20 -22 -23 -24 -25 -26 -27 -28 28 -30 -31
leaf_value=0.01565168512952576 1.4904308718448411 -0.0015781307552708715 0.1502987971203493 -0.019868260338226442 0.036714464970277381 0.054444131150440146 -0.040602425034529363 0.95230346417640588 0.085845962190010699 -0.016056432466091931 -0.25519085117029744 0.077912623297875211 0.0016647671537476318 0.11860200682111292 0.005712327499310158 0.057700494350740102 0.040213777616612302 0.17230834667681275 -0.063098578268093966 -1.3808532856232842 0.058835800026579545 -0.077958007916556216 0.028450742603367538 -0.0025094305003401907 -0.00099958123045271944 -0.0027127861816410577 0.058608135853385569 0.052323723572872308 -0.0074106028569888042 -0.072723546764064756
leaf_weight=15.159765579803205 0.050926848169182359 1491.1838474063552 4.1808039543393525 121.937536456011 194.10524948954117 65.853470738627948 12.151899866876194 0.38195888543850687 3.5914826621883549 489.36872990887787 4.6550487317144853 19.420841856859624 68.292856993270107 16.458965993573656 501.49327670689672 46.697862369124778 150.93095755672402 2.3025243370211674 70.240473854901211 0.054679281078281572 22.93624170019757 163.14156320503389 4.8191346778185107 117.82941025029868 1072.8091912696837 218.69119755690917 19.097785060526803 40.618447912362171 45.428967421292327 3.5216552373021841
leaf_count=10800 24 23979 47 57141 27594 28028 1760 77 1314 28701 263 1132 2821 913 15151 10218 69314 276 147908 3 8515 1238648 2269 5565 10721 2929 1332 6877 388 311
internal_value=-0.000287473 -0.00634777 -0.0187982 -0.0485019 0.00621089 0.00104225 -0.00122133 -0.0139037 0.169137 -0.00571499 -0.0953056 -0.0107969 0.0185469 0.00353491 0.0133025 0.010141 0.000188198 -0.0199178 -0.0491193 2.60688e-05 0.0554118 -0.0744304 0.0437389 0.000841237 0.0030531 0.0148158 -0.000817065 0.0267879 0.0207868 -0.176603
internal_weight=4987.41 2580.69 961.233 293.923 2406.72 1619.45 1553.6 125.911 3.97344 667.311 20.3286 577.082 87.7137 2212.61 564.65 548.191 1647.96 205.532 85.4002 1533.27 22.9909 168.012 4.87006 120.132 1442.43 369.622 1510.28 90.2282 86.0474 8.1767
internal_count=1705019 1403630 1339439 1299473 301389 64191 36163 58532 1391 39966 2334 32654 3953 273795 26282 25369 247513 164549 158708 33829 8518 1240941 2293 5841 82964 72243 25311 7312 7265 574
is_linear=0
shrinkage=0.08


Tree=86
num_leaves=31
num_cat=0
split_feature=0 11 6 4 4 2 5 11 6 2 6 9 2 2 5 1 5 5 2 6 6 4 1 5 1 1 4 2 8 5
split_gain=24.4528 52.6161 26.7253 51.2872 42.0166 72.3395 62.5385 52.1337 41.8244 38.7851 51.8809 37.0988 35.8543 29.6246 41.6486 73.7944 39.2367 24.2794 22.7345 21.2322 20.9993 18.0715 17.2687 37.9515 27.7813 21.1882 17.9119 33.3139 17.375 14.847
threshold=0.94570022821426403 0.43650794029235845 0.15849281847476962 0.6904762089252473 1.0000000180025095e-35 0.680425524711609 0.59137290716171276 1.0000000180025095e-35 0.52803984284400951 0.91458967328071605 0.053342817351222045 0.20459830760955813 0.82891985774040233 0.91010102629661571 0.53923079371452343 0.81530213356018078 0.75204917788505565 0.63438084721565258 0.80229884386062633 0.21778655797243121 0.12158167362213136 0.84523808956146251 0.77459675073623668 0.60188680887222301 0.89512962102890026 0.77836257219314586 0.84523808956146251 0.75809821486473095 0.61655250191688549 0.021507862955331806
decision_type=2 2 2 2 2 2 2 2 2 2 2 2 2 2 2 2 2 2 2 2 2 2 2 2 2 2 2 2 2 2
left_child=2 22 3 13 5 7 11 29 -9 12 -11 -6 -5 14 15 -1 -15 -12 -16 -13 -14 -8 28 24 25 -24 27 -25 -2 -4
right_child=1 -3 4 9 6 -7 21 8 -10 10 17 19 20 16 18 -17 -18 -19 -20 -21 -22 -23 23 26 -26 -27 -28 -29 -30 -31
leaf_value=0.0036256072416643321 0.008359043256658193 0.057029347646300653 0.13858605310392372 -0.019801308823994217 -0.011186632357175583 0.085719528469985651 0.0090615063132146751 -0.026035961103701103 0.015317751707833557 -0.12803726696429568 -0.16874044134960314 -0.020662301922982365 -0.10881355062118957 0.070771630018300349 0.010095154135339977 0.066787265476381405 -0.078396300375679309 0.038437926624869764 -0.038531115298832401 -0.062440907682395255 -0.29092799895098626 0.085748414743751222 0.01049954157319447 -0.10224465191251478 0.074125807571823257 -0.11586181415518748 0.0083962219777096135 -0.0062277778795532925 0.047477659410972997 0.041755721506263492
leaf_weight=965.26901220391301 283.73297631238529 125.96706806609291 16.631936385994777 35.880207979265833 258.05315105539194 59.04397976402106 49.439939188108838 449.4911655916294 240.15003201911168 17.040555462059274 3.8252654102543593 109.10404675336758 40.191138283349574 82.53101396044076 90.346252430492314 134.93385282149393 13.073168862014425 67.521603882152704 192.96425199899386 271.78225208276126 4.5066299038226125 32.657632414899126 10.948589868392444 24.717799727884994 7.9072138820047249 37.861085678268864 853.64066905895743 359.2253375993314 97.68571661086753 25.941105889520259
leaf_count=472172 31093 58156 528 4142 41124 4285 6231 67104 21927 1220 181 158312 2949 5431 12247 9982 1049 3787 21788 698631 326 1714 1083 1069 388 3155 38600 15980 1346 19019
internal_value=-0.000272 0.00716595 -0.00451227 0.00253483 -0.0121921 0.000537107 -0.026161 -0.0063318 -0.0116356 -0.0392201 -0.00262382 -0.0346064 -0.0793631 0.00730466 0.00432846 0.011372 0.050374 0.02733 -0.0230244 -0.0504735 -0.127175 0.0395668 0.00341762 -0.000991 -0.0649819 -0.0875175 0.00194162 -0.0124092 0.0183778 0.0795843
internal_weight=4962.06 1801.69 3160.38 1648.08 1512.3 791.258 721.037 732.214 689.641 168.965 88.3874 638.939 80.578 1479.12 1383.51 1100.2 95.6042 71.3469 283.311 380.886 44.6978 82.0976 1675.72 1294.3 56.7169 48.8097 1237.58 383.943 381.419 42.573
internal_count=1705019 150870 1554149 535274 1018875 112863 906012 108578 89031 12605 5188 898067 7417 522669 516189 482154 6480 3968 34035 856943 3275 7945 92714 60275 4626 4238 55649 17049 32439 19547
is_linear=0
shrinkage=0.08


Tree=87
num_leaves=31
num_cat=0
split_feature=11 1 15 7 11 5 5 0 14 15 14 6 2 0 0 1 0 5 5 7 7 15 9 6 6 15 5 5 1 7
split_gain=23.3015 50.3089 20.2529 76.3315 28.4659 32.2463 25.5879 25.5653 21.2163 14.021 13.0081 11.5065 24.275 49.0486 22.6003 16.8864 16.5026 66.4302 50.4206 16.1686 11.4814 10.4718 10.7506 9.11749 18.0084 16.6498 18.2 15.2634 10.8313 10.7596
threshold=0.63333335518836986 0.65733855962753307 0.56693202257156383 0.48397369682788854 1.0000000180025095e-35 0.13182721287012103 0.027402402833104137 0.27812939882278448 0.54772257804870617 0.49300053715705877 0.59331348538398754 0.39504285156726843 0.59299960732460033 0.75582656264305126 0.95040982961654674 0.39052423834800726 0.68457102775573742 0.23132664710283282 0.35574388504028326 0.71746492385864269 0.68599441647529613 0.75677746534347545 0.28644689917564398 0.16823899745941165 0.52803984284400951 0.21062359958887103 0.041960094124078758 0.071946170181036009 0.36032786965370184 0.68599441647529613
decision_type=2 2 2 2 2 2 2 2 2 2 2 2 2 2 2 2 2 2 2 2 2 2 2 2 2 2 2 2 2 2
left_child=2 23 3 8 6 7 -5 -6 -1 -7 -3 15 -13 19 -15 -4 18 -18 -17 -14 -8 22 -12 25 -25 29 -27 -26 -28 -2
right_child=1 10 11 4 5 9 20 -9 -10 -11 21 12 13 14 -16 16 17 -19 -20 -21 -22 -23 -24 24 27 26 28 -29 -30 -31
leaf_value=-0.076207384818349974 0.097327508754677883 0.064935474056290063 0.082756909499484388 0.12138619924420581 0.00030765993313523852 0.24775925146255376 -0.050291495054315252 -0.046786999926300768 -0.020039723475649831 0.066365165431823275 0.030994680471115369 -0.016352477018726351 0.21501069726211802 -0.054186732379993795 0.021673624874603271 -0.04167699651859523 0.13064597999723232 -0.001674362924075998 0.087573764020359837 0.08445049796709779 0.068125962097811479 0.054819915872329553 -0.17649073725843498 -0.019590046594742599 0.0044825310329862176 -0.030667292758824113 0.11156979735795862 0.072530952506060606 0.0154037621912181 0.028018688511649351
leaf_weight=129.60626545399282 19.385669405397493 123.66512133821379 15.114785599333116 22.710078381482163 425.86545160724199 3.8006321213033507 12.436244565717063 89.227935581853671 64.439963134922436 9.6557427072621049 2.737102441955356 133.98627311289601 8.6717296818387712 27.863507635927817 256.59373008224065 155.82205817921931 24.492419815069297 2832.2944938528453 22.049528105220816 20.238028434687294 9.0560091602092125 6.1880360870854929 3.8410776770906523 212.42149227828486 106.42235747989616 63.254102278500795 9.5759852345363452 26.311483171331929 34.506299306973233 55.02136968774721
leaf_count=1227941 351 63466 1217 1456 10492 161 44165 14389 69291 2457 29 26788 1606 5225 7222 29963 2100 134011 1199 487 267 1068 50 29086 8968 11408 511 2910 3754 2981
internal_value=-0.000246206 0.013702 -0.0024161 -0.0141906 0.000501025 -0.00465659 0.0621732 -0.00785039 -0.0575549 0.117598 0.0569986 0.000165641 0.0121472 0.0243328 0.0142429 -0.00159187 -0.00201199 -0.000539926 -0.0256547 0.123613 -0.000394933 -0.0198846 -0.0901585 0.00249111 -0.00514524 0.0169936 -0.00316682 0.0179716 0.0362939 0.0460761
internal_weight=4927.25 663.33 4263.92 766.798 572.752 528.55 44.2023 515.093 194.046 13.4564 136.431 3497.13 447.353 313.367 284.457 3049.77 3034.66 2856.79 177.872 28.9098 21.4923 12.7662 6.57818 526.899 345.155 181.743 107.336 132.734 44.0823 74.407
internal_count=1705019 124582 1580437 1370619 73387 27499 45888 24881 1297232 2618 64613 209818 41328 14540 12447 168490 167273 136111 31162 2093 44432 1147 79 59969 40964 19005 15673 11878 4265 3332
is_linear=0
shrinkage=0.08


Tree=88
num_leaves=31
num_cat=0
split_feature=16 15 4 11 7 7 15 9 5 14 1 5 7 8 14 4 14 8 7 8 9 6 9 1 6 11 9 7 14 1
split_gain=24.4631 27.7423 48.5768 27.4296 25.1383 24.5273 21.466 20.6075 16.7048 15.8378 14.2812 12.169 12.4146 11.6233 10.4529 22.6663 9.92779 18.1991 30.0281 11.313 10.8497 9.82882 9.65678 11.4186 9.58288 9.52121 8.70234 24.4149 13.1072 12.9105
threshold=1.0000000180025095e-35 0.75677746534347545 1.0000000180025095e-35 1.0000000180025095e-35 0.94352909922599804 0.99783548712730419 0.59144240617752086 0.29364213347435003 0.22886905074119571 0.59331348538398754 0.32392686605453497 0.021507862955331806 0.53583100438117992 0.49677366018295294 0.41243556141853338 0.84523808956146251 0.018265220336616043 0.95931279659271251 0.95531892776489269 0.90461024641990673 0.67811349034309398 0.077935222536325469 0.77953639626503002 0.8521554470062257 0.16823899745941165 0.29285715520381933 0.5855005979537965 0.62087112665176403 0.23693957179784778 0.92031747102737438
decision_type=2 2 2 2 2 2 2 2 2 2 2 2 2 2 2 2 2 2 2 2 2 2 2 2 2 2 2 2 2 2
left_child=4 2 3 11 26 16 10 9 -9 -5 24 12 -2 -13 21 -16 19 18 -18 20 -3 -8 -6 -24 -4 -21 28 -28 -1 -29
right_child=1 5 6 7 22 -7 14 8 -10 -11 -12 13 -14 -15 15 -17 17 -19 -20 25 -22 -23 23 -25 -26 -27 27 29 -30 -31
leaf_value=-0.022571366154096464 0.47231018281699583 -0.071403136507666359 0.11235048035045607 0.35129093746885737 0.062153091093997755 0.051313136338863502 -0.0047487836718562793 -0.013800532134173291 0.047756054586293797 0.052479738746279571 -0.074246356271015529 -0.057795366755805488 0.11218798717891483 0.074928251989983582 -0.011921676225757532 0.19120469128445727 0.00082277759044625841 0.060460236533719222 -0.082142193755284462 -0.027292288965746307 0.045391867349668769 -0.058550013713379395 0.011282500315383189 0.074540600342343652 -0.047018063048292653 -0.099535743164136048 0.10784545359165745 0.0052455314639249986 0.0025330036251685196 0.050566062244650239
leaf_weight=146.18787289111788 0.64630752056837337 6.6222312141908359 4.4822783256968233 1.2022674570325786 54.807815563166514 58.953082307241857 31.909754828368023 534.40720025074552 29.787103426104295 20.357833292131545 123.07523857750493 6.4836943101254318 11.764231408946214 12.11090386030264 73.411375258132466 3.6926771343860301 1375.5435212627635 31.673274967004545 28.49859062617179 64.686599425971508 22.005343274911866 68.133864925381204 107.06373373582028 22.018230776186101 5.2350018948345678 14.246965804020872 16.469675203625229 491.5083787945332 1487.1993576906389 43.814387969207019
leaf_count=118134 5 152 5606 66 6613 28028 10309 72138 3536 358 1130353 19802 884 868 24029 210 27760 3031 2196 766 790 45654 9389 11592 25621 1468 913 13857 129379 11512
internal_value=-0.000230308 -0.00570244 -0.01672 -0.00373579 0.00561107 0.000669916 -0.0425577 -0.0076173 -0.0105506 0.0691425 -0.0668746 0.0695944 0.130942 0.0286493 -0.0243294 -0.00219352 -0.00126465 0.000491604 -0.000861207 -0.024707 0.0183744 -0.0413897 0.0340186 0.0220728 0.0264937 -0.0403317 0.00322049 0.0119065 0.000286167 0.00895487
internal_weight=4898 2528.93 926.7 616.76 2369.07 1602.23 309.94 585.754 564.194 21.5601 132.793 31.0051 12.4105 18.5946 177.148 77.1041 1543.28 1435.72 1404.04 107.561 28.6276 100.044 183.89 129.082 9.71728 78.9336 2185.18 551.792 1633.39 535.323
internal_count=1705019 1403630 1339439 97657 301389 64191 1241782 76098 75674 424 1161580 21559 889 20670 80202 24239 36163 32987 29956 3176 942 55963 27594 20981 31227 2234 273795 26282 247513 25369
is_linear=0
shrinkage=0.08


Tree=89
num_leaves=31
num_cat=0
split_feature=16 15 10 9 7 7 10 1 2 8 8 9 7 5 10 2 5 0 1 6 15 6 15 2 10 5 9 10 14 9
split_gain=20.8416 24.0405 46.4322 38.1333 22.1046 21.8961 20.0786 14.4245 65.1483 14.0449 12.2793 25.3114 11.3203 13.2652 10.3273 9.65266 19.3064 40.2662 27.1854 16.2387 13.7864 9.7996 10.1873 9.45012 9.44703 9.38219 9.54635 10.7049 14.1878 8.98212
threshold=1.0000000180025095e-35 0.75677746534347545 0.16904762387275699 0.28501401841640478 0.94352909922599804 0.99783548712730419 0.76696833968162548 0.75513628125190746 0.46065428853034979 0.46722149848937994 0.86166355013847362 0.86034008860588085 0.9656854271888734 0.70412456989288341 0.070197045803070082 0.19433516263961795 0.068337485194206252 0.46225070953369146 0.52027395367622387 0.70782518386840831 0.49665631353855139 0.32305502891540533 0.21062359958887103 0.096006143838167204 0.21807064861059192 0.64760348200798046 0.62942156195640575 0.84807693958282482 0.027907580137252811 0.97580489516258251
decision_type=2 2 2 2 2 2 2 2 2 2 2 2 2 2 2 2 2 2 2 2 2 2 2 2 2 2 2 2 2 2
left_child=4 2 3 7 15 6 29 14 -9 -4 23 -12 -8 -14 -2 21 18 -18 19 -17 -19 -1 -23 -11 -20 26 -6 28 -28 -3
right_child=1 5 9 -5 25 -7 12 8 -10 10 11 -13 13 -15 -16 16 17 20 24 -21 -22 22 -24 -25 -26 -27 27 -29 -30 -31
leaf_value=0.032558836334301955 -0.0224359959038773 -0.00062051270528060522 0.024969027597646343 -0.069562399418457682 0.071653074585756371 0.049737407358598967 0.0070180515859756525 5.5820212421548101 0.137418483347339 -0.045016904324440075 0.077476665118821314 -0.0064548339288790007 -0.16070523379635052 0.0063619959614685416 0.051613978290044431 -0.037614021031684021 0.087730826306324089 -0.049379749776434001 0.48449756306219421 0.040092104750269232 0.0031171082111806072 -0.061906545132111315 0.0174993071962634 -0.010792690830599774 0.13034826566385552 0.072245342751346323 -0.1044538376526719 0.054702546994376655 0.010609549013832953 0.065594473208371473
leaf_weight=126.74831312466995 85.962881601932168 1508.9759108696016 90.272574868358788 154.48325035375456 22.632055826892611 56.074861038650852 7.1263569123111692 0.014128759838058058 3.13463428297473 59.912284258927684 29.615934712579474 102.87210249423515 11.127420584321952 4.1858660611324003 14.019351191898748 152.24090439384599 35.90106941339036 32.606934596667998 0.55557603544002532 19.405469060475298 1766.2079644214682 16.095536044740584 28.918934001951129 373.78179573761008 3.6431224062107503 30.978040758112911 7.4569217374664722 32.523886360344477 85.444012919731904 13.22623704234138
leaf_count=2999 130473 32144 7312 1159199 1445 28028 831 17 6701 1060 1457 3790 654 849 3083 39976 11396 102328 381 1464 112296 1113 1811 26347 31 15189 417 4130 6413 1685
internal_value=-0.000212497 -0.00528063 -0.0156315 -0.044414 0.00518493 0.000630128 -0.0011526 -0.00674331 0.161849 -0.00433638 -0.00900886 0.0123069 -0.0762753 -0.115038 -0.0120528 0.00296796 0.00141286 0.00383981 -0.0239093 -0.028829 0.0021655 0.0211712 -0.0108933 -0.0155206 0.17721 0.0322084 0.0238315 0.0152024 0.0013737 -4.51784e-05
internal_weight=4876.14 2514.79 914.069 257.614 2361.36 1600.72 1544.64 103.131 3.14876 656.455 566.182 132.488 22.4396 15.3133 99.9822 2182.32 2010.56 1834.72 175.845 171.646 1798.81 171.763 45.0145 433.694 4.1987 179.035 148.057 125.425 92.9009 1522.2
internal_count=1705019 1403630 1339439 1299473 301389 64191 36163 140274 6718 39966 32654 5247 2334 1503 133556 273795 267872 226020 41852 41440 214624 5923 2924 27407 412 27594 12405 10960 6830 33829
is_linear=0
shrinkage=0.08


Tree=90
num_leaves=31
num_cat=0
split_feature=6 10 1 0 2 11 6 2 0 15 0 2 0 1 2 14 16 14 2 0 1 2 0 1 2 0 1 7 15 9
split_gain=18.7351 19.9711 33.547 17.3567 25.3764 25.2639 24.8969 19.9261 20.7707 16.2573 22.3183 24.59 15.8649 15.7303 13.8518 15.0469 12.9368 11.9938 10.8286 27.6359 41.5809 30.5859 27.8568 26.0061 21.7435 24.6373 20.6228 19.1077 15.8753 12.2521
threshold=0.12613636255264285 0.32666666805744177 0.99532711505889904 0.94804319739341747 0.87585616111755382 0.95454546809196483 0.62605932354927074 0.096006143838167204 0.54446640610694896 0.28849306702613836 0.63944444060325634 0.72821971774101268 0.91010102629661571 0.90054944157600414 0.84273937344551098 0.06274606287479402 1.0000000180025095e-35 0.48089094460010534 0.73942822217941295 0.7897985875606538 0.73746865987777721 0.60107529163360607 0.68614074587821972 0.62575301527977001 0.90054944157600414 0.90521115064620983 0.77836257219314586 0.54426074028015148 0.87134066224098217 0.51321610808372509
decision_type=2 2 2 2 2 2 2 2 2 2 2 2 2 2 2 2 2 2 2 2 2 2 2 2 2 2 2 2 2 2
left_child=1 18 9 4 6 13 16 -8 -9 -3 -11 -12 -6 -5 15 -15 -2 -18 19 21 23 22 -1 -21 27 -26 -27 29 -22 -20
right_child=3 2 -4 5 12 -7 7 8 -10 10 11 -13 -14 14 -16 -17 17 -19 24 20 28 -23 -24 -25 25 26 -28 -29 -30 -31
leaf_value=0.0032397863291646557 -0.0069621923346010759 0.041573448639726902 0.077617164889549381 0.0050540925843621355 0.083746475973577289 0.073308225059335166 -0.10193274256431144 0.03323661836413299 -0.079761583273441211 -0.033429153980002534 0.047007253287562341 -0.0018181858994137802 0.0067633814395753966 -0.50914229604055417 -0.016024443279280966 -0.09053113444926425 -0.03028783988832907 -0.010056217733509685 -0.010053310636605107 0.36069359677983281 0.039363358021615918 -0.043783102214305404 0.094064760842834813 0.090716957306542709 0.10311292446740901 0.13181212520356175 0.0014236801765996404 -0.050915038509625719 -0.02383489201001919 0.20096428610935313
leaf_weight=216.54875315918616 723.23273030236305 95.811679635662585 56.144517351523973 985.15887213552196 28.334868159538019 31.980653094360605 8.3520456799451477 142.07128622801974 11.23412632379768 77.994436294073239 99.7423452968942 195.23210953595117 43.335950793378288 0.58746551632066157 156.19705707307003 8.5146507448880566 449.92168591178415 321.56037048538565 308.56408441543317 2.4203143287522826 59.391303320058796 83.937974464992294 24.008398206307902 40.39851845423982 16.332380418512912 7.8802325038341214 523.43831560247054 88.905552149983123 44.497976080747321 1.7710763719223894
leaf_count=199964 150111 4660 34217 60932 1971 19532 615 17834 26131 1550 4668 19988 2661 65 6936 466 832803 90275 65920 762 9414 107394 10176 9186 469 144 21957 3110 414 694
internal_value=-0.000235382 0.00584784 0.0191787 -0.0042965 -0.00940689 0.00317193 -0.0114235 0.0184005 0.0249562 0.0121796 0.00462869 0.0146916 0.0371984 0.00122227 -0.0216148 -0.117549 -0.014649 -0.0218551 0.000913276 0.0108232 0.0396369 -0.00220388 0.0123044 0.105977 -0.0040182 0.0063325 0.00335753 -0.0182166 0.0122942 -0.00884904
internal_weight=4853.5 1943.02 524.925 2910.48 1728.04 1182.44 1656.37 161.657 153.305 468.781 372.969 294.974 71.6708 1150.46 165.299 9.10212 1494.71 771.482 1418.09 471.203 146.708 324.495 240.557 42.8188 946.892 547.651 531.319 399.241 103.889 310.335
internal_count=1705019 494687 65083 1210332 1122401 87931 1117769 44580 43965 30866 26206 24656 4632 68399 7467 531 1073189 923078 429604 337310 19776 317534 210140 9948 92294 22570 22101 69724 9828 66614
is_linear=0
shrinkage=0.08


Tree=91
num_leaves=31
num_cat=0
split_feature=10 16 4 4 11 1 5 10 9 10 1 14 11 0 9 4 11 4 5 2 8 4 8 9 0 9 1 8 5 16
split_gain=17.9855 16.9983 19.7148 22.8189 35.3953 31.1705 60.2151 18.7176 16.2754 10.2186 17.5602 10.2006 13.4887 10.5862 9.71288 9.62914 18.6984 14.707 8.35387 8.34215 8.3368 11.7635 11.4414 13.3469 10.2655 10.0332 8.08387 7.87478 7.0159 6.64379
threshold=0.84807693958282482 1.0000000180025095e-35 0.43650794029235845 1.0000000180025095e-35 1.0000000180025095e-35 0.77003204822540294 0.41240409016609197 0.53589746356010448 0.29364213347435003 0.32666666805744177 0.97321215271949779 0.050252525135874755 0.29285715520381933 0.91331186890602123 0.59781962633132946 0.61250001192092907 0.88194444775581371 0.31666667759418493 0.021507862955331806 0.72255688905715953 0.74311000108718883 0.61250001192092907 0.52393686771392833 0.5855005979537965 0.94570022821426403 0.5855005979537965 0.89022758603096019 0.9492306411266328 0.6900656819343568 1.0000000180025095e-35
decision_type=2 2 2 2 2 2 2 2 2 2 2 2 2 2 2 2 2 2 2 2 2 2 2 2 2 2 2 2 2 2
left_child=1 9 3 4 18 7 -7 -5 -6 20 15 13 27 19 -15 17 -17 -11 -3 -4 22 -22 25 -24 -23 -1 -14 -13 29 -2
right_child=28 2 11 5 8 6 -8 -9 -10 10 -12 12 26 14 -16 16 -18 -19 -20 -21 21 24 23 -25 -26 -27 -28 -29 -30 -31
leaf_value=0.0022927799747847707 0.052517086923249599 0.12973816597257662 -0.0021292778930731438 -0.046132587926376534 0.059402967020797726 0.12313601491538373 -0.016647497699470114 0.010637869830925104 -0.010736964827886308 0.0058101808017215041 0.077125166634719147 0.00055066114875461228 0.019285777184687755 -0.063617687847506404 0.005083872531571141 -0.014927862169792434 0.080149458663764647 0.037047947131030823 0.047445683402062448 -0.079356778610837522 0.087208512728486356 -0.16996340224913362 -0.032195449741972845 0.0046829307181268619 0.019096387643173673 0.10838357577860495 0.077719470574156471 0.077727315925957538 0.080249121423790259 0.0097739455147921022
leaf_weight=1390.2554557237891 33.202614841633476 11.582478042226283 13.346915184389216 309.50660664237876 22.073644304575282 22.939469598240976 140.6633954259305 42.242361982003786 518.84967347422207 295.08100051875226 25.86352498177439 1086.4054705380586 50.21134224114212 15.574403546255779 85.319781842001248 151.32463192130672 14.507431488891596 143.30380471399985 24.797599551886378 27.185169505806698 16.533547050785277 2.2760394331999096 140.64758051443641 113.48771244226373 9.5521013234974816 5.7285958107095203 21.700614179615513 8.5278987564379332 15.355861699033992 77.826598076208029
leaf_count=236356 4859 705 6818 1091954 425 4097 25588 937 73569 7339 17039 123230 4945 6975 5454 5232 9951 9212 20927 5661 242 26 6522 2456 457 289 8413 389 14403 10549
internal_value=-0.000216149 -0.00101538 -0.00572828 -0.0136607 -0.00273756 -0.0258969 0.00295216 -0.0393149 -0.00787474 0.00388607 0.0125732 0.000896769 0.00335607 -0.0193938 -0.00552116 0.00981005 -0.00661024 0.0160215 0.0736455 -0.0539263 0.000625036 0.0436305 -0.000114126 -0.0157269 -0.0172836 0.00272814 0.0369191 0.00115175 0.0295658 0.022556
internal_weight=4835.87 4709.49 2400.93 1092.66 577.303 515.352 163.603 351.749 540.923 2308.56 630.08 1308.27 1166.85 141.426 100.894 604.217 165.832 438.385 36.3801 40.5321 1678.48 28.3617 1650.12 254.135 11.8281 1395.98 71.912 1094.93 126.385 111.029
internal_count=1705019 1675208 1380087 1218202 95626 1122576 29685 1092891 73994 295121 48773 161885 136977 24908 12429 31734 15183 16551 21632 12479 246348 725 245623 8978 483 236645 13358 123619 29811 15408
is_linear=0
shrinkage=0.08


Tree=92
num_leaves=31
num_cat=0
split_feature=11 2 7 4 4 11 14 2 10 10 4 1 0 11 6 6 2 4 9 0 4 6 2 2 6 4 0 7 6 7
split_gain=16.3451 38.2288 20.703 18.6408 40.8863 88.2624 27.7715 26.4796 16.1331 15.4945 12.9067 11.2885 10.3081 10.9222 21.4593 10.1921 35.9982 26.0928 24.6432 19.5316 14.8767 10.0927 13.5258 11.24 29.5484 15.9925 10.0046 7.27939 5.60104 5.34222
threshold=0.38750000298023229 0.86706829071044933 0.99783548712730419 0.31666667759418493 1.0000000180025095e-35 1.0000000180025095e-35 0.60386699438095104 0.7243877947330476 0.050641026347875602 0.16064515709877017 0.81666666269302379 0.27334994077682501 0.90521115064620983 0.73214286565780651 0.1649659872055054 0.087595909833908095 0.73942822217941295 0.84523808956146251 0.20459830760955813 0.80229884386062633 0.61250001192092907 0.64549729228019725 0.28759399056434637 0.19433516263961795 0.32305502891540533 0.13392857462167743 0.80810147523880016 0.68599441647529613 0.81934732198715221 0.41191250085830694
decision_type=2 2 2 2 2 2 2 2 2 2 2 2 2 2 2 2 2 2 2 2 2 2 2 2 2 2 2 2 2 2
left_child=2 10 3 4 5 8 11 -7 -1 -8 21 -6 13 14 -12 16 26 18 -17 -19 -18 23 27 24 -2 -25 -5 -23 -4 -14
right_child=1 -3 28 15 6 7 9 -9 -10 -11 12 -13 29 -15 -16 17 20 19 -20 -21 -22 22 -24 25 -26 -27 -28 -29 -30 -31
leaf_value=-0.013575661283959834 0.021460261043672203 0.063150173809512711 0.060987440396489068 0.014949414059916099 0.10526762763693975 -0.023184564757714975 -0.017723109554693015 0.088391265786533349 0.09315523128878514 0.11774160903463282 -0.60063267626098193 -0.069316193797127987 0.19562744497116161 0.10243437324941056 -0.043354454042480992 -0.0014735100575997248 0.011521844928451345 0.15754579658052323 -0.023702531923153584 0.0073973712973638625 -0.010017710871349558 -0.049102707383078245 0.077138182465509603 -0.016210881108347761 -0.048391165747921606 0.013472013747664949 0.050118553537019807 0.020486679102481586 -0.41063349797072618 0.061879828484484457
leaf_weight=10.557956180164181 278.7843476015114 76.121166190801887 34.563337293802761 90.171203948215407 2.413687439315253 313.89148519416631 87.4494736797933 14.230048183424513 64.053107699088287 5.7597924427827811 0.56245139866950866 131.97205425925858 2.063431332382609 1.6029242490185422 2.0690101372456411 772.38354126850754 335.17602241552231 5.5905603152132235 543.97373338323814 675.39663493034095 529.27687237250575 11.47056062096817 25.536082493315917 377.2033906144934 45.016733167212806 167.86393455508369 121.54803531688231 59.640417663613334 0.16191696841269632 25.924706023783074
leaf_count=22681 9040 47269 4146 75199 6942 36162 43813 408 6440 78 32 747133 25 501 110 23784 39494 1079 453738 28562 29718 4660 1974 72513 2691 23193 10161 1010 27 12436
internal_value=-0.000196205 0.00850303 -0.00269496 -0.00327139 -0.0158037 -0.000486861 -0.042907 -0.0183457 0.0780521 -0.00935218 0.00433379 -0.0661805 0.0541406 -0.0621892 -0.162468 -0.000701222 0.00557487 -0.00408279 -0.0106595 0.00863001 -0.00166614 0.00267157 0.0271959 -5.63508e-05 0.0117491 -0.00706946 0.03514 0.00926156 0.0587884 0.0717404
internal_weight=4812.43 1073.86 3738.57 3703.84 630.328 402.733 227.595 328.122 74.6111 93.2093 997.738 134.386 32.2225 4.23439 2.63146 3073.52 1076.17 1997.34 1316.36 680.987 864.453 965.515 96.6471 868.868 323.801 545.067 211.719 71.111 34.7253 27.9881
internal_count=1705019 175454 1529565 1525392 863657 65691 797966 36570 29121 43891 128185 754075 13104 643 142 661735 154572 507163 477522 29641 69212 115081 7644 107437 11731 95706 85360 5670 4173 12461
is_linear=0
shrinkage=0.08


Tree=93
num_leaves=31
num_cat=0
split_feature=8 16 4 4 11 1 0 10 2 14 14 11 8 10 10 10 2 2 6 11 6 4 4 4 7 6 7 7 11 7
split_gain=15.2432 15.731 15.7974 17.9817 25.6026 24.2402 20.2092 18.829 14.9033 13.3092 13.2153 12.6222 12.0816 11.9648 11.7668 10.9377 10.7381 10.3229 22.9974 18.6879 12.3261 14.6108 10.8334 10.1532 9.97054 9.32759 9.87558 11.8556 9.40175 11.4108
threshold=0.96884703636169445 1.0000000180025095e-35 0.43650794029235845 1.0000000180025095e-35 1.0000000180025095e-35 0.74210175871849071 0.84889996051788341 0.53589746356010448 0.78456193208694469 0.022857889533042911 0.060737812891602523 0.29285715520381933 0.89808139204978954 0.8603896200656892 0.45804196596145635 0.68990385532379161 0.19433516263961795 0.4654348641633988 0.56306818127632152 0.63333335518836986 0.7245689630508424 0.13392857462167743 0.077380955219268813 0.077380955219268813 0.97067421674728405 0.33589744567871099 0.87559524178504955 0.68599441647529613 0.38750000298023229 0.93039408326148998
decision_type=2 2 2 2 2 2 2 2 2 2 2 2 2 2 2 2 2 2 2 2 2 2 2 2 2 2 2 2 2 2
left_child=1 16 3 4 -3 7 -7 -5 -6 13 12 -12 14 15 -4 -2 25 20 19 -19 21 -18 -20 -22 -14 26 27 -1 29 -27
right_child=9 2 10 5 8 6 -8 -9 -10 -11 11 -13 24 -15 -16 -17 17 18 22 -21 23 -23 -24 -25 -26 28 -28 -29 -30 -31
leaf_value=0.054028795608254222 0.047209787336205289 0.064604482672141625 -0.031558088322912667 -0.045098683120097814 -0.009058963109397843 0.038044069498346003 -0.018913009506081116 0.015718745491869669 0.096667094669356551 0.06694317752213616 0.00092230619118650046 0.03593317518648674 -0.043254940829943148 0.026386169793613929 0.03924990170119122 -0.064379001197775843 -0.026578949829534199 0.00084447384438451586 0.1233943289631132 0.035107870818553939 0.064942779344927481 0.026011499583672874 0.035137376244628836 -0.053773954698768937 -0.21038302295001707 -0.047071857673713191 0.064224443242570373 -0.0035498343028520759 0.015617598605303299 -0.38834731083562235
leaf_weight=36.806249886954902 7.7500235961633761 33.598277327910182 33.013704963286727 270.36455750813184 532.63438129801216 57.897681615282636 128.03433413394669 37.043893431662582 8.6718421616678807 36.516243229387328 1086.2051736826797 70.160668760268891 58.770461481530219 84.994007815956138 27.558379447436891 20.470294536498841 206.82982349915255 1686.2297574192671 13.186406118933517 108.42882359327632 21.07361374702305 40.416407848890231 27.390403660938318 5.9018293247863758 2.376943170267622 13.840548391352055 43.099701319937594 60.516165640670806 30.746735983746476 0.65678144828416485
leaf_count=1459 158 21501 23143 1074875 73845 22918 24214 992 814 5196 119342 16441 1796 20375 2226 831 40383 175028 475 34587 1242 30887 4484 1662 432 953 2092 663 1993 12
internal_value=-0.000177255 -0.000987721 -0.00559399 -0.0127741 -0.00315919 -0.0239787 -0.00117705 -0.03777 -0.00736521 0.0249461 0.000407283 0.00304654 -0.0246663 0.0114004 0.000657304 -0.0337339 0.00372132 0.0020979 0.00426116 0.00291458 -0.0123798 -0.0179822 0.0638186 0.0389693 -0.0497516 0.0221659 0.0323441 0.0182258 -0.00942377 -0.0625329
internal_weight=4791.18 4641.45 2346.33 1068.24 574.905 493.34 185.932 307.408 541.306 149.731 1278.09 1156.37 121.719 113.214 60.5721 28.2203 2295.12 2109.46 1835.24 1794.66 274.222 247.246 40.5768 26.9754 61.1474 185.666 140.422 97.3224 45.2441 14.4973
internal_count=1705019 1678459 1382539 1219159 96160 1122999 47132 1075867 74659 26560 163380 135783 27597 21364 25369 989 295920 288748 214574 209615 74174 71270 4959 2904 2228 7172 4214 2122 2958 965
is_linear=0
shrinkage=0.08


Tree=94
num_leaves=31
num_cat=0
split_feature=10 14 9 1 10 8 8 10 9 6 1 2 6 4 8 6 15 15 2 11 6 4 14 0 1 5 8 10 10 6
split_gain=14.1648 40.3073 46.7351 38.7902 18.6008 14.6188 13.7734 12.5412 14.4732 12.397 21.3118 12.0437 24.1834 19.0321 11.4903 11.1671 20.2404 10.1524 9.92851 9.85881 13.0822 9.17092 11.2958 9.8204 8.295 12.4836 7.98898 7.78663 9.78578 7.27144
threshold=0.28869047760963445 0.34435337781906133 0.5855005979537965 0.99532711505889904 0.21807064861059192 0.5278482735157014 0.52393686771392833 0.18834459781646731 0.5855005979537965 0.55217784643173229 0.19139194488525393 0.19433516263961795 0.36451049149036413 0.31666667759418493 0.85014972090721141 0.029857398010790352 0.21062359958887103 0.49966327846050268 0.39801980555057531 0.43650794029235845 0.34330357611179357 0.61250001192092907 0.37368187308311468 0.84134247899055492 0.86706829071044933 0.57947367429733287 0.71040332317352306 0.22401433438062671 0.24568965286016467 0.74217987060546886
decision_type=2 2 2 2 2 2 2 2 2 2 2 2 2 2 2 2 2 2 2 2 2 2 2 2 2 2 2 2 2 2
left_child=1 2 4 5 15 19 7 8 17 11 14 12 -7 -13 -11 16 -1 -3 -12 -2 -21 22 -9 -23 -6 -26 27 -4 -29 -22
right_child=3 6 26 -5 24 9 -8 21 -10 10 18 13 -14 -15 -16 -17 -18 -19 -20 20 29 23 -24 -25 25 -27 -28 28 -30 -31
leaf_value=0.58066688292360225 0.078137941738044045 -0.018766972070950291 0.026864307339640514 0.075680162007543836 -0.028287781283074222 0.02673925140022201 -0.026026811945690152 0.18297034350746194 0.48699886362266009 -0.061925568188867665 0.023810369057768805 -0.018268151101174142 -0.066812876841329083 0.0036571809289252574 0.031566107842708309 -0.069828559348231609 -0.021282206489331022 0.0010515971137113628 0.072642124700136604 0.046235078105562898 -0.063979108195029333 -0.12064697000416094 0.011404963840511049 0.076934025771902559 0.20862526237915163 0.0071730973117229571 0.046062153442284162 -0.10130617786419459 -0.0056338155922876498 0.090331805721499778
leaf_weight=0.36262491415255027 25.934060248895548 178.71019116404204 41.608940628808341 49.450008685933426 66.554172694333829 179.71058932284359 123.03779671574011 2.4866640572436145 0.389949713848181 25.085272384807467 94.076835213694721 383.8870952759753 19.614591218414716 745.32421614136547 12.658938543754628 151.7848392876258 25.312491014501575 2225.3680385308071 37.178697710507549 32.47129213809967 13.764402126544157 1.7237331010401273 199.46381025627488 24.394941261620261 2.2853875034488764 14.20616867020726 32.022586132225115 7.870964858273509 52.354858660459286 2.2777899242937556
leaf_count=154 462 243381 5204 34627 10729 7092 4313 459 24 189 1465 10448 213 57070 518 1118369 67964 130039 2277 885 215 27 3567 1131 22 260 732 502 2666 15
internal_value=-0.000160962 -0.00328828 -0.0272098 0.00591444 -0.0469511 0.00371981 0.000135241 0.00135799 -0.000342593 0.00199969 0.0224078 -0.000596372 0.0175333 -0.00379656 -0.0305696 -0.0615748 -0.0127805 -0.000421641 0.0376422 0.0383205 0.0170352 0.0192867 0.0135175 0.0638944 -0.0157019 0.0350902 0.0112096 0.000250017 -0.0181373 -0.0420689
internal_weight=4771.37 3149.94 394.363 1621.43 260.506 1571.98 2755.58 2632.54 2404.47 1497.54 169 1328.54 199.325 1129.21 37.7442 177.46 25.6751 2404.08 131.256 74.4475 48.5135 228.069 201.95 26.1187 83.0457 16.4916 133.857 101.835 60.2258 16.0422
internal_count=1705019 1589543 1206602 115476 1197498 80849 382941 378628 373444 79272 4449 74823 7305 67518 707 1186487 68118 373420 3742 1577 1115 5184 4026 1158 11011 282 9104 8372 3168 230
is_linear=0
shrinkage=0.08


Tree=95
num_leaves=31
num_cat=0
split_feature=10 6 4 6 2 0 4 1 8 1 5 6 0 0 15 5 0 2 4 2 2 5 5 2 1 5 0 2 1 2
split_gain=12.7867 12.4619 25.2666 17.9661 48.766 44.3861 30.5491 21.9129 25.8069 20.9261 17.5343 31.7315 22.2644 21.1286 23.0712 16.1515 71.9278 41.6191 53.8416 29.8781 51.3518 39.4508 24.4538 20.8305 20.6745 18.2611 17.0374 15.4804 15.2116 13.9632
threshold=0.84807693958282482 0.12613636255264285 0.84523808956146251 0.39504285156726843 0.59299960732460033 0.69631093740463268 1.0000000180025095e-35 0.2362911254167557 1.0000000180025095e-35 0.14389234036207202 0.63438084721565258 0.32037734985351568 0.8216732144355775 0.92403846979141246 0.30635792016983038 0.48749218881130224 0.80810147523880016 0.63859337568283092 0.31666667759418493 0.91458967328071605 0.80229884386062633 0.71563342213630687 0.23132664710283282 0.92907443642616283 0.97321215271949779 0.38935969769954687 0.83424907922744762 0.63859337568283092 0.63453349471092235 0.70299971103668224
decision_type=2 2 2 2 2 2 2 2 2 2 2 2 2 2 2 2 2 2 2 2 2 2 2 2 2 2 2 2 2 2
left_child=1 15 3 7 6 -6 -5 9 -9 -3 11 29 -13 -12 -15 16 17 18 -1 20 27 -21 -19 -23 -22 28 -27 -17 -18 -4
right_child=-2 2 10 4 5 -7 -8 8 -10 -11 13 12 -14 14 -16 19 25 22 -20 21 24 23 -24 -25 -26 26 -28 -29 -30 -31
leaf_value=-0.00028912303693102759 0.025821930395713892 -0.0040523064998432548 0.012007011300014105 -0.0012151070564105856 0.1205733419884524 0.017622690946424185 -0.048518246181750588 -0.0042787827823796221 -0.028088197173287362 0.053645165442427159 0.078979842740033987 0.21284701245924248 0.0027245681860191178 1.9475628307528952 0.012832939719547387 -0.047319177334547859 0.33421087322356818 0.074700604255839492 0.072144814415383354 0.065084862623601344 -0.043045948596595295 -0.086756282949472713 -0.044162138473083402 0.0055107087220566588 0.056645270117611453 0.011215168649898371 0.071405957088846755 0.019312709252105775 0.10066286266511551 -0.094416562917094563
leaf_weight=351.85731133816807 118.28772186522838 177.11816496049869 10.228352007958163 323.08619248103787 30.41249730430718 225.76902667820468 119.76780733555279 507.102664418926 684.80097730312264 52.054053065661719 33.459070047989371 3.3128816760581676 125.00902513821711 0.039450116863007589 435.05717504713903 24.99435211279706 1.8929401267378114 12.002453209421217 80.749580966388748 73.953594557569886 276.36124701374865 16.159103030964616 143.71324602885215 506.81301113063819 13.987620937710743 50.306403635233437 74.919134070889413 208.16410997270941 31.259661874479207 34.516726926969568
leaf_count=187616 29811 5438 1043 49587 9728 39393 283219 31008 733844 4635 1538 491 8697 14 24068 2915 336 10326 65582 4945 28842 1172 84305 45559 1778 9368 7980 26357 2211 3213
internal_value=-0.000150916 -0.000814635 -0.00422768 -0.0084372 0.00206297 0.0298444 -0.014008 -0.0136023 -0.0179583 0.00905307 0.00968183 -0.0120786 0.00814929 0.0177193 0.0130084 0.0042337 0.0133481 0.000465458 0.0132313 -0.00184049 -0.0157904 0.0103937 -0.0350003 0.00265979 -0.0382433 0.0612029 0.0472257 0.0121698 0.113998 -0.070089
internal_weight=4747.16 4628.87 2761.73 2120.11 699.036 256.182 442.854 1421.08 1191.9 229.172 641.623 173.067 128.322 468.556 435.097 1867.13 746.701 588.323 432.607 1120.43 523.507 596.926 155.716 522.972 290.349 158.378 125.226 233.158 33.1526 44.7451
internal_count=1705019 1675208 1195916 1156852 381927 49121 332806 774925 764852 10073 39064 13444 9188 25620 24082 479292 367724 347829 253198 111568 59892 51676 94631 46731 30620 19895 17348 29272 2547 4256
is_linear=0
shrinkage=0.08


Tree=96
num_leaves=31
num_cat=0
split_feature=10 14 1 9 7 10 7 10 14 6 7 0 7 10 9 8 15 15 9 5 9 15 6 2 8 6 4 2 8 10
split_gain=12.1351 35.2401 34.7861 32.8198 18.0124 13.7622 9.93911 19.2079 37.8572 17.3512 17.0478 14.4592 12.3254 15.4749 10.3685 9.97251 9.15856 8.97631 8.0736 19.338 7.82422 13.6881 7.78244 6.69724 6.6342 14.3966 6.46865 6.44308 6.26093 5.78236
threshold=0.32666666805744177 0.23693957179784778 0.99532711505889904 0.5855005979537965 0.63670033216476452 0.18019481003284457 0.71746492385864269 0.070197045803070082 0.71021264791488659 0.45867486298084265 0.95531892776489269 0.12732185423374179 0.65733855962753307 0.13840996474027636 0.37296918034553533 0.54847925901412975 0.90642601251602184 0.99891540408134472 0.62942156195640575 0.75204917788505565 0.41943350434303289 0.21062359958887103 0.53390806913375866 0.53262412548065197 0.53171876072883617 0.47114317119121557 0.84523808956146251 0.4712491780519486 0.61655250191688549 0.04446640424430371
decision_type=2 2 2 2 2 2 2 2 2 2 2 2 2 2 2 2 2 2 2 2 2 2 2 2 2 2 2 2 2 2
left_child=1 3 4 5 28 -1 7 8 29 10 15 -11 14 -14 -9 -8 -10 18 19 -6 21 -7 -20 26 25 -25 -5 -13 -2 -3
right_child=2 6 -4 23 17 20 9 12 16 11 -12 27 13 -15 -16 -17 -18 -19 22 -21 -22 -23 -24 24 -26 -27 -28 -29 -30 -31
leaf_value=-0.070068436516411509 0.10780170286262226 -0.079838290444162144 0.076705074462374553 -0.032064338629176355 0.018388538538234914 0.40443620870330532 -0.013932227483741837 0.052823369861691782 0.0083760087655166716 -0.080209558021685834 0.046051054189630472 0.024333985271281278 -0.064605324890432303 0.011170551365257258 0.01736379780666247 -0.044445301896904217 -0.0030195044693674643 0.061189053298077889 -0.0033236633164882208 -0.068078894182734814 -0.036798992089796888 0.011143274111538821 0.017128264213115304 0.063764475081357533 0.0085397398108553648 0.58885257168968308 0.47214595885012167 0.084653440862761248 0.35971519550942327 -0.017112721429050466
leaf_weight=96.756051196094631 6.0427252059453158 43.477271321164153 43.042249056918081 29.512224987935046 301.39325029111933 0.59114716987823968 272.64517168875318 82.457104282606451 670.37629055116849 6.7705632243305436 25.505965292570181 34.466751319123432 20.423362558387453 110.9495246722945 146.60896661594961 91.575479944935068 1381.7068695533089 16.833832622272894 968.96953218785347 17.51540937210666 83.496776040032273 13.506504685574326 135.7605350764934 6.1183920088587902 88.572713314977591 0.35348158553824749 0.1637469629640681 16.885709846857935 0.70509276224765915 12.002382679776927
leaf_count=890971 326 428853 34217 3986 8528 29 4324 28926 65312 93 251 441 503 2836 90513 1790 8279 12373 52352 1942 16429 2013 2903 696 3648 33 4 274 23 42151
internal_value=-0.00014114 -0.00289285 0.00583201 -0.0281344 0.00372415 -0.0486881 -0.000130758 0.00185888 -0.00105977 -0.0110952 -0.0171763 0.0296799 0.0189249 -0.000609643 0.0301282 -0.0216041 0.000703192 0.00311329 0.00242657 0.0136395 -0.0274914 0.027635 -0.000810321 0.00389427 0.014253 0.0924438 -0.0292822 0.0441682 0.134125 -0.0662683
internal_weight=4725.19 3234.92 1490.26 319.071 1447.22 194.35 2915.85 2468 2107.56 447.85 389.727 58.123 360.439 131.373 229.066 364.221 2052.08 1440.47 1423.64 318.909 97.5944 14.0977 1104.73 124.721 95.0446 6.47187 29.676 51.3525 6.74782 55.4797
internal_count=1705019 1592355 112664 917809 78447 909442 674546 667373 544595 7173 6365 808 122778 3339 119439 6114 73591 78098 65725 10470 18471 2042 55255 8367 4377 729 3990 715 349 471004
is_linear=0
shrinkage=0.08


Tree=97
num_leaves=31
num_cat=0
split_feature=16 7 15 7 14 5 1 6 5 7 10 2 4 0 4 6 5 10 2 1 1 8 1 6 15 1 4 2 9 9
split_gain=11.9686 14.6489 12.9392 44.095 14.8557 13.3091 15.8928 32.8078 16.6007 10.4256 14.6044 11.0587 10.3595 27.2495 26.77 29.5108 60.8367 20.8089 15.362 19.2204 14.6759 13.7966 12.5185 24.6977 17.0582 10.0393 102.029 9.50871 16.5836 9.29914
threshold=1.0000000180025095e-35 0.94352909922599804 0.68563532829284679 0.5397799313068391 0.66801077127456676 0.32672683894634252 0.35767590999603277 0.51887464523315441 0.10425724461674692 0.99783548712730419 0.76696833968162548 0.65599384903907787 0.35416667163372045 0.80982521176338207 0.31666667759418493 0.2314560413360596 0.39504285156726843 0.67333334684371959 0.83424907922744762 0.28035087883472448 0.62243187427520763 0.74311000108718883 0.77836257219314586 0.061862245202064521 0.70271718502044689 0.95101958513259899 0.43650794029235845 0.19433516263961795 0.27605257928371435 0.77953639626503002
decision_type=2 2 2 2 2 2 2 2 2 2 2 2 2 2 2 2 2 2 2 2 2 2 2 2 2 2 2 2 2 2
left_child=1 12 3 4 27 6 8 -8 -5 10 -4 25 14 17 18 16 -16 20 19 -1 -14 -17 23 -15 -24 -11 -27 28 -2 -3
right_child=2 29 9 5 -6 -7 7 -9 -10 11 -12 -13 13 22 15 21 -18 -19 -20 -21 -22 -23 24 -25 -26 26 -28 -29 -30 -31
leaf_value=0.013862915346514808 0.73808304723201712 0.057090091316587523 -0.00040448442098011225 -0.0010140187583306793 -0.011649149833560517 0.074839621687790403 -0.059989498362206517 0.072160225602776948 0.12362754142228617 -0.013976342002369354 -0.062463157067290553 0.058929174531308436 0.007528049082809565 0.080172427295419554 0.09078350919307368 -0.033034777335291463 0.0044606876962266489 -0.56180911607303285 0.076776752117435648 -0.015922717072089046 -0.058617770010031808 0.082405368043274946 0.043733132371139655 0.0071056009609690223 -0.006663302492242432 -4.5833309677412384 0.080096701414473184 -0.074896282922529728 -0.0071173039367357204 0.014895843415255679
leaf_weight=247.33997986796749 0.19499558502866321 47.213111183606088 1615.7826587203017 472.71769670399226 42.770177576327114 13.749801214700708 69.105777603210299 14.555801786314985 6.9392004869878283 14.532347532920536 24.639473518647719 36.513491539109964 30.435203927685507 32.876356441876851 96.500807536824141 54.094511310868256 113.94962148426566 0.48978922772221167 15.952181114000267 315.5348105147641 72.856767542427406 7.5506475903093806 45.408583642201847 297.73826273605664 805.22763242380461 0.034308255417273226 0.24053682922385633 97.955573366933095 9.6237504041346238 114.49399870063644
leaf_count=17209 22 6613 47935 15258 39229 5177 26024 2325 1165 1821 2392 26422 8794 1802 15487 19471 6624 23 1203 112410 12961 150 27377 24995 25289 14 298 1228773 6775 20981
internal_value=-0.000135571 0.00399951 -0.00406266 -0.0129836 -0.0515417 -0.00292463 -0.00482274 -0.0369975 0.000789172 -0.000225801 -0.00133662 0.0352805 0.00224192 -0.00229176 0.00908852 0.0297843 0.0440435 -0.0415945 -0.000640194 -0.00283423 -0.0391278 -0.018895 0.00116129 0.0143714 -0.00397304 -0.0230354 -0.502028 -0.067373 0.00768202 0.0272152
internal_weight=4717.02 2297.66 2419.36 727.613 150.544 577.068 563.318 83.6616 479.657 1691.74 1640.42 51.3207 2135.96 1285.03 850.923 272.096 210.45 103.782 578.827 562.875 103.292 61.6452 1181.25 330.615 850.636 14.8072 0.274845 107.774 9.81875 161.707
internal_count=1705019 301389 1403630 1324748 1274799 49949 44772 28349 16423 78882 50327 28555 273795 101241 172554 41732 22111 21778 130822 129619 21755 19621 79463 26797 52666 2133 312 1235570 6797 27594
is_linear=0
shrinkage=0.08


Tree=98
num_leaves=31
num_cat=0
split_feature=8 14 16 15 7 14 9 10 14 8 10 14 15 4 2 0 7 2 10 2 14 7 0 5 9 4 5 0 5 2
split_gain=11.1228 12.8776 11.1602 12.3799 37.1678 14.3653 12.7202 19.0037 11.3943 11.0428 15.5233 12.6931 9.39357 9.38527 26.9479 22.4881 18.8801 20.226 19.3969 11.1442 10.4579 9.75671 9.17335 8.87613 8.40858 7.93387 7.80259 7.2802 6.57625 9.57746
threshold=0.96884703636169445 0.022857889533042911 1.0000000180025095e-35 0.68563532829284679 0.5397799313068391 0.66801077127456676 0.62942156195640575 0.37797619402408605 0.050252525135874755 0.91905540227890026 0.5419580638408662 0.022857889533042911 0.99891540408134472 0.35416667163372045 0.8841681480407716 0.80982521176338207 1.0000000180025095e-35 0.63859337568283092 0.065591398626565947 0.68457102775573742 1.0000000180025095e-35 0.93039408326148998 0.19433516263961795 0.31296642124652868 0.7577352523803712 0.43650794029235845 0.84495192766189586 0.33549784123897558 0.75204917788505565 0.92907443642616283
decision_type=2 2 2 2 2 2 2 2 2 2 2 2 2 2 2 2 2 2 2 2 2 2 2 2 2 2 2 2 2 2
left_child=2 12 13 4 5 22 7 -6 9 10 -5 -11 27 14 16 19 17 -1 -18 -15 -17 -22 -4 -8 -10 -7 -26 -2 -16 -30
right_child=1 -3 3 8 6 25 23 -9 24 11 -12 -13 -14 15 28 20 18 -19 -20 -21 21 -23 -24 -25 26 -27 -28 -29 29 -31
leaf_value=0.083990497253709148 0.024703946047623715 0.065097312926699125 0.0067056107291808918 -0.029485885190380152 -0.0029794585314943051 -0.01930584834329388 -0.022416894399379855 0.048549215489840945 -0.00089735527647687868 -0.030521877967273993 0.040998835729921163 -0.12399943808461374 0.080096250107166964 -0.012557784438830846 0.090539017028311672 0.068323554882438881 -0.071224598299157449 0.013065460078179814 0.0042581355470934154 -0.064964621603710054 -0.00050440907589055441 0.033198707185267025 -0.074309938056771649 0.085068061451336288 0.013573023259637114 0.13087412226746709 0.081466874730516642 -0.01910770983906733 -0.15169840763583523 0.063492037895323025
leaf_weight=38.596854330739006 44.447703681886196 33.751060391427018 9.9182413493326731 52.44832907334785 267.39378243478131 39.927724499561009 197.30007780929736 55.274618849856779 1317.8431930988882 55.981268256553449 32.320686719787773 11.148150122433433 10.588742565771097 56.290794765831379 31.434369844406319 14.996894911615525 22.431107790747774 77.209548616083339 759.8883656559774 48.209234941532486 1151.2156949670862 57.7288860725821 91.138153275727745 5.0427691448712713 147.89800169790396 2.3858662338461718 11.689464016759301 53.482404480979312 1.8521352969182761 4.6392894179080031
leaf_count=4087 1979 5196 6619 1725 40618 38341 5525 1076 36101 1454 2447 431 13079 14218 2820 2081 96732 1053 72635 7815 73028 20868 1228951 440 11701 888 6222 6306 91 492
internal_value=-8.83312e-05 0.0219395 -0.000775257 -0.0047033 -0.0138717 -0.0499725 -0.0040133 0.00584765 -0.000942252 -0.0218066 -0.00261151 -0.0460457 0.00851673 0.0032104 0.00934589 -0.00111281 0.00655655 0.0367039 0.00209385 -0.0367347 0.00192859 0.00110496 -0.0663586 -0.0197382 0.00120287 -0.0108379 0.0185461 0.00077716 0.0754006 0.00209383
internal_weight=4704.47 142.27 4562.2 2297.71 668.381 143.37 525.011 322.668 1629.33 151.898 84.769 67.1294 108.519 2264.49 936.052 1328.44 898.126 115.806 782.319 104.5 1223.94 1208.94 101.056 202.343 1477.43 42.3136 159.587 97.9301 37.9258 6.49142
internal_count=1705019 26560 1678459 1382539 1322458 1274799 47659 41694 60081 6057 4172 1885 21364 295920 177910 118010 174507 5140 169367 22033 95977 93896 1235570 5965 54024 39229 17923 8285 3403 583
is_linear=0
shrinkage=0.08


Tree=99
num_leaves=31
num_cat=0
split_feature=1 10 5 2 0 11 5 8 14 16 4 14 10 4 5 6 14 5 14 2 6 4 6 14 2 2 2 14 6 14
split_gain=10.5447 23.2881 17.908 16.3201 14.6252 9.21301 9.13572 9.03765 11.1198 8.04176 13.1612 9.527 6.87296 6.83011 20.7506 18.3837 63.026 18.4131 6.57832 6.65719 5.72936 18.7796 8.43244 5.37637 4.99001 7.40984 4.08947 11.6271 3.51132 3.07069
threshold=0.95101958513259899 0.29520697891712194 0.81016731262207042 0.9529346525669099 0.97467949986457836 0.17424242943525317 0.90283238887786876 0.96884703636169445 0.022857889533042911 1.0000000180025095e-35 0.35416667163372045 0.57587876915931713 0.8603896200656892 0.41428571939468389 0.79008570313453685 0.048199767246842391 0.096632707864046111 0.81016731262207042 0.25521059334278112 0.74646764993667614 0.031754031777381904 0.58571431040763866 0.063164893537759795 0.27311578392982488 0.66987180709838878 0.59299960732460033 0.97259759902954113 0.18009009212255481 0.28165064752101904 0.63835796713829052
decision_type=2 2 2 2 2 2 2 2 2 2 2 2 2 2 2 2 2 2 2 2 2 2 2 2 2 2 2 2 2 2
left_child=3 2 20 6 -5 18 7 9 12 10 -1 -11 -9 14 26 17 -17 -16 19 -4 24 -22 -23 -20 25 -2 -3 -28 -8 -26
right_child=1 13 5 4 -6 -7 28 8 -10 11 -12 -13 -14 -15 15 16 -18 -19 23 -21 21 22 -24 -25 29 -27 27 -29 -30 -31
leaf_value=0.0079143029315050222 0.12879958957030055 0.0502958841368078 -0.4027445529562001 0.078403850199886382 -0.17243611138520146 0.059022209309488947 0.034523005755203673 -0.027725634833512165 0.062007941984836695 -0.01209182301709056 -0.0050475632478563124 -0.0010890181062242982 0.018900405743783724 0.070581596331207253 -1.0035379848550166 -3.9594569535129129 0.080425035170712728 0.080288961322973904 0.18164708234555998 -0.043920283204119212 0.066667425368757943 -0.32214380743924331 -0.071792419232522525 -0.0027358315584116296 0.1130172826082765 -0.025894912126832214 0.080369589944627437 -1.2516111223454265 0.11561265744388692 0.057282598418685438
leaf_weight=927.79050312130857 2.5424028627021462 3.8577721010660744 0.33676004347217059 23.734510068446983 1.5870807868814143 15.0730560416996 14.98624542345715 27.841961482656188 29.400097416015342 944.81404883817413 1090.7598299717574 1078.6385447276552 74.038632522686385 47.710987999395002 0.14762280363356683 0.039605483994819224 0.065737201191950589 0.31307664117775857 1.0153498185754859 19.042671950381191 8.229360612225717 1.1648344210771018 3.3017648941022344 317.17566755912412 7.7800079099542918 8.9857585109566553 0.13900580530753348 0.060066843114327639 4.4272048038728817 33.863466174982022
leaf_count=176750 107 957 80 1571 79 1163 895 654 3176 1280356 90081 81730 13982 37390 80 19 27 170 472 7105 253 67 58 5979 916 253 92 35 180 342
internal_value=-8.26696e-05 0.0112724 0.00498084 -0.0013502 0.062682 -0.00217116 -0.00173692 -0.00199162 0.0186658 -0.00266255 0.000910126 -0.00622658 0.00615843 0.0615854 -0.031261 -0.485013 -1.43844 -0.267004 -0.00490354 -0.0501556 0.0432714 -0.00501385 -0.137081 -0.00214746 0.0548006 0.00822117 0.0320499 -0.321533 0.0530154 0.0676952
internal_weight=4688.86 470.845 418.511 4218.02 25.3216 352.644 4192.7 4173.28 131.281 4042 2018.55 2023.45 101.881 52.3339 4.62289 0.566042 0.105343 0.460699 337.57 19.3794 65.8676 12.696 4.4666 318.191 53.1716 11.5282 4.05684 0.199073 19.4135 41.6435
internal_count=1705019 55565 16795 1649454 1650 14799 1647804 1646729 17812 1628917 266831 1362086 14636 38770 1380 296 46 250 13636 7185 1996 378 125 6451 1618 360 1084 127 1075 1258
is_linear=0
shrinkage=0.08


Tree=100
num_leaves=31
num_cat=0
split_feature=0 11 5 6 2 0 1 2 4 0 2 4 1 2 2 5 1 5 1 4 8 8 4 5 4 6 2 4 7 1
split_gain=9.83155 27.9646 21.5859 49.5385 44.1506 30.6315 27.3145 26.8702 20.8049 18.3898 15.9952 15.7502 13.1084 12.5704 31.5312 11.6576 11.1247 37.69 27.2533 23.719 14.2197 11.3571 10.5736 10.3902 9.46921 7.94833 16.0724 7.07354 8.62746 6.82221
threshold=0.95713412761688244 0.88194444775581371 0.75204917788505565 0.063164893537759795 0.90054944157600414 0.8841681480407716 0.84028983116149913 0.95945203304290783 0.41428571939468389 0.97100839018821727 0.8841681480407716 0.73214286565780651 0.77836257219314586 0.82574188709259044 0.8841681480407716 0.50384616851806652 0.77459675073623668 0.59137290716171276 0.88396573066711437 0.84523808956146251 0.61655250191688549 0.87106668949127208 0.41428571939468389 0.51639783382415783 0.81666666269302379 0.18257576227188113 0.93788579106330883 0.84523808956146251 0.86166355013847362 0.90521115064620983
decision_type=2 2 2 2 2 2 2 2 2 2 2 2 2 2 2 2 2 2 2 2 2 2 2 2 2 2 2 2 2 2
left_child=2 9 4 7 5 6 10 12 -6 27 -1 -8 -4 22 -15 29 20 18 -18 -19 23 -22 -7 -11 -17 26 -5 -2 -29 -10
right_child=1 -3 3 25 8 13 11 -9 15 16 -12 -13 -14 14 -16 24 17 19 -20 -21 21 -23 -24 -25 -26 -27 -28 28 -30 -31
leaf_value=-0.0031869706398099051 0.071605165642495999 0.067631443377228873 0.12007652995929478 -0.053634726686382132 0.080780825890978014 -0.045617905629125273 0.045260548633059415 0.10508477012848644 0.11281249467119514 -0.0069468502394502973 0.18234251087042905 -0.036393328005978505 -0.1256496393901059 -0.073135423068456204 0.0047807983484013028 0.045468429480779858 -0.11435697116329446 -0.01684769959778842 0.13944184975118512 0.0077391983230546768 0.062699303145391849 0.0063501387781079782 -0.0037836539285872627 0.024654789906937494 0.00059781285314203605 0.1094044232160927 0.058450501274440667 -0.58170579729490701 0.086314059563613266 -0.16580701355763655
leaf_weight=2234.4715485678862 28.420375660058202 44.181308946106583 1.4385318795175397 14.770581585205944 50.252272712405102 50.716950659283611 114.68467897360824 3.7918581144476766 0.68265078556578318 176.25013579383085 2.9779744647530597 17.414320949774265 40.676464827116433 90.096984633662942 52.673632866255502 63.467564459275309 27.542295960389314 354.47665983682782 3.0030730944345114 861.17159440286559 58.400249729049392 37.648907454335131 162.74109920308547 107.01718797374269 57.253236920205381 5.8826077630474165 18.371594438140164 0.23715243847982392 0.25871570641174912 3.1942149363821954
leaf_count=1474492 1351 46399 88 1373 4406 20013 8147 265 29 24266 254 1454 3340 10682 3756 4060 3003 16131 237 46776 1104 982 20523 6684 3500 271 1261 22 19 131
internal_value=-4.09442e-05 0.0048181 -0.00280546 -0.0425588 -0.00164146 -0.00414123 -0.000853014 -0.0988912 0.037328 0.00314068 -0.00294004 0.0344963 -0.117256 -0.0260137 -0.0443891 0.0198028 0.00201573 -0.00163557 -0.0894047 0.000569788 0.0140116 0.0406118 -0.0137233 0.00499211 0.024188 0.0237079 0.00849711 0.0663787 -0.233171 -0.116747
internal_weight=4684.17 1698.61 2985.56 84.9316 2900.63 2725.78 2369.55 45.9069 174.85 1654.43 2237.45 132.099 42.115 356.229 142.771 124.598 1625.51 1246.19 30.5454 1215.65 379.316 96.0492 213.458 283.267 120.721 39.0248 33.1422 28.9162 0.495868 3.87687
internal_count=1705019 146974 1558045 6598 1551447 1539321 1484347 3693 12126 100575 1474746 9601 3428 54974 14438 7720 99183 66147 3240 62907 33036 2086 40536 30950 7560 2905 2634 1392 41 160
is_linear=0
shrinkage=0.08


Tree=101
num_leaves=31
num_cat=0
split_feature=10 1 14 9 10 7 10 14 10 8 8 7 9 4 9 7 10 15 8 10 9 1 2 15 10 15 2 2 7 15
split_gain=8.7408 29.254 26.8058 33.9955 14.704 13.9138 26.0333 25.0198 13.4294 17.0612 16.5774 12.274 9.8699 9.20718 8.47967 8.25709 8.24967 8.20981 7.72889 7.21738 7.16994 6.91347 6.86121 7.59401 26.6538 6.79738 6.07262 5.97795 5.60324 24.0869
threshold=0.28869047760963445 0.97321215271949779 0.28902275860309606 0.5855005979537965 0.21807064861059192 0.68599441647529613 0.070197045803070082 0.77823317050933849 0.16904762387275699 0.42438536882400518 0.52393686771392833 0.65733855962753307 0.611852526664734 0.61250001192092907 0.45078563690185552 0.62087112665176403 0.040833333507180221 0.90642601251602184 0.49677366018295294 0.29520697891712194 0.73350083827972423 0.89512962102890026 0.53262412548065197 0.60541087388992321 0.18350168317556384 0.99891540408134472 0.096006143838167204 0.95945203304290783 0.43763412535190588 0.21062359958887103
decision_type=2 2 2 2 2 2 2 2 2 2 2 2 2 2 2 2 2 2 2 2 2 2 2 2 2 2 2 2 2 2
left_child=2 11 3 4 -1 6 7 16 9 21 13 -2 14 -10 -8 -14 -4 -9 19 -13 -12 -7 -5 24 -24 26 -20 -11 29 -6
right_child=1 -3 5 22 28 8 12 17 10 27 20 18 15 -15 -16 -17 -18 -19 25 -21 -22 -23 23 -25 -26 -27 -28 -29 -30 -31
leaf_value=-0.060901085592151939 0.059972647208408766 0.072749795094024294 -0.080065047624885199 -0.027779300211476211 2.4182610284827954 -0.022986755745932515 0.033560964421298772 0.0082484397641474378 0.0019949991311145714 -0.091692449654477801 -0.035823419256780537 0.15281251365313381 0.29534407164911919 0.055169187436600486 0.00050460032336542321 0.077523769604128837 -0.013652960813346132 -0.0026029596432263018 -0.024138332623061611 0.027088495302612585 0.082263754648463278 0.072886792361497726 0.99948616204024465 0.015816611831739932 0.070351851105827243 0.05705073810948718 0.00178207908156655 0.087385080495381726 -0.01592744012649553 -0.080467348918764087
leaf_weight=128.76848200461973 23.879136855190154 39.544610475015361 32.468015343565639 25.279828473649104 0.032005496788768961 78.387897329055704 173.36176935417097 660.72046831529588 195.94666238338687 31.841380752390251 95.767598778009415 3.1830790229141703 1.374383538692199 23.320654024137184 69.605367138527072 5.8746903730061604 18.961928846332739 1374.4099243301898 60.333492161938921 35.667859633569606 3.4078082935884586 5.1286394665949038 0.22212967947416418 91.419386202265741 1.7891876108042195 13.836139134975381 1402.956048615044 1.2394665712490667 67.711093546822667 0.10802202080958523
leaf_count=1051239 1054 35463 312866 4034 4 984 62825 60766 2239 598 1800 46 89 1153 23162 162 44476 8279 2061 697 71 190 453 3693 303 12375 63780 18 10059 80
internal_value=-3.19812e-05 0.00480863 -0.00250846 -0.0246102 -0.0450204 5.89127e-06 0.00245149 -0.000472577 -0.0131304 -0.0363591 -0.00462529 0.00306385 0.0268354 0.00765046 0.024091 0.118821 -0.0555793 0.000920029 0.00216744 0.0373891 -0.0317658 -0.0170993 0.00919529 0.0191996 0.172965 0.00124105 0.000713344 -0.0849828 -0.014882 0.490656
internal_weight=4666.55 1579.4 3087.15 315.33 196.62 2771.82 2336.78 2086.56 435.04 116.597 318.443 1539.86 250.216 219.267 242.967 7.24907 51.4299 2035.13 1515.98 38.8509 99.1754 83.5165 118.711 93.4307 2.01132 1477.13 1463.29 33.0808 67.8511 0.140028
internal_count=1705019 115476 1589543 1069865 1061382 519678 512625 426387 7053 1790 5263 80013 86238 3392 85987 251 357342 69045 78959 743 1871 1174 8483 4449 756 78216 65841 616 10143 84
is_linear=0
shrinkage=0.08


Tree=102
num_leaves=31
num_cat=0
split_feature=0 11 5 6 2 0 2 6 5 4 2 0 2 2 0 5 4 6 5 2 4 5 6 4 9 15 8 10 10 2
split_gain=8.2247 24.3457 18.3881 42.0271 37.8924 26.4781 22.967 19.5632 33.2007 18.8819 16.4128 16.2911 11.3065 34.9664 10.5588 12.5698 10.0751 9.13342 53.9989 41.3931 15.4401 13.2816 18.4066 9.00176 13.0894 9.42863 7.11504 10.1499 165.808 8.56891
threshold=0.95713412761688244 0.88194444775581371 0.75204917788505565 0.063164893537759795 0.90054944157600414 0.8841681480407716 0.95945203304290783 0.15849281847476962 0.53529900312423717 0.41428571939468389 0.73942822217941295 0.97100839018821727 0.83910790085792553 0.8841681480407716 0.90366768836975109 0.50384616851806652 0.41428571939468389 0.30330087244510656 0.680425524711609 0.83424907922744762 0.77500000596046459 0.64051282405853283 0.3303030282258988 0.84523808956146251 0.57587876915931713 0.81823650002479564 0.34299720823764807 0.061553031206130988 0.057983193546533592 0.94185259938240062
decision_type=2 2 2 2 2 2 2 2 2 2 2 2 2 2 2 2 2 2 2 2 2 2 2 2 2 2 2 2 2 2
left_child=2 11 4 6 5 7 23 10 -9 -6 -1 -2 16 -14 -11 -16 -7 18 19 -13 -20 22 -19 24 -4 -25 29 28 -28 -5
right_child=1 -3 3 26 9 12 -8 8 -10 14 -12 17 13 -15 15 -17 -18 21 20 -21 -22 -23 -24 25 -26 -27 27 -29 -30 -31
leaf_value=0.013047882586008679 0.063474954266111758 0.066046774073572706 -0.10950965370059415 -0.035674448505989942 0.077336250780347587 -0.044155299229405899 0.10344471229612032 -0.010325984146239107 0.059085274032207487 0.08422532517625779 -0.0080415786066729087 -0.033741476114183093 -0.08363422032837782 0.0040403142475499082 -0.14033661646661028 0.014916445440481558 -0.0049832056019625884 -0.074212750572515737 -0.016631326577720824 -0.16667206403957235 0.0081859428513149698 0.040311193312309659 0.0083481412097749855 -0.45992978251100336 0.027860940823693607 -0.13967432777756444 -0.080024008975270344 0.065934598984385528 14.274034694306886 0.061731884366546898
leaf_weight=800.11676476557841 27.955583649170876 40.060737006104318 18.026004855888463 16.685323413305017 48.326819266560051 54.781286476725654 3.5701682951112153 1184.0760426471898 45.809232108651486 13.826013689078534 335.0800459220045 73.067301574750672 65.174705430577887 52.615443531103665 3.4459025071737406 106.13424142153963 180.42066855094163 17.987759073705092 201.83282833763587 18.862090371447266 782.38949280142697 80.664567316369357 440.72565053550716 0.60880384308620961 5.8897321023978284 17.511641173856333 0.067880011705709786 12.596007830834422 0.0055732079927111036 8.8435937994181568
leaf_count=428690 1392 46399 1829 407 4406 21276 265 980675 5024 721 69958 4111 7719 3756 139 6860 22223 1149 9410 1298 43211 2994 37010 918 557 124 646 1747 4 101
internal_value=-3.98887e-05 0.00442817 -0.00256953 -0.0395112 -0.00149822 -0.00380087 -0.0913589 -0.000750436 -0.00774064 0.0349465 0.00682283 0.00292619 -0.0242391 -0.0444711 0.0183464 0.0100343 -0.0141068 0.00187844 -0.00238009 -0.0610162 0.00309671 0.0103749 0.00511064 -0.107904 -0.0756794 -0.150434 0.0223917 0.0714026 1.00908 -0.00193146
internal_weight=4657.16 1683.55 2973.61 83.8047 2889.81 2718.07 45.6064 2365.08 1229.89 171.733 1135.2 1643.49 352.992 117.79 123.406 109.58 235.202 1615.53 1076.15 91.9294 984.222 539.378 458.713 42.0362 23.9157 18.1204 38.1984 12.6695 0.0734532 25.5289
internal_count=1705019 146974 1558045 6598 1551447 1539321 3693 1484347 985699 12126 498648 100575 54974 11475 7720 6999 43499 99183 58030 5409 52621 41153 38159 3428 2386 1042 2905 2397 650 508
is_linear=0
shrinkage=0.08


Tree=103
num_leaves=31
num_cat=0
split_feature=11 1 7 15 1 11 5 11 10 5 2 14 2 5 0 7 14 8 9 14 14 10 11 14 2 4 7 5 7 5
split_gain=8.07075 26.8611 15.6501 15.5545 31.6153 37.1163 16.6962 14.0068 11.5231 11.7325 8.33132 9.09381 8.71695 12.7928 32.3949 25.798 11.9495 10.8703 10.1598 6.19445 33.6184 45.8121 8.71547 5.56639 5.36909 10.5867 8.91712 5.92159 13.2351 6.06077
threshold=0.38750000298023229 0.89512962102890026 0.99783548712730419 0.59786736965179454 0.36461389064788824 1.0000000180025095e-35 0.027402402833104137 0.17424242943525317 0.040833333507180221 0.15604707598686221 0.096006143838167204 0.11070261523127557 0.19433516263961795 0.08179993182420732 0.46225070953369146 0.71746492385864269 0.42008402943611151 0.52393686771392833 0.35697518289089208 0.07722122967243196 0.071067821234464659 0.82971012592315685 0.29285715520381933 0.77823317050933849 0.4654348641633988 0.84523808956146251 0.88949939608573925 0.077422577887773528 0.75532880425453197 0.14194139838218692
decision_type=2 2 2 2 2 2 2 2 2 2 2 2 2 2 2 2 2 2 2 2 2 2 2 2 2 2 2 2 2 2
left_child=2 10 3 4 5 6 -1 -7 23 -10 11 -2 16 15 -15 -14 18 -18 -12 20 22 -22 -4 -6 25 26 -5 28 -26 -29
right_child=1 -3 19 24 8 7 -8 -9 9 -11 12 -13 13 14 -16 -17 17 -19 -20 -21 21 -23 -24 -25 27 -27 -28 29 -30 -31
leaf_value=0.1319511542996889 0.037827462770045492 0.064156308879406487 0.049984884505998972 -0.045584266602346109 -0.080542069349124223 -0.084229707618547311 0.021844093000951172 -0.007132818899770417 -0.06194329769188734 0.0058848141605101325 0.54070260117319235 -0.031801952270409384 -0.066210464218525153 0.085821422691273741 0.0029401648778026078 -0.0013606828812056063 0.016422931914388761 -0.03310719907814872 0.035393296307954146 0.066182775341381575 0.081233077054194136 -2.226048288777712 -0.70997434971271267 -0.027785630906767219 0.37830217403521404 0.24287598226954529 0.049898680278909043 -0.062245058053731879 0.022995527033363081 3.585337317530979e-05
leaf_weight=17.208525797279435 14.375833709651486 48.722792921078508 2.5839676929172164 42.062682967796718 58.789842380117989 16.180945673386304 18.067960924039653 221.95445168331207 28.681689732278755 37.872377239264097 0.25519626394088746 72.771696818585042 46.329316061015561 33.727790413220646 287.06469145829033 257.28895666636527 96.433777429279871 40.171771991212154 119.58872872062057 28.130500558181666 0.11700869374908496 0.10405285231536254 0.1003307292703538 16.362171423563268 0.8440405258879754 0.91755882339202699 7.3541139103472224 10.032172155697479 3.2721231039613485 3113.9396825516378
leaf_count=1087 1320 46279 704 6720 983513 3372 86416 21979 92685 186649 53 2020 66254 2239 44011 2416 1426 546 8890 3417 19 26 7 23441 66 30 67 1192 36 118139
internal_value=-0.000101625 0.0061971 -0.00186848 -0.00235701 -0.0169209 -0.00102671 0.0755564 -0.0123714 -0.0475876 -0.0233459 0.00327983 -0.0203159 0.00561427 0.000514101 0.0116542 -0.0112562 0.0180323 0.00185754 0.0364693 0.0546967 -0.0565144 -1.0048 0.02158 -0.0690559 -0.000454894 -0.0263753 -0.0313747 -3.78063e-05 0.095853 -0.000164153
internal_weight=4641.31 1016.73 3624.58 3593.54 415.118 273.412 35.2765 238.135 141.706 66.5541 968.008 87.1475 880.86 624.411 320.792 303.618 256.449 136.606 119.844 31.0359 2.90536 0.221062 2.6843 75.152 3178.42 50.3344 49.4168 3128.09 4.11616 3123.97
internal_count=1705019 175454 1529565 1525392 1399142 112854 87503 25351 1286288 279334 129175 3340 125835 114920 46250 68670 10915 1972 8943 4173 756 45 711 1006954 126250 6817 6787 119433 102 119331
is_linear=0
shrinkage=0.08


Tree=104
num_leaves=31
num_cat=0
split_feature=8 14 16 14 10 9 8 0 9 10 4 11 4 6 5 0 6 0 6 8 10 8 15 10 15 9 8 15 9 10
split_gain=7.32237 11.5064 7.67542 8.79364 55.4118 16.4832 19.5435 9.03269 13.6263 8.60011 8.14226 25.5479 20.1614 26.4671 45.7732 18.9949 13.6185 11.8105 27.522 10.4785 9.10507 8.53191 7.11928 6.46271 6.21425 5.32226 13.6363 6.95077 5.2879 4.93109
threshold=0.96884703636169445 0.022857889533042911 1.0000000180025095e-35 0.55413547158241283 0.20942982286214831 0.45078563690185552 0.52393686771392833 0.15535445511341098 0.37523946166038519 0.26794873178005224 0.35416667163372045 0.88194444775581371 0.31666667759418493 0.23582887649536136 0.39173060655593878 0.80982521176338207 0.81934732198715221 0.19433516263961795 0.38397435843944555 0.8893263339996339 0.65942031145095836 0.85014972090721141 0.99891540408134472 0.54772728681564342 0.28849306702613836 0.46418705582618719 0.49321211874485021 0.25545510649681097 0.611852526664734 0.080540537834167494
decision_type=2 2 2 2 2 2 2 2 2 2 2 2 2 2 2 2 2 2 2 2 2 2 2 2 2 2 2 2 2 2
left_child=2 22 10 4 7 6 -6 8 -4 -7 12 15 17 14 -14 20 -15 21 -19 -17 -12 -1 24 25 -2 26 -5 -27 -9 -13
right_child=1 -3 3 23 5 9 -8 28 -10 -11 11 29 13 16 -16 19 -18 18 -20 -21 -22 -23 -24 -25 -26 27 -28 -29 -30 -31
leaf_value=0.012501493288998019 0.054258004497138156 0.061965483237628273 0.20392973734065101 0.00051184265073881395 0.11880211470996889 -0.034063480598581004 0.0081066641457232178 -0.076332824799494617 -0.034574459360326118 -0.0031944998831764816 -0.033748672741978902 -0.09821662929327829 0.077773035019500072 -0.019114590855635671 0.0046980421318183517 0.0012726970393933978 -1.0725432800017247 -0.022670196860254031 0.01685491795295679 -0.037682845605190411 -0.23479977372359018 0.073190724868358745 0.080075092095046124 -0.32488079525372732 -0.0077144828641518342 0.0053093303286633224 -0.063280853426573136 0.069131350053009397 0.015973174158534564 0.078312319131750616
leaf_weight=164.85903849107126 11.798173825431148 30.022227722220123 1.8072224568386435 1237.9042439364348 14.901720525464041 62.715699812571984 32.404218582349131 90.796321835146955 10.106545193237251 731.23023556100088 97.648137528223742 1.0499243513040735 103.97639719984727 60.539549319939397 116.13393853071102 1130.9310891805835 0.078643696921061657 269.47058511541036 193.8639766099077 45.988652716419892 1.4632211984135199 16.290210674400441 7.6427190846006843 0.39097894020960566 84.687172901118174 33.545408558275085 21.823414165708527 16.19317762737046 4.1536496250337214 28.582487044302979
leaf_count=5798 1419 5196 440 90665 1403 11426 1462 1232380 4649 37746 21585 31 16371 19285 8064 67592 89 84946 42008 2575 36 1349 13079 20 6866 360 274 466 1248 26191
internal_value=-8.58986e-05 0.0183314 -0.000636303 -0.00392445 -0.00979254 -0.00289947 0.0429765 -0.0640561 0.0016047 -0.00563291 0.00269179 -0.00137667 0.00843321 0.0263266 0.0392174 -0.00308199 -0.0204813 0.000639095 -0.00613248 -0.000249508 -0.0367169 0.0179591 0.00575079 0.000323048 -0.000136522 0.000420147 -0.000593297 0.0260876 -0.0722948 0.0720576
internal_weight=4623 134.15 4488.85 2257.97 948.116 841.252 47.3059 106.864 11.9138 793.946 2230.88 1305.66 925.212 280.729 220.11 1276.03 60.6182 644.484 463.335 1176.92 99.1114 181.149 104.128 1309.86 96.4853 1309.47 1259.73 49.7386 94.95 29.6324
internal_count=1705019 26560 1678459 1382539 1290754 52037 2865 1238717 5089 49172 295920 118010 177910 43809 24435 91788 19374 134101 126954 70167 21621 7147 21364 91785 8285 91765 90939 826 1233628 26222
is_linear=0
shrinkage=0.08


Tree=105
num_leaves=31
num_cat=0
split_feature=0 5 6 1 5 0 5 4 15 4 0 15 14 7 6 7 1 0 15 1 1 5 10 4 8 7 5 6 5 1
split_gain=6.85507 19.6561 30.6725 21.7374 29.2137 19.7071 24.6244 15.6717 16.5455 14.369 13.0214 12.6535 245.804 356.272 11.6886 11.4171 9.94738 17.5215 12.1391 9.26367 8.95771 29.6812 27.0805 15.4764 13.0168 11.8687 8.95628 7.85842 10.121 7.43994
threshold=0.95713412761688244 0.75204917788505565 0.063164893537759795 0.84028983116149913 0.47114317119121557 0.86319074034690868 0.60188680887222301 0.41428571939468389 0.87134066224098217 0.6904762089252473 0.97467949986457836 0.64004489779472362 0.13359580188989642 0.47466187179088598 0.16823899745941165 0.9832867980003358 0.90054944157600414 0.89386734366416942 0.72745248675346386 0.77836257219314586 0.77459675073623668 0.61167800426483165 0.70710784196853649 0.84523808956146251 0.61655250191688549 0.97718599438667308 0.51639783382415783 0.032795699313282974 0.79008570313453685 0.87226107716560375
decision_type=2 2 2 2 2 2 2 2 2 2 2 2 2 2 2 2 2 2 2 2 2 2 2 2 2 2 2 2 2 2
left_child=1 3 19 5 -5 6 14 8 -7 -9 29 12 13 -4 -1 20 17 -6 -18 -3 24 22 -22 -23 26 -26 -12 -21 -29 -2
right_child=10 2 11 4 16 7 -8 9 -10 -11 15 -13 -14 -15 -16 -17 18 -19 -20 27 21 23 -24 -25 25 -27 -28 28 -30 -31
leaf_value=0.0041490317036983089 0.10931553225357814 0.11712960666647478 -0.080009760083680548 0.074126352357506836 0.014517200034921586 -0.087155388033743467 0.097542659043953941 -0.00069747358421990791 -0.019322117756024073 -0.046320013794949731 -0.0066490781659050268 0.020883915892706866 -0.040019513050284894 -16.368490938809494 -0.0078250838231255643 0.059406894941545656 0.11148209850353266 -0.032964057320325958 0.017726661230745559 -0.12027207525720933 -0.045361824026609064 -0.012868992610528086 -0.340119405887431 0.0075031060346459977 0.043151104241546279 -0.15345257684122665 0.022664291366846855 -0.13552589147429545 -0.0076335694778788925 0.02818956355199799
leaf_weight=1007.8482352544634 10.402052688350521 1.3978624586670765 0.020810268042622648 48.319501543199294 132.82150037418069 42.12754676757686 16.010602743634081 186.686747061387 50.719961543625686 57.880549213768973 175.9064432616542 36.182977921431302 1.1137648095846087 0.014640107547165826 1081.7260292551964 22.63840908286511 9.4202855162875476 79.519002835069841 143.077612155932 25.775431691534322 59.478351061919966 332.7175523006681 2.0640615326119578 844.22831139570553 91.289455804508179 2.0084092886536373 107.45847361148844 5.992506924714692 11.677037078756255 23.761431712966441
leaf_count=512916 456 104 297 3461 9754 37270 2158 26875 1958 5405 24342 1793 803 12 932994 24863 3290 7369 7997 1982 5270 16469 149 62314 3346 170 6743 628 979 2852
internal_value=-8.14785e-05 -0.00240846 -0.0409838 -0.00129861 0.0156724 -0.00416872 -0.00129241 -0.0221179 -0.0501 -0.0114947 0.00400802 0.0125835 -0.248756 -6.80674 -0.0020497 0.00298836 0.00793066 -0.00326397 0.0235182 -0.0855791 0.00219758 -0.001088 -0.0552477 0.001744 0.0130008 0.0389188 0.00446722 -0.0921014 -0.0510074 0.0528907
internal_weight=4610.29 2938.33 82.175 2856.16 413.158 2443 2105.58 337.415 92.8475 244.567 1671.95 37.3322 1.14922 0.0354504 2089.57 1637.79 364.838 212.341 152.498 44.8428 1615.15 1238.49 61.5424 1176.95 376.663 93.2979 283.365 43.445 17.6695 34.1635
internal_count=1705019 1558045 6598 1551447 31871 1519576 1448068 71508 39228 32280 146974 2905 1112 309 1445910 143666 28410 17123 11287 3693 118803 84202 5419 78783 34601 3516 31085 3589 1607 3308
is_linear=0
shrinkage=0.08


Tree=106
num_leaves=31
num_cat=0
split_feature=10 0 2 5 6 2 5 0 11 0 10 14 4 1 6 10 10 4 1 1 5 0 9 0 5 2 5 1 0 5
split_gain=6.5318 5.89121 15.6462 29.6534 29.8221 22.7636 26.7945 22.1142 11.4318 12.1358 10.8453 10.735 10.4784 9.81903 9.15898 7.12269 19.2829 6.49505 6.16925 5.67155 5.44147 6.57714 7.40826 6.4969 6.29982 9.02661 6.07774 10.8442 5.19937 6.18491
threshold=0.84807693958282482 0.95713412761688244 0.94609123468399059 0.75204917788505565 0.084219858050346388 0.88067796826362621 0.58578637242317211 0.88303694128990184 0.43650794029235845 0.97100839018821727 0.83666664361953746 0.071067821234464659 0.6904762089252473 0.82793453335762035 0.15184453129768374 0.77097901701927196 0.79057019948959362 0.84523808956146251 0.77836257219314586 0.81530213356018078 0.6900656819343568 0.33549784123897558 0.9266914725303651 0.47395551204681402 0.12588027864694598 0.41206791996955877 0.66969698667526256 0.81530213356018078 0.94804319739341747 0.52223318815231334
decision_type=2 2 2 2 2 2 2 2 2 2 2 2 2 2 2 2 2 2 2 2 2 2 2 2 2 2 2 2 2 2
left_child=1 2 3 5 18 7 -7 -1 9 17 13 -12 15 -11 -6 19 -17 -3 -5 -10 21 22 -2 24 25 -23 -25 -28 29 -4
right_child=20 8 28 4 14 6 -8 -9 12 10 11 -13 -14 -15 -16 16 -18 -19 -20 -21 -22 23 -24 26 -26 -27 27 -29 -30 -31
leaf_value=-0.0015408073970456821 0.076489181856431984 0.063853142854971304 -0.18988239725340689 0.12840150242081255 -0.014160298977233459 0.068981262647826669 0.0055114233052372284 -0.024857822006653121 0.038617781337507692 0.0096838999312870624 0.081860608424460996 -0.64118021249057278 0.061468898255450953 -0.0035126795411598681 0.10286079133141968 -0.49802958070512987 0.02709926299481924 -0.23072099971694632 -0.10398125820999848 -0.050092661707041859 0.080525120013876239 -0.025483258959747197 0.012645334505540957 0.024227893296945455 0.082038912374172046 -0.15945686434744832 -0.69972449851533991 -0.034669074995621815 0.016851477606441879 0.084117755865257507
leaf_weight=2229.218125948024 17.128617329872213 23.930525816889716 0.54199599704594703 0.74509397916686637 17.228441004905783 58.657319464753527 155.20064668217492 294.73738184758804 12.993926946452126 564.34694380925066 0.21783322154078533 0.33127855136990547 39.926278826300404 1000.7184003907969 5.6956757565189333 0.67788183817174186 1.3169888786214867 0.48882673197476734 39.059566077016797 7.1507643159420686 8.6106665845145454 11.707988535985356 36.248765781754628 25.325572932866638 2.1983434619614846 4.4388626124709836 0.20476197090465476 0.67151421910966747 17.457598828445789 19.371889410705187
leaf_count=1474641 1286 984 41 55 1233 3506 9461 51651 2326 41598 23 36 32840 47085 302 136 469 26 3180 2714 14403 77 1789 11258 332 40 105 521 1363 1538
internal_value=-2.46299e-05 -0.000489159 -0.00270015 -0.00338634 -0.0577708 -0.00214028 0.02292 -0.00426367 0.0033088 0.00199402 0.00112116 -0.354349 0.0369914 0.00124588 0.0149145 -0.007151 -0.151346 0.0579564 -0.0996313 0.00712822 0.0195534 0.014192 0.0331326 -0.00850309 -0.0450153 -0.0623134 0.0170609 -0.190074 0.0487214 0.0766603
internal_weight=4596.55 4490.01 2837.91 2800.54 62.7288 2737.81 213.858 2523.96 1652.1 1590.03 1565.61 0.549112 62.0658 1565.07 22.9241 22.1396 1.99487 24.4194 39.8047 20.1447 106.535 97.9244 53.3774 44.547 18.3452 16.1469 26.2018 0.876276 37.3715 19.9139
internal_count=1705019 1675208 1546971 1544029 4770 1539259 12967 1526292 128237 89752 88742 59 38485 88683 1535 5645 605 1010 3235 5040 29811 15408 3075 12333 449 117 11884 626 2942 1579
is_linear=0
shrinkage=0.08


Tree=107
num_leaves=31
num_cat=0
split_feature=16 7 5 9 10 15 4 2 13 8 2 11 4 8 4 4 7 10 1 9 7 9 8 15 2 5 5 10 5 10
split_gain=5.86709 9.38081 11.1594 9.82995 7.60742 27.0688 7.58145 17.5259 15.0201 18.4675 15.4682 14.6011 14.62 9.49854 7.26273 14.2934 11.7147 11.2426 12.2964 12.6374 10.8251 23.457 12.2614 9.14333 8.77956 11.2834 8.42128 6.90738 6.31977 6.14906
threshold=1.0000000180025095e-35 0.9388999640941621 0.64760348200798046 0.62942156195640575 0.79057019948959362 0.98511892557144176 0.35416667163372045 0.8841681480407716 1.0000000180025095e-35 0.67550018429756176 0.63859337568283092 0.6904762089252473 0.43650794029235845 0.83745279908180248 0.43650794029235845 0.35416667163372045 0.99783548712730419 0.76696833968162548 0.89512962102890026 0.7577352523803712 0.6079215705394746 0.30163164436817175 0.30651047825813299 0.25545510649681097 0.80229884386062633 0.64760348200798046 0.42980295419692999 0.18834459781646731 0.71563342213630687 0.47338935732841497
decision_type=2 2 2 2 2 2 2 2 2 2 2 2 2 2 2 2 2 2 2 2 2 2 2 2 2 2 2 2 2 2
left_child=1 6 3 -3 5 -5 7 8 9 -1 -10 12 29 -14 15 20 17 24 19 -19 21 28 -22 -23 26 -26 -16 -24 -2 -8
right_child=14 2 -4 4 -6 -7 11 -9 10 -11 -12 -13 13 -15 16 -17 -18 18 -20 -21 22 23 27 -25 25 -27 -28 -29 -30 -31
leaf_value=-0.0081992548277566111 -0.0019716579008242142 0.059086339096899664 0.070633989490626034 -0.0058504993902401149 0.03452549835519407 -0.62896868991170696 -0.049196562135626003 0.067433707419407241 0.0706046304881187 0.020960545308466909 0.010198781497089516 0.070539454614731142 -0.00017755695565690365 -0.027923803096672872 -0.0098708363501105248 -0.064122465141931179 0.058868866873487982 -0.30478349688119066 0.081572486285200585 -0.067929984633846127 0.088546893836230545 -0.0030607241239865063 -0.033262114712385452 -0.070117886244799921 -0.027170230566460524 -9.600931794212179e-05 0.015349408729699737 -0.00022399508665600179 -0.05878925289756972 -0.20306466344763646
leaf_weight=469.44038523326549 203.51168954461406 24.315284214157145 24.61999395606108 89.196730449155439 36.104304486507317 0.44842046129633573 28.950561826492052 29.983720921951317 41.619938508607447 197.47381292376667 77.93225886503933 17.272322997479932 1118.3508830033377 84.962838517560158 109.83351054469676 27.984654139714621 22.182385457446799 1.6266921755741375 3.0706840680504675 12.677981091313994 9.6603232870111224 16.397392385850267 43.047270924238546 63.059651264456463 116.19664613967507 647.438647144475 370.79588330163097 684.62844206870068 13.350910557361201 1.7634825250133861
leaf_count=160347 194970 1664 17013 6419 5301 112 9121 2120 4087 4279 1053 10916 75311 3624 53415 41438 23934 83 1166 701 91 6831 4606 951330 12768 35741 51461 24822 273 22
internal_value=-1.44035e-05 0.00291142 0.0207135 0.0125235 0.00351995 -0.00896744 0.00140749 0.00740448 0.00511589 0.000434985 0.031228 -0.00250543 -0.00352782 -0.00213665 -0.00281171 -0.00770712 0.00123649 0.000223184 -0.0636833 -0.0948644 -0.00617976 -0.0190941 -0.000989786 -0.0562794 0.0011156 -0.00421569 0.00958607 -0.00217844 -0.00546957 -0.0580311
internal_weight=4587.9 2242.43 174.685 150.065 125.749 89.6452 2067.75 816.45 786.466 666.914 119.552 1251.3 1234.03 1203.31 2345.46 1061.64 1283.82 1261.64 17.3754 14.3047 1033.66 296.32 737.336 79.457 1244.26 763.635 480.629 727.676 216.863 30.714
internal_count=1705019 301389 30509 13496 11832 6531 270880 171886 169766 164626 5140 98994 88078 78935 1403630 1224361 179269 155335 1950 784 1182923 1153404 29519 958161 153385 48509 104876 29428 195243 9143
is_linear=0
shrinkage=0.08


Tree=108
num_leaves=31
num_cat=0
split_feature=6 2 5 4 5 1 6 5 1 0 2 5 6 0 0 6 4 2 0 2 5 5 2 2 5 4 1 1 1 0
split_gain=5.63628 14.6191 11.8022 13.0029 19.2921 8.10371 7.23657 19.803 24.648 36.0652 34.6447 24.5265 24.2237 17.4385 17.2283 15.0949 15.0092 14.7598 32.7937 30.275 27.661 25.2184 22.2697 22.1671 24.5293 19.7647 18.5376 17.17 13.3886 11.7298
threshold=0.6776927411556245 0.096006143838167204 0.30330087244510656 1.0000000180025095e-35 0.07435046881437303 0.46841755509376531 0.12613636255264285 0.69604039192199718 0.82426470518112194 0.91715687513351452 0.84660634398460399 0.54631218314170849 0.21913109719753268 0.99532711505889904 0.84660634398460399 0.41967740654945379 0.38750000298023229 0.73942822217941295 0.74023336172103893 0.58380147814750682 0.30079366266727453 0.33589744567871099 0.60640108585357677 0.91458967328071605 0.70412456989288341 0.13392857462167743 0.73986300826072704 0.74873736500740062 0.62575301527977001 0.92403846979141246
decision_type=2 2 2 2 2 2 2 2 2 2 2 2 2 2 2 2 2 2 2 2 2 2 2 2 2 2 2 2 2 2
left_child=6 -2 3 4 -3 -5 17 8 11 16 -11 15 29 -14 -13 -8 -10 18 19 25 27 28 -23 26 -25 -1 -22 -19 -20 -9
right_child=1 2 -4 5 -6 -7 7 12 9 10 -12 14 13 -15 -16 -17 -18 20 21 -21 23 22 -24 24 -26 -27 -28 -29 -30 -31
leaf_value=0.00087596338621041955 -0.11648476822270214 0.019035924844830347 0.58654671331317387 -0.059196056966153522 0.12036445053669864 0.088223328027856041 -0.014308813685484667 0.074326776735455763 0.055829431498548646 -0.038354107177148086 -0.14193228273979894 0.10478812168142242 0.11793600209864327 0.024819986598683636 0.011775032039777818 0.0021326487458199965 -0.016091067482563736 -0.090246230344593781 0.1778740157337183 -0.043720163115368846 -0.052790093087861402 -0.02928612694560118 0.037467484526543915 0.055533565809029448 0.0015300549977201254 0.049462010004110393 -0.0094895383199202609 0.15959881107418253 0.065244118433817791 -0.006571413303423119
leaf_weight=308.30286056816476 4.9807310903488533 75.495736788590875 0.23788294485529959 16.267424734527598 14.303636189186362 2.7967513384810436 959.03792004612114 11.905606910388085 27.778802795743104 98.236514747753972 26.173519209001824 13.246204406463219 13.70275706043685 212.26377347694142 336.73672790585078 569.65758584732976 56.025451318922933 2.1259606687781334 10.367937163926401 84.460552650998579 73.540185873167559 38.498672536890808 189.03958450058235 60.165611224369059 511.16533739171666 64.858469402395713 453.41141096090297 10.237295537590397 19.38250732394954 314.07012816108727
leaf_count=33563 487 6948 50 17655 864 1041 790768 856 2852 7121 2028 1445 601 11763 29336 310560 4778 1221 2092 111787 25571 6530 34423 5610 55652 159072 55305 720 3141 21179
internal_value=-1.10378e-05 0.0175479 0.0236668 0.0224368 0.035176 -0.0375693 -0.000459735 -0.0031387 -0.00670277 -0.0328185 -0.060145 -0.00380836 0.010337 0.0304666 0.0152954 -0.00818202 0.0077486 0.0034127 0.0123786 -0.000468808 -0.00235857 0.0352295 0.026173 -0.00369808 0.00721705 0.00932061 -0.0155325 0.116636 0.104495 -0.00361677
internal_weight=4578.47 114.082 109.101 108.864 89.7994 19.0642 4464.39 2638.83 2086.89 208.214 124.41 1878.68 551.942 225.967 349.983 1528.7 83.8043 1825.56 714.911 457.622 1110.65 257.289 227.538 1098.28 571.331 373.161 526.952 12.3633 29.7504 325.976
internal_count=1705019 27045 26558 26508 7812 18696 1677974 1183287 1148888 16779 9149 1132109 34399 12364 30781 1101328 7630 494687 350608 304422 144079 46186 40953 142138 61262 192635 80876 1941 5233 22035
is_linear=0
shrinkage=0.08


Tree=109
num_leaves=31
num_cat=0
split_feature=7 10 1 14 9 1 1 10 8 14 10 14 10 15 8 9 10 4 9 6 14 10 15 6 2 4 6 6 6 5
split_gain=5.38185 8.27119 11.7548 10.9913 9.35079 8.79908 8.51162 7.58399 8.11723 16.3991 11.629 12.7521 19.5384 11.1284 10.6979 9.03558 9.55913 8.83475 7.04764 6.93597 6.78604 5.66383 4.86105 23.1455 6.66593 9.31397 8.68414 6.51801 7.65956 4.64573
threshold=0.9656854271888734 0.68585526943206798 0.14389234036207202 0.23553323745727542 0.7577352523803712 0.65345367789268505 0.76569479703903209 0.79057019948959362 0.90461024641990673 0.12337223067879678 0.47338935732841497 0.19163509458303454 0.18019481003284457 0.70271718502044689 0.83745279908180248 0.45622551441192633 0.53589746356010448 0.84523808956146251 0.59781962633132946 0.46225070953369146 0.11677489057183267 0.69397994875907909 0.33745740354061132 0.3303030282258988 0.33520600199699407 0.13392857462167743 0.48435972630977636 0.14160401374101642 0.13100686669349673 0.065395578742027297
decision_type=2 2 2 2 2 2 2 2 2 2 2 2 2 2 2 2 2 2 2 2 2 2 2 2 2 2 2 2 2 2
left_child=7 22 21 4 6 -5 -4 8 10 15 11 12 -1 -11 -13 -10 -17 18 -12 -6 -19 -3 23 27 -24 26 -26 28 -2 -27
right_child=1 2 3 5 19 -7 -8 -9 9 13 17 14 -14 -15 -16 16 -18 20 -20 -21 -22 -23 24 -25 25 29 -28 -29 -30 -31
leaf_value=-0.054025843980944732 0.018037888080932464 -0.2008054391494315 0.074836027076020259 -0.10920212945393393 -0.016364270089095662 0.083557051793766185 -0.023301178096045989 0.070116703909683137 -0.3115815335660938 -0.018278819013406434 0.039887857711500309 -0.00020335331442671123 -0.0073715692329958228 0.074788245995950936 0.069434188820200832 0.011110603843821881 -0.04193705134889867 0.069025326040556223 0.0038828402209614894 0.022727049839303418 0.014724869042779892 0.057052808358685071 0.099500247305998948 -0.11342591259021141 -0.068434915567812241 0.5332102392531346 0.11606594374687833 0.074726383804275098 -0.19887979438868164 0.049446744882146038
leaf_weight=66.938444603454627 18.114760741242211 0.55687530932482587 17.975490719487428 10.004641882376744 127.57702482712921 1.7862022476037953 8.2531592157320102 9.635779120057121 0.73428088932996516 15.366173281334339 38.804568942869082 3147.9958080372435 405.27477729768725 17.688372855191119 14.182213287713237 27.963876476133009 97.684195761568844 28.445196508400841 336.60014440098894 37.612984865030739 30.547945479134796 25.925262663746253 11.314599524019284 8.0504029627190885 8.7648619787651096 0.1275242418050756 2.0064799489919087 15.962899933801962 1.1053972101071838 34.026982871000655
leaf_count=738488 462 26 1761 160 30598 1156 4849 1167 29 270 1639 840768 28101 5099 765 1335 6374 6931 12772 3379 10559 3234 85 67 318 1 69 208 33 4316
internal_value=-1.05698e-05 0.00984327 0.00149784 -0.00503542 -0.000417758 -0.0800009 0.043956 -0.000775942 -0.000937501 -0.0186448 -0.000243633 -0.00172225 -0.013985 0.0315239 0.000108968 -0.0317661 -0.0301309 0.0121272 0.00760458 -0.00746336 0.0409074 0.0516305 0.0291134 0.00894299 0.0446189 0.030797 -0.0340662 0.0369428 0.00556243 0.051253
internal_weight=4567.03 329.166 229.692 203.21 191.419 11.7908 26.2286 4237.86 4228.23 159.437 4068.79 3634.39 472.213 33.0545 3162.18 126.382 125.648 434.398 375.405 165.19 58.9931 26.4821 99.4739 43.2335 56.2404 44.9258 10.7713 35.1831 19.2202 34.1545
internal_count=1705019 50722 45163 41903 40587 1316 6610 1654297 1653130 13107 1640023 1608122 766589 5369 841533 7738 7709 31901 14411 33977 17490 3260 5559 770 4789 4704 387 703 495 4317
is_linear=0
shrinkage=0.08


Tree=110
num_leaves=31
num_cat=0
split_feature=11 1 6 2 6 14 16 2 6 4 2 14 6 6 14 8 11 4 11 11 1 14 4 15 14 9 14 15 9 6
split_gain=5.29703 20.4988 9.61776 6.98748 24.8352 7.90913 7.67888 7.30712 15.9563 23.5077 17.2264 9.5504 11.563 9.33138 6.81887 31.3061 24.3631 46.6017 34.7476 8.70411 12.9258 7.41876 13.5724 8.19311 7.12036 6.8398 6.47288 4.36087 4.20312 4.17829
threshold=0.38750000298023229 0.89512962102890026 0.8535539209842683 0.096006143838167204 0.27823315560817724 0.11070261523127557 1.0000000180025095e-35 0.19433516263961795 0.46225070953369146 0.13392857462167743 0.48050633072853094 0.42008402943611151 0.18257576227188113 0.03637566231191159 0.38115416467189794 0.43874259293079382 1.0000000180025095e-35 1.0000000180025095e-35 0.23611111193895343 0.17424242943525317 0.90054944157600414 0.77823317050933849 0.81666666269302379 0.90642601251602184 0.73760247230529796 0.51321610808372509 0.02870879136025906 0.72745248675346386 0.31605799496173864 0.027402402833104137
decision_type=2 2 2 2 2 2 2 2 2 2 2 2 2 2 2 2 2 2 2 2 2 2 2 2 2 2 2 2 2 2
left_child=2 3 14 4 5 -2 -6 11 9 -9 -10 12 -5 -13 15 25 17 -17 -18 21 24 22 -16 -23 -21 27 -27 -1 -22 -7
right_child=1 -3 -4 7 6 29 -8 8 10 -11 -12 13 -14 -15 19 16 18 -19 -20 20 28 23 -24 -25 -26 26 -28 -29 -30 -31
leaf_value=-0.074764917473490858 0.067963412541903634 0.060314808949419277 -0.14404758935125991 0.059994612547306647 -0.029421631565985935 -0.082671317817528692 -0.13329103738826353 -0.023433964056806728 0.008490199156502596 0.014744098518800588 0.072668624874667465 -0.053022217756267115 0.0092234753940034671 0.010036962485295184 -0.024725054529481358 0.089243145251396039 -0.10420695920051416 -0.00049747274804822752 -0.013641278888109128 0.017190503898832223 0.031295977537309734 0.0082217469720117405 0.021520452924207612 -0.0026050773870408125 -0.018893088664306883 0.69589019781831174 0.044611470171054698 0.29235411531519928 0.11637475399189631 -0.00096227947492695022
leaf_weight=49.472611885719971 10.627810583871904 41.360415433751768 3.0239647526450417 54.775474761932855 7.0036134408364896 4.349135619821026 13.02957965292444 257.46582235550159 144.00654032112652 172.2927812793514 32.877803747916914 17.182711623725481 60.327686257056484 119.24480170720199 178.13951974814154 39.173801752465806 30.17338653013212 678.0733028200118 267.31801659037228 186.82941898752688 5.8970032670404171 666.78357637461158 52.611427076741165 1359.1466498412192 43.067573639767943 0.10304397938489174 1.8713448753442206 0.20795089192688365 10.049412094682337 50.667643834036426
leaf_count=1023268 1045 46279 436 3941 391 81 710 59033 18699 32478 4710 222 5002 1750 207558 4807 8360 172196 18177 13416 129 60759 7644 8290 802 304 2873 3 543 1113
internal_value=-3.59279e-06 0.00518975 -0.00143602 0.00277412 -0.0190106 0.00478329 -0.0969782 0.00494905 0.000195644 -0.00812815 0.0204192 0.0164133 0.0333845 0.00209481 -0.00131518 -0.00667202 -0.00357941 0.00440388 -0.022827 0.00096751 0.015262 -0.000589735 -0.014181 0.000958297 0.0104308 -0.0674249 0.0786019 -0.0732282 0.0849125 -0.00742147
internal_weight=4557.15 985.212 3571.94 943.851 85.6778 65.6446 20.0332 858.174 606.643 429.759 176.884 251.531 115.103 136.428 3568.92 1066.39 1014.74 717.247 297.491 2502.52 245.843 2256.68 230.751 2025.93 229.897 51.655 1.97439 49.6806 15.9464 55.0168
internal_count=1705019 175454 1529565 129175 3340 2239 1101 125835 114920 91511 23409 10915 8943 1972 1529129 1229988 203540 177003 26537 299141 14890 284251 215202 69049 14218 1026448 3177 1023271 672 1194
is_linear=0
shrinkage=0.08


Tree=111
num_leaves=31
num_cat=0
split_feature=16 4 2 0 4 1 5 11 8 2 5 8 7 2 5 5 15 1 1 10 10 9 14 14 15 4 4 7 10 5
split_gain=4.73205 8.02999 19.9338 16.7817 12.9549 13.2418 15.5358 12.2336 11.3664 17.3656 21.1037 10.0824 20.0856 15.9642 12.236 9.36865 13.3213 9.25216 15.3484 7.96153 7.06404 7.03125 6.68648 6.49957 6.44976 6.01612 12.4274 10.1086 9.25786 11.5292
threshold=1.0000000180025095e-35 0.61250001192092907 0.8841681480407716 0.97467949986457836 0.6904762089252473 0.82426470518112194 0.680425524711609 0.38750000298023229 0.74311000108718883 0.70647653937339794 0.556623935699463 0.67550018429756176 0.65733855962753307 0.58561220765113842 0.65571120381355297 0.43951219320297247 0.90642601251602184 0.80217391252517711 0.85880398750305187 0.25357143580913549 0.59545454382896434 0.65240275859832775 0.28902275860309606 0.42325016856193548 0.70271718502044689 0.43650794029235845 0.35416667163372045 0.99783548712730419 0.72318005561828624 0.70412456989288341
decision_type=2 2 2 2 2 2 2 2 2 2 2 2 2 2 2 2 2 2 2 2 2 2 2 2 2 2 2 2 2 2
left_child=1 2 11 8 5 20 -7 24 15 -10 -11 12 14 -14 -1 -3 -17 -4 21 22 -5 -19 -13 -21 -6 26 -2 28 -27 -30
right_child=25 3 17 4 7 6 -8 -9 9 10 -12 19 13 -15 -16 16 -18 18 -20 23 -22 -23 -24 -25 -26 27 -28 -29 29 -31
leaf_value=0.013482412362653101 -0.0056226252570934845 -0.055486190146633765 0.12005743371959195 0.0053447646136127944 0.049232279000545179 -0.1206009352466349 -0.023918972642557598 0.065906942254751591 0.076251821922481075 -0.21376024375770583 -0.051223187062922601 0.047154316246714657 -0.0013138835916758913 -0.035389992101285586 -0.06091392337773946 0.0095294893977098481 -0.036681858213115287 -0.051495574680557356 0.047068089244647088 0.011103426987608979 -0.098831736252653152 -0.28999726262456821 0.19341833622523619 0.10774232810028141 0.0053510199436488486 0.0013134372169682903 -0.060922145882648999 0.056984010638920453 -0.077778679172591167 0.028791564402244462
leaf_weight=423.70473063945997 1016.4534355425125 28.948491929560987 9.7675339441192701 125.59874231864524 22.458202245765278 12.77244600486665 63.624396487313788 23.937259557569632 5.2179090447025365 6.2231462323106816 28.646099914913066 19.884557291399691 231.83985582808964 141.80855681776302 14.637518024490417 115.88748607058369 60.905768182739848 3.2208191561658159 58.230939690391857 343.14284423139179 4.3086595601635045 1.0486704783688763 2.2240693963831282 4.5126859590527593 471.47196191485273 1228.3310871823157 26.69166683760875 20.420661812036997 20.345459957112329 9.5449235805717745
leaf_count=195669 1182923 5475 905 5963 14243 655 3725 23674 355 282 2553 214 3029 1697 1341 10234 661 167 5473 14555 1276 69 27 102 9045 152151 41438 23934 1069 2115
internal_value=-2.84052e-06 0.00263441 0.00686217 -0.00283128 0.00329952 -0.0136533 -0.0400828 0.0100531 -0.0208916 -0.0598628 -0.0802313 0.00436792 -0.00061858 -0.0142466 0.0109981 -0.0132984 -0.00639045 0.0476493 0.0363333 0.0153181 0.00188953 -0.110076 0.0618681 0.0123578 0.00734623 -0.00252904 -0.00703761 0.00114915 0.000242967 -0.0437475
internal_weight=4545.81 2224.02 1254.02 970.001 724.172 206.304 76.3968 517.867 245.829 40.0872 34.8692 1181.75 811.991 373.648 438.342 205.742 176.793 72.268 62.5004 369.764 129.907 4.26949 22.1086 347.656 493.93 2321.79 1043.15 1278.64 1258.22 29.8904
internal_count=1705019 301389 223248 78141 58581 11619 4380 46962 19560 3190 2835 216634 201736 4726 197010 16370 10895 6614 5709 14898 7239 236 241 14657 23288 1403630 1224361 179269 155335 3184
is_linear=0
shrinkage=0.08


Tree=112
num_leaves=31
num_cat=0
split_feature=10 14 9 1 10 8 7 0 1 9 7 10 14 7 6 10 9 15 4 6 6 0 9 14 6 6 0 0 15 11
split_gain=4.81395 31.9569 15.5416 14.4553 12.2358 11.9707 19.0651 30.6672 11.0443 10.3598 10.5023 15.8088 19.8743 10.4708 10.4537 9.38511 16.1006 9.19464 8.71661 8.5151 11.412 8.14903 8.1482 7.45665 7.35372 7.09135 18.4118 6.79577 64.4529 6.64776
threshold=0.24568965286016467 0.28513357043266302 0.5855005979537965 0.97321215271949779 0.22401433438062671 0.53171876072883617 0.56425988674163829 0.097167581319808974 0.63211598992347728 0.611852526664734 0.68599441647529613 0.070197045803070082 0.77823317050933849 0.62087112665176403 0.40651482343673712 0.16904762387275699 0.37765239179134374 0.87134066224098217 0.61250001192092907 0.15184453129768374 0.042109929025173194 0.12732185423374179 0.42889758944511419 0.48089094460010534 1.0000000180025095e-35 0.48863048851490026 0.12732185423374179 0.36758151650428778 0.43138429522514349 0.95454546809196483
decision_type=2 2 2 2 2 2 2 2 2 2 2 2 2 2 2 2 2 2 2 2 2 2 2 2 2 2 2 2 2 2
left_child=1 2 24 5 -4 19 7 -7 -9 10 11 12 -3 -11 -15 16 -12 -5 -17 20 22 -21 -2 -22 27 -8 -27 28 -1 -23
right_child=3 9 4 17 -6 6 25 8 -10 13 15 -13 -14 14 -16 18 -18 -19 -20 21 23 29 -24 -25 -26 26 -28 -29 -30 -31
leaf_value=0.1122353111429857 -0.0649481018957523 -0.053628829998220252 0.019033170613150293 -0.004756029034294452 -0.096155592480541174 1.8084872081598844 -0.0026292713835010038 -0.08016759811543489 0.48320254805149215 0.27740289212693486 -0.012418542203864395 0.022012427790740419 0.0005771665173617879 0.0058908981144067882 0.17026058634842101 -0.0095307592622758328 -0.078252622168305294 0.075099822803832275 0.04669381882462776 -0.039586771069475064 0.11143373583381401 0.03165591043482064 0.033152616768222586 0.043740506332584798 -0.058727862029505862 -0.069013638120126203 0.018544664361506608 -0.018820888569078292 5.515826993164878 -0.021125059266765028
leaf_weight=1.1952622442762244 9.3413523035415 44.237878736708808 42.568731337942154 13.59661195045919 6.851861308066872 0.084633813705294325 1324.1324905610236 0.42491220062947832 0.46798510706867091 1.3693048853529024 76.531433783558896 219.18134878119599 2018.2547801489127 10.32842893648194 3.257266620930749 155.19399490897194 34.489238550711889 28.719417028230964 19.911303655651864 20.118021621019579 13.488772940123452 57.047612619906431 12.904176115407607 45.692515037488192 104.67306938865627 16.52664861024823 219.66725348378532 21.347813178405886 0.014296210094471351 20.855336334410822
leaf_count=1729 205 367327 4963 1519 453 6 75706 383 36 82 1119 87959 69045 285 53 2153 658 34725 753 225 827 2374 478 774 990706 296 7429 51523 27 1201
internal_value=2.14617e-06 -0.00209134 -0.0350104 0.00324195 0.00306296 0.00211889 -0.000130203 0.353059 0.215106 0.000160205 -0.000226461 0.00158531 -0.000585484 0.0665515 0.0452997 -0.0146742 -0.0328703 0.0494412 -0.00313744 0.0216873 0.0408075 0.00580403 -0.00804188 0.0591693 -0.0497994 -0.000351473 0.0124182 -0.00836883 0.176102 0.017526
internal_weight=4542.47 2759.41 176.651 1783.07 49.4206 1740.75 1561.3 0.977531 0.892897 2582.75 2567.8 2281.67 2062.49 14.955 13.5857 286.126 111.021 42.316 175.105 179.448 81.4268 98.021 22.2455 59.1813 127.23 1560.33 236.194 22.5574 1.20956 77.9029
internal_count=1705019 1578835 1049401 126184 5416 89940 83856 425 419 529434 529014 524331 436372 420 338 4683 1777 36244 2906 6084 2284 3800 683 1601 1043985 83431 7725 53279 1756 3575
is_linear=0
shrinkage=0.08


Tree=113
num_leaves=31
num_cat=0
split_feature=8 14 15 15 6 15 7 2 5 5 5 4 2 6 6 2 2 1 6 0 15 11 10 15 14 14 1 14 6 6
split_gain=4.64969 10.7372 5.49068 4.80713 4.36188 13.756 11.5653 9.14763 8.39798 6.42348 6.25688 6.22803 19.992 36.7154 33.7674 61.1702 39.7585 17.6065 24.4748 24.1663 14.4267 14.6199 12.7439 12.6647 11.469 6.21932 5.85033 4.324 12.6113 6.1922
threshold=0.96884703636169445 0.022857889533042911 0.99891540408134472 0.28849306702613836 0.6776927411556245 0.21062359958887103 0.5966327190399171 0.31851120293140417 0.30330087244510656 1.0000000180025095e-35 0.22016949206590655 0.31666667759418493 0.19433516263961795 0.33589744567871099 0.3303030282258988 0.60397014021873485 0.80717849731445324 0.42163743078708654 0.38935969769954687 0.36758151650428778 0.50842666625976574 0.88194444775581371 0.51190477609634411 0.37618409097194677 0.95833334326744091 0.71021264791488659 0.46841755509376531 0.015268065501004459 0.53614982962608349 0.2336879447102547
decision_type=2 2 2 2 2 2 2 2 2 2 2 2 2 2 2 2 2 2 2 2 2 2 2 2 2 2 2 2 2 2
left_child=4 2 3 -2 11 -6 8 9 26 -8 -9 12 13 22 16 -16 -14 18 24 -20 25 -22 -1 -15 -13 -19 -7 29 -29 -5
right_child=1 -3 -4 27 5 6 7 10 -10 -11 -12 17 14 23 15 -17 -18 20 19 -21 21 -23 -24 -25 -26 -27 -28 28 -30 -31
leaf_value=0.010069683150162951 0.049957606285781005 0.059376170058661117 0.080062063215047136 -0.031012208364121642 -0.078181766719351828 -0.05853259204981294 0.032722140417389182 0.10137567502384885 0.34780931253913627 -0.045947394802960798 -0.055067387607018764 0.099385102186976867 -0.037486748494346619 -0.060746442092086003 -0.010903651152932667 0.08107483976336427 0.042509918795775106 -0.075008204978711468 1.8615232395511867 -0.083507014181311276 0.00035151114596097859 0.041748905205381784 0.051893759724468198 0.076580877854716817 0.30101559522837518 -0.0024055477914284073 0.096183463869880081 -0.042704908785550326 -0.52071429385343426 0.014614616171176806
leaf_weight=366.14707576396142 10.208922651770989 27.420945853169542 5.5517644731298779 32.244919639866566 9.0980750379530928 15.138114820025299 50.390558136496111 17.106189009115045 0.36025004726252419 7.6511786002811268 1.8092015580041323 13.029989254631802 373.18420610504472 57.516045662978286 253.5898754699956 56.60421055218103 44.503510669912771 22.96188801169319 0.041188137507559897 5.510020373369116 2987.5607543624656 55.614702121441951 53.429869559127837 4.6450518585261298 2.0958999318245324 11.251348420963039 1.7444392611578212 3.6641638936125664 0.390924991108477 46.471934309985954
leaf_count=8725 1419 5196 13079 4908 1051 22671 720 412 48 155 46 24020 566477 4863 317126 30538 6859 319069 253 19144 302884 42510 4095 129 1170 4517 977 200 6 1752
internal_value=-5.67781e-05 0.0150992 0.0027772 -0.00183738 -0.000489549 0.015756 0.0248288 0.0380973 -0.0343905 0.0223518 0.0864124 -0.000879117 -0.00574727 0.0068948 -0.0141142 0.00588058 -0.0289633 0.00102162 0.0745962 -0.0690755 0.000527271 0.00110806 0.0153957 -0.0504845 0.127324 -0.0511321 -0.0425461 -0.00822567 -0.0887867 -0.00407558
internal_weight=4536.94 125.954 98.5326 92.9809 4410.98 103.298 94.1999 76.9571 17.2428 58.0417 18.9154 4307.69 1209.62 481.738 727.882 310.194 417.688 3098.07 20.6771 5.55121 3077.39 3043.18 419.577 62.1611 15.1259 34.2132 16.8826 82.7719 4.05509 78.7169
internal_count=1705019 26560 21364 8285 1678459 26080 25029 1333 23696 875 458 1652379 938812 17812 921000 347664 573336 713567 44587 19397 668980 345394 12820 4992 25190 323586 23648 6866 206 6660
is_linear=0
shrinkage=0.08


Tree=114
num_leaves=31
num_cat=0
split_feature=16 4 0 4 1 10 1 10 8 8 7 11 11 14 8 7 7 5 5 4 6 9 15 4 4 7 7 9 9 0
split_gain=4.06349 7.18877 14.0075 13.3135 15.1327 13.728 13.0183 11.4268 10.8582 11.2609 13.6662 10.6199 9.02052 8.4258 8.19466 18.8627 12.7625 9.31335 8.06885 7.59249 11.137 7.80725 6.89434 4.95552 10.9239 8.68958 8.09578 19.8642 10.7751 8.76402
threshold=1.0000000180025095e-35 0.61250001192092907 0.94360822439193737 0.6904762089252473 0.88396573066711437 0.17519181966781619 0.9299050271511079 0.57518798112869274 0.57329085469245922 0.35811682045459753 0.52245527505874645 0.38750000298023229 0.63333335518836986 0.013245614245533945 0.67550018429756176 0.65733855962753307 0.88949939608573925 0.65571120381355297 0.43951219320297247 0.31666667759418493 0.26598639786243444 0.5085725486278535 0.70271718502044689 0.43650794029235845 0.35416667163372045 0.99783548712730419 0.6079215705394746 0.30163164436817175 0.29364213347435003 0.15535445511341098
decision_type=2 2 2 2 2 2 2 2 2 2 2 2 2 2 2 2 2 2 2 2 2 2 2 2 2 2 2 2 2 2
left_child=1 6 8 4 7 -6 14 -4 9 18 -11 22 13 -10 15 17 -17 -1 -3 21 -21 -16 -5 24 26 -25 27 -2 -28 -29
right_child=23 2 3 11 5 -7 -8 -9 12 10 -12 -13 -14 -15 19 16 -18 -19 -20 20 -22 -23 -24 25 -26 -27 28 29 -30 -31
leaf_value=0.014385200440238262 -0.0045280306428162539 -0.063425368492909848 0.0014182866820332154 0.049779689056309299 -0.073803096268963198 0.045520676884985872 0.064513536527639082 -0.10220398761137479 0.10409081889169641 0.22068124329915328 0.020126197164239336 0.063636018751823203 0.080292140672020396 -0.062539965849115281 0.080808204519249804 -0.018807897265745426 0.022519503652927608 -0.032168493085006619 -0.010558687223618078 0.042574871282096062 -0.015179254952807317 0.0040094499690588401 0.0050345868675075204 0.00012439525561245819 -0.05808746711825695 0.054932595548448912 0.060553570774022347 -0.0013930896909290493 -0.0022656378846073132 -0.068814844114032145
leaf_weight=443.98165657098451 214.30048459982021 21.726071736877202 159.41998548184711 23.108634440437527 38.754140016701058 7.3392686497536479 24.203125484034217 7.11478883458767 2.0135368409100911 2.3882451716799578 24.297585737134796 22.216145972211962 3.2558662328228811 54.773334854427958 8.7884278193232586 316.3571380773792 56.340267971390858 29.319032859585661 123.54599094297555 103.73185812868178 26.913054950797232 235.05587800632929 475.89555292320438 1257.0633550397802 25.640968296544088 18.790202715812484 17.919485235237516 15.959436618635655 704.47112419989935 54.394137698331242
leaf_count=196043 195243 2829 7633 14408 1961 820 3413 1596 43 6730 687 23896 2329 1005 288 3946 1019 1886 5052 6284 3108 7261 9152 155335 41438 23934 176 5776 29343 952385
internal_value=-5.56162e-05 0.0023959 -0.00278308 0.0026339 -0.0142368 -0.0548037 0.00641466 -0.00300872 -0.0199177 -0.00969079 0.0380748 0.00951618 -0.0492068 -0.0566316 0.00526251 0.000901135 -0.0125605 0.0115014 -0.0184651 0.0151152 0.0306774 0.00677736 0.00710671 -0.00240306 -0.00652292 0.000931586 -0.00521 -0.0166367 -0.000707356 -0.0535205
internal_weight=4519.08 2210.54 965.849 733.849 212.628 46.0934 1244.69 166.535 232.001 171.958 26.6858 521.22 60.0427 56.7869 1220.49 845.998 372.697 473.301 145.272 374.489 130.645 243.844 499.004 2308.54 1032.69 1275.85 1007.04 284.654 722.391 70.3536
internal_count=1705019 301389 78141 59466 12010 2781 223248 9229 18675 15298 7417 47456 3377 1048 219835 202894 4965 197929 7881 16941 9392 7549 23560 1403630 1224361 179269 1182923 1153404 29519 958161
is_linear=0
shrinkage=0.08


Tree=115
num_leaves=31
num_cat=0
split_feature=1 15 11 6 2 7 4 6 6 4 2 4 1 4 2 1 1 6 1 7 7 9 6 10 11 6 7 4 7 7
split_gain=4.07233 24.9194 21.3896 18.4117 22.0712 12.348 12.0625 11.0358 10.3337 31.4423 39.957 36.3262 34.4226 26.0774 30.4215 25.1966 16.8366 15.5979 14.7724 13.3623 9.0655 13.7845 16.215 8.86563 8.50807 9.06637 8.49242 7.76635 6.70654 5.85658
threshold=0.27334994077682501 0.44714953005313879 1.0000000180025095e-35 0.36451049149036413 0.096006143838167204 0.68599441647529613 0.11805555596947671 0.52803984284400951 0.39504285156726843 0.31666667759418493 0.77003204822540294 0.15476191043853763 0.45748709142208105 1.0000000180025095e-35 0.51087471842765819 0.56773442029953014 0.7099788784980775 0.62605932354927074 0.60097089409828197 0.31231936812400823 0.57207792997360241 0.9266914725303651 0.24764151126146319 0.13423423469066623 0.17424242943525317 0.03637566231191159 0.57207792997360241 0.84523808956146251 0.86166355013847362 0.81872946023941051
decision_type=2 2 2 2 2 2 2 2 2 2 2 2 2 2 2 2 2 2 2 2 2 2 2 2 2 2 2 2 2 2
left_child=2 20 -1 6 29 -6 24 -7 9 10 16 -12 19 14 17 27 -3 -10 -14 -11 -2 22 -22 -24 28 -26 -16 -15 -4 -5
right_child=1 8 3 4 5 7 -8 -9 13 12 11 -13 18 15 26 -17 -18 -19 -20 -21 21 -23 23 -25 25 -27 -28 -29 -30 -31
leaf_value=0.086037523982942357 -0.06548484572074921 -0.040129612906026457 -0.10432567349829203 -0.038993987802486078 -0.061644363365586825 -0.031496841774186331 0.12420998984425916 0.015253112310877334 -0.0075595214273423781 0.23328453948664782 0.086332956941485656 -0.031084678057978446 0.027559534202343427 -0.046244096591053836 0.30203301210212979 0.010216210588589909 0.017435606150998241 0.065739320489294664 -0.00075112125138494432 0.071960214605935616 -0.088172046582639399 -0.13877044763048327 0.21861553988234575 0.012879525310994351 -0.015787742043102806 0.016445213515726677 0.08674845733117105 0.042048227249305931 0.028850547642344185 -0.1243506012161234
leaf_weight=20.529229715327801 47.649149532873707 299.91768984953387 7.2309403390026983 8.1560921790915035 23.656190652489386 47.145586955244653 6.0157163606436361 102.74031301110517 65.601599675432226 4.0714419618884703 37.343635847577367 30.74722136132916 123.50581876863907 77.389204534520104 1.2033219295662991 317.93533152121927 36.471435660059797 25.922261740419344 2626.5324016480758 17.032246599919745 11.44492064930091 5.4384553667623541 1.3910517627191428 36.891893347288715 65.104148797279777 392.8485601238026 46.076952135103056 6.9485228250141509 3.6374283097684383 13.933039737865327
leaf_count=12084 582758 309008 775 1641 17037 461 227 1481 3294 1617 4565 10179 106462 157749 831 59730 15217 741 373303 18123 1244 49 166 1950 2363 19099 2128 573 21 143
internal_value=-5.09388e-05 -0.00107337 0.00560057 0.00313765 -0.0175162 -0.00792948 0.011647 0.000548233 1.3784e-06 -0.00173985 -0.0225758 0.0333117 0.0013014 0.0102208 0.0401194 -9.5772e-05 -0.0338884 0.0132009 0.000520327 0.103084 -0.0399245 -0.0178472 -0.00462249 0.0203552 0.0102026 0.0118629 0.0922276 -0.0389698 -0.0597542 -0.0928339
internal_weight=4510.51 3819.51 690.997 670.468 195.631 173.542 474.837 149.886 3716.7 3175.62 404.48 68.0909 2771.14 541.077 138.804 402.273 336.389 91.5239 2750.04 21.1037 102.815 55.1663 49.7279 38.2829 468.821 457.953 47.2803 84.3377 10.8684 22.0891
internal_count=1705019 1649687 55332 43248 20763 18979 22485 1942 1063520 838474 338969 14744 499505 225046 6994 218052 324225 4035 479765 19740 586167 3409 3360 2116 22258 21462 2959 158322 796 1784
is_linear=0
shrinkage=0.08


Tree=116
num_leaves=31
num_cat=0
split_feature=8 14 15 6 2 0 2 1 4 6 10 1 2 4 4 0 1 8 6 4 0 8 14 10 2 9 15 2 9 1
split_gain=4.16519 9.54919 4.93748 4.21637 13.1067 27.7675 22.8778 22.6453 16.9077 15.1627 14.2907 14.0457 31.1996 23.358 10.8888 15.8656 11.6726 11.2288 10.8385 10.1046 14.8137 12.1373 10.037 26.1489 9.65638 9.55129 9.16425 7.6115 7.37566 7.17356
threshold=0.96884703636169445 0.022857889533042911 0.99891540408134472 0.12613636255264285 0.73942822217941295 0.74023336172103893 0.61620295047760021 0.73746865987777721 0.13392857462167743 0.12158167362213136 0.061553031206130988 0.73986300826072704 0.88067796826362621 0.38750000298023229 0.84523808956146251 0.80229884386062633 0.87226107716560375 0.3288280069828034 0.16172623634338382 0.61250001192092907 0.99532711505889904 0.67550018429756176 0.34894689917564398 0.18019481003284457 0.84660634398460399 0.3257120549678803 0.70271718502044689 0.79431909322738659 0.20459830760955813 0.63453349471092235
decision_type=2 2 2 2 2 2 2 2 2 2 2 2 2 2 2 2 2 2 2 2 2 2 2 2 2 2 2 2 2 2
left_child=3 2 -2 4 5 6 8 9 -1 -7 -9 12 13 -6 16 26 22 25 -19 21 -21 -13 23 -5 -24 -17 -16 -18 -29 -8
right_child=1 -3 -4 14 11 7 29 10 -10 -11 -12 19 -14 -15 15 17 27 18 -20 20 -22 -23 24 -25 -26 -27 -28 28 -30 -31
leaf_value=-0.0018550085034025367 -0.0012263192912513048 0.057590509130724173 0.080059211785897033 -0.069738895238549148 -0.10810130613238819 0.0648951188175734 -0.071104778681192415 -0.011713994697318469 0.041217229755922034 -0.099517680741338543 0.039664072898582224 0.0031289716192951364 0.086169809172199907 -0.014119804159118518 -0.13590926295887917 -0.00065917141126646474 -0.092910157256919576 -0.019709150787155783 0.032168815653703033 -0.024505356844289245 0.0018682359451696782 0.040065174850764287 -0.0003800565097774359 -0.007067920436248684 0.03693617706344951 -0.21957502791007122 0.17361041516385123 -0.0098810262321332373 -0.055291857776523373 -0.017811861788301752
leaf_weight=295.38042291651823 92.592462985456223 25.926771992395516 5.0430254795064675 45.171606437615765 30.327126333600972 107.20684653383069 32.924578755106268 78.266798275406472 72.678482764486034 3.7142949874578326 62.169775155256502 300.25602107808697 11.606650785804957 38.299489012553749 0.69368305194075119 437.9958619707686 10.976816896793109 31.494645580129145 141.90150149871806 199.92336356484418 428.32655208164579 70.260649925097823 1024.7819010831627 751.03418150740617 46.390216767085803 1.2792465981783596 5.2124904210213572 78.769520729227224 32.268160589975793 31.756550391904966
leaf_count=33339 8285 5196 13079 848560 16625 26768 44667 10527 192493 1273 6248 38267 1100 9524 797 5916 942 5867 25654 14954 43819 8709 261303 38632 1489 1673 117 385 6145 32666
internal_value=-5.21263e-05 0.0144326 0.00297221 -0.000461585 0.0025603 0.0112229 -0.00106083 0.0323708 0.00665022 0.0593896 0.0110305 -0.0029319 -0.0351356 -0.0556516 -0.00250451 0.00676573 -0.00538698 0.00550779 0.022746 -0.000344906 -0.00652444 0.0101331 -0.00382058 -0.0106235 0.00123603 -0.00129669 0.137257 -0.02936 -0.0230777 -0.0449395
internal_weight=4494.63 123.562 97.6355 4371.07 1763.1 684.098 432.74 251.358 368.059 110.921 140.437 1079 80.2333 68.6266 2607.97 618.577 1989.39 612.671 173.396 998.767 628.25 370.517 1867.38 796.206 1071.17 439.275 5.90617 122.014 111.038 64.6811
internal_count=1705019 26560 21364 1678459 480979 347981 303165 44816 225832 28041 16775 132998 27249 26149 1197480 40024 1157456 39110 31521 105749 58773 46976 1149984 887192 262792 7589 914 7472 6530 77333
is_linear=0
shrinkage=0.08


Tree=117
num_leaves=31
num_cat=0
split_feature=2 11 15 7 5 5 11 14 10 11 5 4 10 9 1 2 7 14 8 9 15 5 5 5 1 0 4 1 11 1
split_gain=3.83366 15.4145 12.0705 20.3444 39.7219 15.0833 19.2598 12.7182 18.4342 10.8196 9.73953 8.22069 7.83785 9.82049 12.9235 7.59475 8.8851 6.94787 6.25432 7.69633 5.89292 39.7717 24.1066 17.635 48.6695 11.8224 11.5113 16.6153 11.7457 10.3119
threshold=0.22401433438062671 1.0000000180025095e-35 0.55413150787353527 0.56425988674163829 0.071946170181036009 1.0000000180025095e-35 1.0000000180025095e-35 0.52879089117050182 0.24568965286016467 0.17424242943525317 0.027402402833104137 0.15476191043853763 0.087595909833908095 0.30023474991321569 0.14389234036207202 0.096006143838167204 0.32022099196910864 0.73760247230529796 0.91905540227890026 0.91813588142395031 0.6671043634414674 0.25962962210178381 0.11647287011146547 0.26120401918888098 0.58759590983390819 0.63211598992347728 0.31666667759418493 0.63686314225196849 0.88194444775581371 0.36461389064788824
decision_type=2 2 2 2 2 2 2 2 2 2 2 2 2 2 2 2 2 2 2 2 2 2 2 2 2 2 2 2 2 2
left_child=1 11 3 7 5 6 -5 -2 -9 -3 -7 12 13 -1 -15 18 -17 -18 19 -11 21 29 -22 24 -23 -25 27 -24 -28 -4
right_child=2 9 20 4 -6 10 -8 8 -10 15 -12 -13 -14 14 -16 16 17 -19 -20 -21 22 23 26 25 -26 -27 28 -29 -30 -31
leaf_value=0.14657512246480517 -0.068840420155423188 -0.067893247248980229 0.04619429622402528 0.13964900809972539 0.079335991190846833 -0.10222626766850872 -0.0087704699801893979 -0.015682696647770385 1.5235219092158037 -0.013494691080532251 -0.025725291676962025 -0.083989249451483769 0.093340763591966469 0.23031088867254826 1.0621093447336398 0.445176772827583 0.014163061099200127 -0.020637597610668461 0.068589529633615157 -0.29290138226327694 0.08974261068807475 -0.085955476318760923 -0.039084965540236036 0.095349758202858195 1.2096416368419194 0.032102480499706515 -0.00015992057355867958 0.0025302881294307308 0.037091972027060299 -0.021431531347009036
leaf_weight=0.97512819323765032 58.682006909018128 13.027434549703683 16.284756053596396 5.7460733208572483 33.205016569359941 17.598786226270022 213.7591236903354 50.777466709905639 0.049846964771858349 122.99563810187465 26.978066792802565 1.4134182737761865 8.8277476683724654 0.27951272326754406 0.20887599938032508 0.30157798052823537 378.70106607685921 40.657996446534526 6.0179227091139174 0.63419596315361459 18.913269809454505 0.46228249588966619 118.25383340433109 26.515946196856021 0.31000494366708153 65.982897029779593 2949.0869509475087 127.71897918291506 55.184227777164779 126.76460952516027
leaf_count=23 1259413 1089 3715 125 4113 1153 7250 77342 5 4307 1890 802 1335 46 93 33 20105 329 712 39 457 449 8294 3219 353 114918 68699 8208 61931 54572
internal_value=-4.99605e-05 0.00605517 -0.000945755 -0.0139901 -0.00313185 -0.0135012 -0.00488524 -0.0434673 -0.0141732 0.00416386 -0.0559276 0.0969211 0.121768 0.293234 0.586058 0.00587277 0.0111012 0.010789 -0.0110513 -0.014928 0.000567992 0.0127677 -0.000313898 0.0534116 0.434112 0.0502331 -0.00083794 -0.0174767 0.000524344 -0.013733
internal_weight=4486.31 574.041 3912.27 406.796 297.287 264.082 219.505 109.509 50.8273 562.336 44.5769 11.7047 10.2913 1.46352 0.488389 549.308 419.661 419.359 129.648 123.63 3505.48 236.32 3269.16 93.2711 0.772287 92.4988 3250.24 245.973 3004.27 143.049
internal_count=1705019 28913 1676106 1351291 14531 10418 7375 1336760 77347 26614 3043 2299 1497 162 139 25525 20467 20434 5058 4346 324815 177226 147589 118939 802 118137 147132 16502 130630 58287
is_linear=0
shrinkage=0.08


Tree=118
num_leaves=31
num_cat=0
split_feature=8 14 15 0 10 9 14 10 11 2 14 8 8 2 10 6 6 15 15 9 14 8 15 6 7 5 15 7 9 15
split_gain=3.42977 8.69444 4.44512 3.92454 5.28463 5.22935 3.76298 17.0625 8.90152 10.382 11.3113 10.043 8.85401 16.4755 8.23622 7.80237 11.2001 8.59178 8.13182 6.53701 5.34958 11.4117 5.31345 5.31047 8.79337 8.01932 7.64821 7.01805 16.1415 10.443
threshold=0.96884703636169445 0.022857889533042911 0.99891540408134472 0.33549784123897558 0.68990385532379161 0.9266914725303651 0.18933144211769107 0.18019481003284457 0.43650794029235845 0.74239632487297069 0.034632682800292976 0.5971893072128297 0.83745279908180248 0.48528139293193823 0.65942031145095836 1.0000000180025095e-35 0.027402402833104137 0.90642601251602184 0.90642601251602184 0.7577352523803712 0.19913793355226519 0.85014972090721141 0.52885574102401745 0.71547618508338939 0.6079215705394746 0.31072796881198889 0.28849306702613836 0.71746492385864269 0.59781962633132946 0.90642601251602184
decision_type=2 2 2 2 2 2 2 2 2 2 2 2 2 2 2 2 2 2 2 2 2 2 2 2 2 2 2 2 2 2
left_child=6 2 3 5 -5 -2 7 8 11 -10 -11 -1 23 14 -14 18 19 -18 -9 -17 21 -15 -16 27 25 -25 -26 28 -8 -29
right_child=1 -3 -4 4 -6 -7 12 15 9 10 -12 -13 13 20 22 16 17 -19 -20 -21 -22 -23 -24 24 26 -27 -28 29 -30 -31
leaf_value=-0.07887341090088977 0.069064208874209151 0.05571749526098696 0.080053604504319711 0.047130340589470687 -0.025844706843727926 0.0011783516060657265 0.001131657892309898 0.0052949417559118766 -0.05184764339027096 0.54597017180851537 0.076109468499265476 0.025511378275144311 0.046398659492065633 -0.36411411427987944 -0.025443760491993622 -0.17724715020882009 0.0009312096240877768 -0.017424327451680609 0.059427073848047796 -0.010982030155727598 0.068638188867471306 0.022060277417903056 -0.12318334499215544 -0.045198709783322764 -0.013298067268458946 0.64669695184743248 0.073736915252935104 -0.0095639019088341187 0.05123050172370161 0.022976567414959598
leaf_weight=38.407186561469643 9.6051462730392796 24.562356993221329 4.4999449533352154 7.3841124098689752 45.395976835425245 29.772379872971214 2399.415116447457 63.278733271770761 5.3468304820780741 0.35845823484123673 3.8478668673415086 6.9692955209320635 8.373335569311168 0.52738977114495256 15.343863020185383 3.7837318473320911 641.54971189333446 218.88538402659469 24.690563354684855 2.5222580504778307 39.663505501055624 6.859412005826016 4.6350212445104253 9.7077926193014683 9.0190722076222318 0.1084075160033543 22.789404457056662 717.03324662696104 41.877790460919641 69.210865992979961
leaf_count=697423 641 5196 13079 153 6153 1338 821704 4277 34656 43 228 1150 119 39 288 119 35531 20795 19560 201 7269 1234 68 7306 92 2 252 13572 2077 10454
internal_value=-5.73491e-05 0.0132158 0.00241534 -0.00137564 -0.0156353 0.0177374 -0.000426869 -0.00470731 -0.0480645 0.0221232 0.11615 -0.0628411 0.000865288 0.0279682 -0.0202048 -0.00221274 -0.00451677 -0.00373824 0.0204883 -0.110745 0.0569969 -0.00551112 -0.048119 0.000240166 0.0286323 -0.0375576 0.0490588 -0.000126 0.00199105 -0.00669946
internal_weight=4475.42 121.22 96.6576 92.1576 52.7801 39.3775 4354.2 1009.64 54.9296 9.55316 4.20633 45.3765 3344.56 75.4025 28.3522 954.71 866.741 860.435 87.9693 6.30599 47.0503 7.3868 19.9789 3269.16 41.6247 9.8162 31.8085 3227.54 2441.29 786.244
internal_count=1705019 26560 21364 8285 6306 1979 1678459 813983 733500 34927 271 698573 864476 9017 475 80483 56646 56326 23837 320 8542 1273 356 855459 7652 7308 344 847807 823781 24026
is_linear=0
shrinkage=0.08


Tree=119
num_leaves=31
num_cat=0
split_feature=2 6 15 16 10 8 14 6 15 15 10 5 0 6 7 14 6 2 5 5 5 2 8 0 2 6 0 5 7 5
split_gain=3.5365 17.0021 23.9795 13.8581 11.8287 20.7201 21.1112 19.9687 13.7507 10.3026 18.5742 22.0243 21.6448 16.1993 14.0118 11.7462 9.91036 9.18193 18.3236 9.05851 8.92723 8.89472 7.95719 6.80948 5.93807 5.53048 13.9163 42.1271 28.7889 22.1829
threshold=0.22401433438062671 0.32305502891540533 0.25545510649681097 1.0000000180025095e-35 0.38675214350223547 0.53171876072883617 0.59331348538398754 0.072299651801586165 0.17913018912076953 0.55413150787353527 0.040833333507180221 0.071946170181036009 0.46841755509376531 0.20881782472133639 0.68599441647529613 0.77823317050933849 0.12613636255264285 0.35926246643066412 0.11814556270837785 0.10827092453837396 0.23845060169696811 0.14415584504604342 0.67550018429756176 0.25677657127380377 0.14415584504604342 0.39504285156726843 0.6900656819343568 0.2336879447102547 0.55891487002372753 0.34654632210731512
decision_type=2 2 2 2 2 2 2 2 2 2 2 2 2 2 2 2 2 2 2 2 2 2 2 2 2 2 2 2 2 2
left_child=1 4 3 21 5 6 8 22 -1 10 15 13 19 -12 -15 -2 -9 18 -17 -13 -14 -3 -7 -6 -8 -11 27 -27 -29 -28
right_child=9 2 -4 -5 23 7 24 16 -10 25 11 12 20 14 -16 17 -18 -19 -20 -21 -22 -23 -24 -25 -26 26 29 28 -30 -31
leaf_value=0.00074295846809773445 -0.0810871886699841 -0.037380565857948016 0.010311523609184888 -0.089217223176037364 0.038376763555776815 -0.06446920291697858 -0.00087650715848221206 0.044928117210807673 0.082823305849805115 -0.00075093691582742237 -0.052946801440875844 0.024893883446419105 -0.072601741379957313 -0.058210104075707036 0.0018328689783289696 0.063475071130768321 -0.021378527955447181 -0.02333726210324245 0.75174206361958285 0.11093906875894589 0.017175295325032307 0.074005796988269826 -0.19482800909338693 -0.13316274388386151 0.054885233391263534 -0.0072820137186034098 -0.032307678864608717 0.49397371951245544 0.10041499381044505 0.013296967064766912
leaf_weight=18.521566487798282 37.84057309761647 20.26142767678903 81.115583543369212 34.750942740196479 110.65440350581775 26.68161490234343 144.94326835189713 20.984599496059673 44.319075246121429 3046.7238313642179 60.103367814659578 12.268255924342155 10.406417767357196 28.629716608564195 189.63041502214037 1.8901231569179793 46.159989950234376 13.679399532964451 0.28486820816760872 21.646740520520325 22.234473912678368 5.9314611983791101 3.3759921384043983 1.5011276290751983 13.347849941907041 44.753994724303993 89.19724005306216 1.2451545582662245 26.641761654987931 290.84209473987084
leaf_count=1713 1010508 1373 7047 3827 6603 390 1428 300 4485 266645 32888 14152 138242 62044 2282 922 726 17452 194 8834 63773 803 39 13 166 11629 26692 775 1583 17491
internal_value=-5.08011e-05 0.00582018 -0.0181782 -0.0560976 0.0137395 0.00586822 0.0194001 -0.0249163 0.0586311 -0.000913143 -0.0130992 -0.00628558 0.0350568 -0.0161704 -0.00604312 -0.0568676 -0.00065581 0.000938755 0.15362 0.0798135 -0.011447 -0.0121568 -0.0791108 0.0360808 0.00382558 0.000474958 0.00872574 0.0408091 0.117987 0.00259332
internal_weight=4470.57 572.549 142.059 60.9438 430.489 318.334 221.132 97.2022 62.8406 3898.02 398.614 344.919 66.5559 278.363 218.26 53.695 67.1446 15.8544 2.17499 33.915 32.6409 26.1929 30.0576 112.156 158.291 3499.4 452.68 72.6409 27.8869 380.039
internal_count=1705019 28913 13050 6003 15863 9247 7792 1455 6198 1676106 1351291 322215 225001 97214 64326 1029076 1026 18568 1116 22986 202015 2176 429 6616 1594 324815 58170 13987 2358 44183
is_linear=0
shrinkage=0.08


Tree=120
num_leaves=31
num_cat=0
split_feature=6 2 7 2 2 5 2 7 4 2 6 15 7 5 14 2 8 2 7 14 1 9 15 6 15 5 1 15 5 7
split_gain=3.20882 8.4563 9.12797 7.83224 4.95578 4.71883 6.66594 8.49104 4.6705 4.26488 23.235 14.4836 12.1762 24.3873 17.1203 15.1871 12.0216 13.2703 13.7545 11.1714 9.24321 9.1017 8.494 8.35725 7.38067 6.7063 12.5684 8.07838 5.65572 5.5109
threshold=0.6776927411556245 0.46841755509376531 0.5966327190399171 0.096006143838167204 0.31851120293140417 0.18245838582515719 0.47673159837722784 0.78964132070541393 0.10555555671453477 0.19433516263961795 0.33589744567871099 0.57459363341331493 0.71746492385864269 0.10425724461674692 0.43913836777210241 0.37573529779911047 0.74311000108718883 0.11189358308911325 0.68599441647529613 0.3914563655853272 0.28708791732788091 0.7577352523803712 0.38440485298633581 0.029857398010790352 0.21062359958887103 1.0000000180025095e-35 0.49770642817020422 0.57971927523612987 0.79008570313453685 0.81872946023941051
decision_type=2 2 2 2 2 2 2 2 2 2 2 2 2 2 2 2 2 2 2 2 2 2 2 2 2 2 2 2 2 2
left_child=9 2 -2 -4 8 6 7 -3 -5 10 16 12 14 15 24 -14 17 18 -1 -12 -13 -19 -21 -15 -11 26 -22 -27 -16 -18
right_child=1 5 3 4 -6 -7 -8 -9 -10 11 19 20 13 23 28 -17 29 21 -20 22 25 -23 -24 -25 -26 27 -28 -29 -30 -31
leaf_value=0.029424713891295827 -0.051003053096532198 0.60494249104394615 -0.086469312070911755 0.017083071707345091 0.063873230164870079 0.035978014302595333 0.10256315933413981 0.085784434984997021 -0.14087839524801596 0.55030096328020062 -0.0060540030830662089 0.11279492792016103 -0.0026523846130022807 0.44200609364780408 -0.012867781510676008 -0.061029994640591813 -0.083470123371534921 0.030672280151499531 -0.014816541735128402 -0.085416026345273594 -0.037848281376451562 -0.2052167826264438 0.093804792826282082 0.092239571067109505 -0.061052792200243386 0.098113959519891505 0.11660206658544171 -9.5081375610629723e-05 0.070667181566357873 0.051563387474610776
leaf_weight=60.704902835340363 14.152427415575401 0.46238545313826707 4.34493538388051 66.116415312906611 15.903650582549743 2.5041044140134545 1.767045741466063 0.3575212843134068 1.2200635713816144 0.12659310310073024 31.269584754563766 4.6796190533227664 220.58191955293296 0.45396124920807679 73.746943432667649 32.756192063272465 2.0025155183393499 126.45058225871617 173.56496339041041 27.920358681036308 5.587449910119175 1.0555944456718851 1.8016594115906617 11.846041909913763 76.34079678209855 5.3688560462846899 8.5041049353312683 3424.1149139438717 5.579633849032688 56.765217312640743
leaf_count=3229 23649 156 72 1285 731 806 132 17 197 104 3782 185 2192 7 157902 462 35 3624 1940 1313 46 18 21 628 1237618 12025 87 245372 1898 5486
internal_value=-5.35472e-05 0.0136443 0.00860929 0.0182417 0.0237074 0.114262 0.190038 0.378563 0.014221 -0.000389848 0.00671021 -0.00127336 -0.0152733 -0.00485943 -0.0330296 -0.0102005 0.0134025 0.00795103 -0.00335258 -0.0394341 0.000437656 0.0287194 -0.0745522 0.105149 -0.0600407 0.000284969 0.0553609 5.86649e-05 -0.00699214 0.0469621
internal_weight=4458.05 106.829 101.737 87.5851 83.2401 5.09106 2.58695 0.819907 67.3365 4351.22 481.535 3869.69 421.432 265.638 155.794 253.338 420.544 361.776 234.27 60.9916 3448.25 127.506 29.722 12.3 76.4674 3443.58 14.0916 3429.48 79.3266 58.7677
internal_count=1705019 27045 25934 2285 2213 1111 305 173 1482 1677974 19448 1658526 1400811 3289 1397522 2654 14332 8811 5169 5116 257715 3642 1334 635 1237722 257530 133 257397 159800 5521
is_linear=0
shrinkage=0.08


Tree=121
num_leaves=31
num_cat=0
split_feature=16 4 11 0 1 1 0 1 10 11 5 5 4 14 7 1 2 0 5 10 8 2 0 0 9 10 10 8 14 14
split_gain=3.1087 7.15855 17.4216 15.8776 13.6102 12.0363 10.5719 19.9152 13.7043 13.1003 12.8684 10.2777 9.6097 9.32022 8.9303 8.02775 7.08579 6.64858 6.3269 4.70684 6.19074 4.00661 5.58275 4.93135 3.80181 30.705 12.1878 6.95904 9.19086 13.3152
threshold=1.0000000180025095e-35 0.35416667163372045 0.88194444775581371 0.80982521176338207 0.84764185547828685 0.62243187427520763 0.84134247899055492 0.77459675073623668 0.33974359929561621 0.095454547554254546 0.47413024306297308 0.61167800426483165 0.84523808956146251 1.0000000180025095e-35 0.63670033216476452 0.77836257219314586 0.92907443642616283 0.7897985875606538 0.72821971774101268 0.080540537834167494 0.21696086972951892 0.85867896676063549 0.8589511811733247 0.86319074034690868 0.29364213347435003 0.16904762387275699 0.070197045803070082 0.5067579746246339 0.65235814452171337 0.25521059334278112
decision_type=2 2 2 2 2 2 2 2 2 2 2 2 2 2 2 2 2 2 2 2 2 2 2 2 2 2 2 2 2 2
left_child=1 4 3 5 6 17 7 14 9 -8 -9 21 -7 -5 -1 -15 18 -3 -13 -4 -21 22 -6 -23 26 -26 -2 28 29 -27
right_child=24 2 19 13 11 12 8 10 -10 -11 -12 16 -14 15 -16 -17 -18 -19 -20 20 -22 23 -24 -25 25 27 -28 -29 -30 -31
leaf_value=0.020923857613744268 -0.00011070139598263078 -0.0041893407771323426 -0.10786346537603818 0.065564793044673109 0.10218091234938383 -0.061488759419025617 -0.017019413170837317 0.089122269157246164 0.063920261866170558 -0.10270046559657918 -0.02212980841872602 -0.01540790222094747 0.050733695433374429 0.0094837189412042451 0.00021718201638807071 -0.0053668215554330528 0.059374348408138766 0.12022337129236528 -0.18325372783273161 -0.43456871973470679 0.0790741000300373 -0.27053720763023403 -0.0087699464977277399 0.10517187148448037 -0.05517404094623217 -0.045371358540175606 0.055686480905644188 -0.0044032126900413809 -0.011380022851426294 0.044661682143858676
leaf_weight=174.2128270143487 1108.9038678659977 25.689117152849352 0.93475166888674976 13.550388676362216 5.2455575906460599 62.185081429097409 45.94852098841784 29.739332676908816 9.7260568719648273 15.198244835455624 8.572047116886095 7.1732429948933696 5.2996827628285237 324.6450477481194 567.58336702047382 824.93517386259055 6.7702498483049558 3.078459696542267 1.7974672676537009 0.15123191889142873 21.50517143237812 0.22636128779413667 6.4978409846371505 18.229455734901421 74.135044663305507 12.328159888780645 25.633302505259053 925.4111740273911 52.144311958370963 71.400300224806415
leaf_count=153035 187800 7941 31 1795 333 12245 6137 1298 1186 464 554 528 637 25247 12473 43317 1172 800 124 10 30026 25 413 1598 1122209 7992 4932 75469 541 4687
internal_value=-5.34148e-05 0.00210506 -0.00173044 -0.0029795 0.00758716 -0.0342052 0.00529744 0.00798507 -0.0242856 -0.0383157 0.06423 0.0500011 -0.0526758 -0.000395492 0.0050802 -0.00117298 -0.00241015 0.00912424 -0.0490393 0.0679007 0.0754872 0.0773198 0.0407897 0.100564 -0.0021253 -0.00539801 0.00114996 -0.00192095 0.0149854 0.0314052
internal_weight=4448.85 2178.89 1281.97 1259.38 896.921 96.2523 850.98 780.108 70.8728 61.1468 38.3114 45.9402 67.4848 1163.13 741.796 1149.58 15.741 28.7676 8.97071 22.5912 21.6564 30.1992 11.7434 18.4558 2269.96 1135.42 1134.54 1061.28 135.873 83.7285
internal_count=1705019 301389 122049 91982 179340 21623 175147 167360 7787 6601 1852 4193 12882 70359 165508 68564 1824 8741 652 30067 30036 2369 746 1623 1403630 1210898 192732 88689 13220 12679
is_linear=0
shrinkage=0.08


Tree=122
num_leaves=31
num_cat=0
split_feature=10 9 2 6 6 6 6 6 6 1 0 8 6 5 1 0 2 5 6 0 2 5 1 2 0 5 2 2 5 2
split_gain=3.02465 4.4524 5.5692 5.86048 8.3566 12.841 5.35962 4.0794 5.87215 3.61186 3.8974 3.57452 2.71739 14.1217 21.5748 29.954 30.3257 19.9102 19.0141 15.8676 13.4414 13.4272 48.2686 28.4851 43.2249 24.5082 13.6743 36.0502 21.7448 15.4207
threshold=0.84807693958282482 0.9475303888320924 0.81375637650489818 0.38742592930793768 0.35781671106815344 0.36451049149036413 0.077935222536325469 0.44529914855957037 0.46225070953369146 0.38148742914199835 0.45199692249298101 0.92545253038406383 0.12613636255264285 0.69604039192199718 0.82426470518112194 0.91715687513351452 0.84660634398460399 0.64051282405853283 0.21913109719753268 0.99532711505889904 0.85867896676063549 0.48749218881130224 0.81530213356018078 0.71746492385864269 0.71834936738014232 0.23132664710283282 0.91458967328071605 0.80229884386062633 0.70412456989288341 0.71209660172462474
decision_type=2 2 2 2 2 2 2 2 2 2 2 2 2 2 2 2 2 2 2 2 2 2 2 2 2 2 2 2 2 2
left_child=12 9 3 4 6 -6 -3 -5 -9 -2 11 -11 21 14 17 -16 -17 20 -15 -20 -14 22 23 24 -1 -25 27 29 -28 -23
right_child=1 2 -4 7 5 -7 -8 8 -10 10 -12 -13 13 18 15 16 -18 -19 19 -21 -22 26 -24 25 -26 -27 28 -29 -30 -31
leaf_value=-0.0018478324368377771 0.060901042054366618 0.043430621792533756 0.0804852743255033 0.1066163801957262 -0.84383520296289505 -0.12449911628474969 -0.037877403008172252 -0.16024939001140698 0.020776747132041994 -0.20595499749501633 0.028307594121512118 -0.016375806269061419 -0.0046303493477206099 -0.0029182442953608811 0.0077315140731751544 -0.034163879120380186 -0.13174169784167378 0.035981631418696196 0.11273016583083496 0.022149513228509381 0.089592352229036332 -0.023002366898573646 0.07358549268843366 0.16201055115031379 0.051309368412884027 -0.041959523994177308 0.053735679075015065 -0.032733049311736276 -0.00014485951151426546 0.023541612041212585
leaf_weight=397.91480109483564 18.618258369446266 6.8182512601633851 5.1357757794903582 3.2388958609226419 0.17307736095972304 1.9285875863279214 21.707773792106309 1.2194714463694278 19.249171694813413 0.90004349849187137 12.965770729089853 2.1740645948448218 1755.9715608224224 322.55554515277208 81.876221687581165 96.416936871622966 25.84880880210676 83.002253699591165 13.160996336476272 207.80814770212055 9.7435357739477677 63.371609410524798 70.1732854129732 3.9159651318414026 129.84906996718928 101.24997315212295 53.028947481550915 274.01932653503673 499.24417201131922 162.06270809063244
leaf_count=285418 1617 1728 9461 750 141 312 2156 192 2271 19 11081 83 1144192 19374 7018 6614 1984 5012 503 10234 985 7324 4793 596 34819 42098 4437 30620 47239 21948
internal_value=-4.93357e-05 0.0141386 0.000856213 -0.00667034 -0.0297858 -0.183738 -0.0184433 0.0231924 0.00999165 0.0369302 0.00910601 -0.0718812 -0.00035626 -0.00199985 -0.0050357 -0.0297162 -0.0547933 -0.00231039 0.00946635 0.0275445 -0.00411041 0.00207554 0.0106342 0.00365478 0.0112308 -0.0343645 -0.00364614 -0.0132384 0.00502872 0.0104577
internal_weight=4445.34 94.1291 59.471 54.3352 30.6277 2.10166 28.526 23.7075 20.4686 34.6581 16.0399 3.07411 4351.21 2596.38 2052.86 204.142 122.266 1848.72 543.525 220.969 1765.72 1754.83 703.103 632.93 527.764 105.166 1051.73 499.454 552.273 225.434
internal_count=1705019 29811 17011 7550 4337 453 3884 3213 2463 12800 11183 102 1675208 1195916 1165805 15616 8598 1150189 30111 10737 1145177 479292 367724 362931 320237 42694 111568 59892 51676 29272
is_linear=0
shrinkage=0.08


Tree=123
num_leaves=31
num_cat=0
split_feature=1 15 11 6 2 5 7 6 0 5 5 2 0 6 4 4 5 1 2 0 2 10 8 15 7 9 6 2 15 5
split_gain=2.87509 16.7758 16.3381 12.0395 14.9946 12.1976 10.1021 9.26938 9.05308 10.1841 38.0985 74.5281 8.52808 8.22019 24.7726 16.8116 26.8912 19.4874 11.2293 10.891 7.95962 7.42654 17.5154 7.40062 7.35683 11.01 13.2594 6.7207 5.88157 11.4634
threshold=0.27334994077682501 0.44714953005313879 1.0000000180025095e-35 0.36899313330650335 0.096006143838167204 0.041960094124078758 0.68599441647529613 0.52803984284400951 0.50217390060424816 0.11814556270837785 0.1209508888423443 0.35926246643066412 0.31311275064945226 0.556623935699463 1.0000000180025095e-35 0.31666667759418493 0.34178434312343603 0.4712491780519486 0.42644809186458593 0.99532711505889904 0.31851120293140417 0.33974359929561621 0.53171876072883617 0.32554964721202856 0.57207792997360241 0.9266914725303651 0.24764151126146319 0.28759399056434637 0.36850656569004064 0.059262510389089591
decision_type=2 2 2 2 2 2 2 2 2 2 2 2 2 2 2 2 2 2 2 2 2 2 2 2 2 2 2 2 2 2
left_child=2 24 8 5 -5 21 -6 -8 9 -1 11 -11 20 15 18 16 -14 -17 -15 -16 27 22 -4 -23 -2 26 -26 -3 29 -7
right_child=1 12 3 4 6 28 7 -9 -10 10 -12 -13 13 14 19 17 -18 -19 -20 -21 -22 23 -24 -25 25 -27 -28 -29 -30 -31
leaf_value=0.079200590653040373 -0.061497265230979377 0.0022412278720996049 0.011776838792822675 -0.08178043742333993 -0.058791855829360133 0.25631619493825936 -0.03010763749745847 0.01387779514959882 -0.070361936197721603 5.0441216210801985 0.2055024066342683 -0.081222569991490426 -0.027772698417109939 0.031978590011279215 -0.067676284993643726 0.064269447809399194 0.0133788341973206 0.00046008681052408195 0.11068436979848009 0.0071799710979943421 -0.044746647353097954 0.029736146288892661 -0.032637693222353242 -0.012220671675834774 -0.084648559871796578 -0.12114365669507163 0.018762955363377794 0.10409112418874733 0.10225381895140631 1.5957026128236445
leaf_weight=15.455715944429363 38.249163393877097 6.1373133286833825 220.51393552209083 19.094571900888695 21.000729497318389 0.28764403316199505 43.967273745918646 101.33211087697418 2.327808368831028 0.031219724103720092 1.3298987509479046 0.043397348526923452 328.92761325657881 27.602180353742369 15.891485677478157 30.945391930579262 147.06922183326509 3017.3248681270661 20.013781486983135 57.258894237561435 4.7534555660095057 134.78427270660177 76.554326279790985 33.616053013363853 10.053532741861998 5.6482968165073535 37.663244419811235 12.78213275852613 5.8661869866537018 0.047674399067545892
leaf_count=7161 582758 58 14207 1758 16829 82 442 1481 4143 30 683 67 371759 795 49008 36362 57235 535352 969 11817 71 6072 1733 260 1244 49 2116 94 325 59
internal_value=-4.21956e-05 -0.000905838 0.00476011 0.00263517 -0.0146375 0.00942438 -0.00692818 0.0005679 0.0775254 0.0979435 0.304196 2.06322 -6.14455e-05 -0.000372284 0.0201507 -0.00107555 -0.0150581 0.00110787 0.0650599 -0.00908211 0.0477998 0.00793943 0.000331239 0.0213607 -0.0347197 -0.015527 -0.003025 0.0710519 0.120881 0.446745
internal_weight=4436.57 3760.32 676.253 657.065 185.395 471.67 166.3 145.299 19.188 16.8602 1.40452 0.0746171 3668.71 3645.03 120.766 3524.27 475.997 3048.27 47.616 73.1504 23.6729 465.469 297.068 168.4 91.6142 53.3651 47.7168 18.9194 6.20151 0.335318
internal_count=1705019 1649687 55332 43248 20510 22738 18752 1923 12084 7941 780 97 1063520 1063297 62589 1000708 428994 571714 1764 60825 223 22272 15940 6332 586167 3409 3360 152 466 141
is_linear=0
shrinkage=0.08


Tree=124
num_leaves=31
num_cat=0
split_feature=7 10 0 14 9 1 1 10 10 14 10 9 10 7 9 1 14 9 6 7 7 10 14 11 10 10 14 15 9 0
split_gain=2.80462 8.35361 8.17073 8.34645 7.38971 8.77722 6.44215 6.37291 5.8344 4.89417 12.4239 8.47456 5.89289 11.5764 9.65685 4.54032 4.40163 9.13819 4.37049 5.95189 5.59318 4.34357 6.76257 4.15691 3.82653 3.51242 6.30149 4.90433 4.02493 3.23639
threshold=0.9656854271888734 0.68585526943206798 0.15535445511341098 0.23553323745727542 0.7577352523803712 0.76569479703903209 0.65345367789268505 0.79057019948959362 0.68990385532379161 0.18780940771102908 0.0745370388031006 0.86034008860588085 0.26794873178005224 0.63670033216476452 0.70608803629875194 0.97321215271949779 0.096930783241987242 0.90029239654541027 0.71547618508338939 0.6079215705394746 0.71746492385864269 0.53589746356010448 0.18933144211769107 0.43650794029235845 0.18834459781646731 0.57518798112869274 0.1766968369483948 0.90642601251602184 0.50098040699958812 0.52419984340667736
decision_type=2 2 2 2 2 2 2 2 2 2 2 2 2 2 2 2 2 2 2 2 2 2 2 2 2 2 2 2 2 2
left_child=7 23 8 4 5 -4 -5 9 -3 10 -1 18 14 -14 -12 -6 -9 -18 20 -20 -11 -13 -23 25 -25 -2 28 -28 -27 -19
right_child=1 2 3 6 15 -7 -8 16 -10 11 12 21 13 -15 -16 -17 17 29 19 -21 -22 22 -24 24 -26 26 27 -29 -30 -31
leaf_value=-0.080246633542714232 0.069261081504639666 -0.46386228079231168 0.073233959613343433 -0.098118599049108204 -0.010942136989047082 -0.031131646533579981 0.083566023120253075 0.096913156788469762 0.048497453486073809 0.0018232021232248779 -0.027167814269955327 0.084383609796048892 0.069713134412373284 -0.0033875162452096179 0.042199453218846987 0.080549529968544961 0.091559877969494663 -0.12922228118125909 -0.031138649557231095 0.0439673724941929 -0.0061167249913623737 -0.29933526796338894 0.027299724437972194 -0.31115670553121166 0.012151234638998695 -0.17620041411558987 -0.16189525294388932 0.082970880473848471 0.0432806697975529 -0.49832168844113506
leaf_weight=14.220225403588527 20.355078825348755 0.1431867871433522 15.846239192163923 9.5565825396333803 152.52887002039643 7.6456297254626397 1.4368272511201201 6.8634410338127037 21.545650151674636 2431.8669242315464 123.97799954976267 10.955505811973127 14.14183468124247 707.43383280561829 14.328621193126308 3.5522321911412282 1.103486960448208 0.34244574536569405 8.7191057034606256 29.944053755272762 740.77680038870312 0.41702963807620008 14.884846651766564 0.23548440891317923 46.160821399767883 0.54775678634178504 1.8706236252328374 0.72690197179326776 22.505115919571836 0.27344113068829756
leaf_count=570763 663 2 1751 158 23427 4849 1156 875 3334 831245 173449 629 988 41688 372 10486 180 16 7397 328 23887 99 2285 4 3450 14 48 207 1173 96
internal_value=-7.75027e-05 0.0073293 -0.00141112 -0.00670637 -0.00256386 0.0392673 -0.0743726 -0.000625172 0.0451149 -0.000768921 -0.00608081 0.000665223 -0.0048543 -0.00195485 -0.0199813 -0.00885989 0.0682386 -0.046225 0.000295119 0.0270299 -3.0682e-05 0.0459294 0.0183978 0.0274068 0.0105103 0.0444469 0.0247555 -0.0933709 0.0380656 -0.293095
internal_weight=4424.91 304.657 212.255 190.566 179.573 23.4919 10.9934 4120.25 21.6888 4111.67 874.103 3237.56 859.882 721.576 138.307 156.081 8.58281 1.71937 3211.31 38.6632 3172.64 26.2574 15.3019 92.4018 46.3963 46.0055 25.6504 2.59753 23.0529 0.615887
internal_count=1705019 50722 45163 41827 40513 6600 1314 1654297 3336 1653130 787260 865870 216497 42676 173821 33913 1167 292 862857 7725 855132 3013 2384 5559 3454 2105 1442 255 1187 112
is_linear=0
shrinkage=0.08


Tree=125
num_leaves=31
num_cat=0
split_feature=8 14 0 7 0 9 2 5 2 6 5 1 4 0 6 5 5 5 0 0 5 2 2 5 0 2 2 1 4 0
split_gain=2.64889 5.98086 3.64465 5.89043 3.4017 3.87839 5.23656 3.40423 3.05044 2.72405 12.1773 19.4676 26.6446 17.5968 18.7671 23.2142 15.1418 12.9909 12.2792 12.1918 11.7009 35.5653 16.0985 48.0024 33.9462 15.5857 35.4919 13.6158 11.3749 10.408
threshold=0.98192706704139721 0.027907580137252811 0.95713412761688244 0.9832867980003358 0.9529346525669099 0.87066826224327099 0.91704893112182628 0.81934732198715221 0.680425524711609 0.12613636255264285 0.69604039192199718 0.82426470518112194 0.38750000298023229 0.92403846979141246 0.17902930825948718 0.81016731262207042 0.556623935699463 0.65571120381355297 0.84660634398460399 0.99532711505889904 0.57947367429733287 0.85867896676063549 0.76506900787353527 0.38516484200954443 0.80810147523880016 0.91704893112182628 0.84660634398460399 0.76569479703903209 1.0000000180025095e-35 0.91010102629661571
decision_type=2 2 2 2 2 2 2 2 2 2 2 2 2 2 2 2 2 2 2 2 2 2 2 2 2 2 2 2 2 2
left_child=9 2 4 -4 5 6 -2 -7 -6 20 11 16 -13 -12 15 -15 28 -14 -18 -16 21 22 24 -24 -1 26 -22 -27 -11 -29
right_child=1 -3 3 -5 8 7 -8 -9 -10 10 13 12 17 14 19 -17 18 -19 -20 -21 25 -23 23 -25 -26 27 -28 29 -30 -31
leaf_value=-0.00050114142206050501 0.057991458638660696 0.08465318891175716 -0.19381618612079646 0.0812083333144097 -0.58718522133380469 -0.0041811968023070514 -0.38984997125419191 -0.34757063239440761 0.08006960318880206 0.0020337807856387947 0.083313693364085284 0.040735261240800728 -0.061836593333668088 -0.055150316431943257 0.11737480854157706 0.0054065341589181097 0.10095706444375331 -0.018036801719224737 0.010986353454333509 0.014729491124311154 0.0051628061994395116 0.066320862270900324 0.083616926270774175 -0.03678788411872165 0.041151974790294865 0.10350378680878927 -0.050618852306595477 0.086834987578872341 -0.011792617813697682 0.00025975717853598304
leaf_weight=526.32591570643785 9.3159009889350237 7.0545281018858068 0.53782123851124097 6.8009345402533654 0.11768099665641685 56.604645586252445 0.17015246377559456 0.1853725777764329 0.069890851009404287 701.55826729606645 19.496040200529023 30.469951709473207 88.470834368949909 60.818443871454292 7.5747990103909606 121.35372284106234 10.032128062790433 84.955545095586785 300.8884754503697 331.83520932112515 165.08637360862659 63.040084411654789 24.996255999198183 139.20965781606264 164.31345884813709 8.5512468655906542 130.87131309250114 9.0418993111068158 832.92634665878893 519.03877208387951
leaf_count=339944 1296 1661 14 14166 1 5504 186 94 101 118870 1113 3406 7239 3718 410 7443 991 5385 23546 18438 17913 4751 3857 31009 20826 741 12548 417 1008313 51118
internal_value=-6.80019e-05 0.0142788 0.00755197 0.0610531 0.00164449 0.00260733 0.0499585 -0.00530208 -0.33856 -0.00033524 -0.00198267 -0.00480112 -0.0282588 0.00869207 0.00590281 -0.0148105 -0.00220932 -0.0403806 0.0138893 0.0170203 0.00210265 0.00833199 0.00405564 -0.0184593 0.00940876 -0.00476487 -0.0195036 0.00336369 -0.00547126 0.00174212
internal_weight=4421.71 80.8569 73.8024 7.33876 66.4636 66.2761 9.48605 56.79 0.187572 4340.85 2590.38 2049.3 203.896 541.078 521.582 182.172 1845.41 173.426 310.921 339.41 1750.47 917.885 854.845 164.206 690.639 832.59 295.958 536.632 1534.48 528.081
internal_count=1705019 23023 21362 14180 7182 7080 1482 5598 102 1681996 1198872 1167750 16030 31122 30009 11161 1151720 12624 24537 18848 483124 400387 395636 34866 360770 82737 30461 52276 1127183 51535
is_linear=0
shrinkage=0.08


Tree=126
num_leaves=31
num_cat=0
split_feature=11 2 7 14 9 10 8 8 15 8 9 14 10 11 4 11 7 10 7 7 7 10 9 14 10 10 6 6 0 7
split_gain=2.5551 11.845 11.0663 6.61018 15.4149 10.6698 10.2322 7.09384 6.71926 6.66669 6.49982 6.42398 22.5001 24.204 32.8804 26.007 8.915 15.2263 8.50886 8.555 27.1131 10.477 6.60188 5.3941 11.6033 16.6643 5.29874 11.4947 6.23921 5.18348
threshold=0.43650794029235845 0.89512962102890026 0.99783548712730419 0.65235814452171337 0.41684396564960485 0.26491229236125952 0.5067579746246339 0.5085725486278535 0.21062359958887103 0.71040332317352306 0.90029239654541027 0.38115416467189794 0.18019481003284457 0.095454547554254546 0.077380955219268813 0.23611111193895343 0.57207792997360241 0.072299651801586165 0.90152388811111461 0.65733855962753307 0.39513565599918371 0.13100686669349673 0.51628047227859508 0.07722122967243196 0.91106721758842479 0.8441295623779298 0.27622890472412115 0.26975052058696752 0.12732185423374179 0.45341086387634283
decision_type=2 2 2 2 2 2 2 2 2 2 2 2 2 2 2 2 2 2 2 2 2 2 2 2 2 2 2 2 2 2
left_child=2 3 11 4 6 9 29 26 -8 -6 -7 12 16 14 -14 -15 22 -18 19 20 -13 -21 -1 24 25 -4 27 -5 -28 -2
right_child=1 -3 23 7 5 10 8 -9 -10 -11 -12 18 13 15 -16 -17 17 -19 -20 21 -22 -23 -24 -25 -26 -27 28 -29 -30 -31
leaf_value=-0.076371648199786493 0.0056420693245202037 0.052995083560392404 0.08190581910111705 -0.019496199621572459 -0.027437053174400112 0.0098760667816589938 -0.072689289605050625 -0.20580929510679505 0.030079047990556298 0.12627356953847213 -0.010442349980862993 -0.00024471942528799337 0.085488980583940735 -0.10081788580148837 0.0009697110706841771 -0.015492733840057536 1.2812271579535084 -0.0084505059535264233 0.030798564063222896 -0.051409530219199188 0.042481823362284024 -0.006867717542666716 0.013992356157581161 0.061796972153759629 0.080980461830904585 -0.51004259921962858 -0.072292708593929875 -0.23912438650422768 0.021689425219443666 0.074998297026186447
leaf_weight=47.571141213953524 8.4369757512868073 30.186768533771101 0.55850287433713941 91.178967889325577 87.512183315502625 458.17035373828548 6.6854915043077225 1.2240183312969737 10.414920362954943 1.8439031876041543 129.17098480730783 2026.9733890453981 30.919086229987442 25.121036142656521 623.43719094291009 254.24431469607953 0.058754345553100218 20.748245446266083 58.903782584529836 39.270222444305546 99.729011076407915 242.5115118304675 5.8058659833541233 24.549447279277956 1.7282959831354674 0.66889631090452895 5.1227702568867235 1.5510603259899642 38.475031157489866 37.772024757054169
leaf_count=1162314 19331 41355 92 1614 55928 30398 109 29 600 76 19762 239850 1882 1601 26682 8320 138 9531 1186 704 53140 4162 16866 3430 622 42 111 36 852 4256
internal_value=-5.9998e-05 0.00372245 -0.00104021 0.00202754 0.00502101 0.00148934 0.0427701 -0.0140768 -0.0100987 -0.0242652 0.00540754 -0.00144025 -0.00682177 -0.00345263 0.00496334 -0.0231653 -0.0492276 -0.00480874 0.000758056 2.33617e-05 0.00175889 -0.0130752 -0.0665427 0.0495042 -0.0525977 -0.240689 -0.0123553 -0.0231698 0.0106465 0.062335
internal_weight=4410.54 907.745 3502.8 877.559 740.007 676.697 63.3094 137.552 17.1004 89.3561 587.341 3475.29 1007.91 933.722 654.356 279.365 74.184 20.807 2467.39 2408.48 2126.7 281.782 53.377 27.5051 2.9557 1.2274 136.328 92.73 43.5978 46.209
internal_count=1705019 174457 1530562 133102 130460 106164 24296 2642 709 56004 50160 1526376 1227334 38485 28564 9921 1188849 9669 299042 297856 292990 4866 1179180 4186 756 134 2613 1650 963 23587
is_linear=0
shrinkage=0.08


Tree=127
num_leaves=31
num_cat=0
split_feature=16 15 2 0 1 2 4 1 9 2 5 7 4 1 1 14 5 4 2 6 6 2 11 5 7 14 1 0 7 4
split_gain=2.93418 6.50568 21.5015 14.0534 16.1158 28.3389 13.3185 12.2956 17.0332 10.5938 10.0282 8.7587 11.0664 18.9507 11.0307 9.93023 12.3188 6.95314 13.394 18.0617 12.7383 13.2488 9.63532 6.53688 6.33536 16.009 4.96944 4.55975 4.32237 3.76115
threshold=1.0000000180025095e-35 0.70271718502044689 0.6789083480834962 0.69282051920890819 0.68108487129211437 0.6820855736732484 0.23611111193895343 0.7243877947330476 0.53528240323066723 0.6900656819343568 0.16152751445770266 0.9388999640941621 0.23611111193895343 0.67962265014648449 0.60097089409828197 0.11070261523127557 0.64051282405853283 0.31666667759418493 0.27812939882278448 0.55217784643173229 0.2869249433279038 0.60107529163360607 1.0000000180025095e-35 0.12588027864694598 0.97718599438667308 0.13900966197252276 0.39801980555057531 0.56691542267799389 0.81872946023941051 0.43650794029235845
decision_type=2 2 2 2 2 2 2 2 2 2 2 2 2 2 2 2 2 2 2 2 2 2 2 2 2 2 2 2 2 2
left_child=1 2 17 4 6 -6 -4 9 -9 -5 24 12 13 -12 -14 16 -13 18 22 -20 21 -19 -1 -22 26 27 -3 -26 -28 -2
right_child=29 10 3 7 5 -7 -8 8 -10 -11 11 15 14 -15 -16 -17 -18 20 19 -21 23 -23 -24 -25 25 -27 28 -29 -30 -31
leaf_value=0.11530888470955848 -0.0057974457288361174 0.00094586934320114416 0.11380041549503757 0.11271427068019689 1.2922928177595758 0.22802367744633628 -0.086004939892481896 0.032941149258680864 0.18673476714390341 -0.063673756819866978 -0.075397110996112904 -0.04947042690965206 0.026465257449045123 0.023560891811461294 -0.0031830145781455601 0.053576475069245191 0.063091172435858281 0.086021757776791066 -0.027024038554874914 0.029686140252072613 0.10652815334220572 -0.0052681740569115029 0.0093610994158983812 -0.050312885410374375 -0.44368769710861694 -1.6019666278231182 0.18494666630992726 0.080693909229285835 0.07095747632939392 0.00080439950966519668
leaf_weight=5.6124421596578022 981.37544077494476 4.0180446123122211 12.729550823174579 2.6194394529775229 0.17441505236274624 1.9544252053656235 2.5654129749909762 56.115169684736891 5.021344871929613 12.96578721460355 33.303630501381122 17.602849597344179 85.58420955715701 19.718150597735075 1303.8336351243779 38.118158813638729 9.6249240569886734 26.735397565205858 172.09011855611425 45.432155840750056 1.9291333404835338 16.425200594841954 259.58720562698727 14.363415340582831 0.14821440773084837 0.047519567189738154 3.0885577336885017 0.37373507692245767 6.8526444982271641 1263.1794789932951
leaf_count=1121 1224361 95 1384 2324 28 409 1382 40087 176 13742 600 5171 1460 765 31589 15320 6525 16067 97416 10324 3035 11668 16893 23386 2 5 32 254 129 179269
internal_value=-5.68626e-05 0.00204898 0.00884197 0.0441324 0.108991 0.315219 0.0802872 0.0294027 0.0455727 -0.0340279 -0.000790462 -0.00142784 -0.00272561 -0.0385958 -0.00135676 0.0272192 -0.00968029 0.00271399 -0.000465441 -0.0151794 0.028529 0.0512805 0.0116033 -0.031742 0.0653559 -0.196196 0.076026 -0.0682111 0.106372 -0.00208209
internal_weight=4403.19 2158.63 636.321 94.1455 17.4238 2.12884 15.295 76.7217 61.1365 15.5852 1522.31 1507.79 1442.44 53.0218 1389.42 65.3459 27.2278 542.175 482.722 217.522 59.4531 43.1606 265.2 16.2925 14.5287 0.569469 13.9592 0.521949 9.9412 2244.55
internal_count=1705019 301389 239442 59532 3203 437 2766 56329 40263 16066 61947 61430 34414 1365 33049 27016 11696 179910 125754 107740 54156 27735 18014 26421 517 261 256 256 161 1403630
is_linear=0
shrinkage=0.08


Tree=128
num_leaves=31
num_cat=0
split_feature=8 14 15 0 6 4 6 9 6 14 9 6 4 0 0 4 6 1 8 0 9 0 14 8 7 9 1 6 15 15
split_gain=2.52022 7.42604 3.56698 2.91924 3.79625 7.17724 5.13415 3.64845 2.96826 2.70971 9.0335 7.15407 10.4911 17.0644 16.7567 10.2308 14.8799 14.5836 7.08265 13.3559 6.21506 5.92112 5.00106 7.36826 3.87348 14.2576 11.5898 10.445 11.7731 9.80372
threshold=0.96884703636169445 0.022857889533042911 0.99891540408134472 0.33549784123897558 0.57735043764114391 0.23611111193895343 0.38529014587402349 0.9266914725303651 0.094044812023639693 0.18933144211769107 0.40293137729167944 0.13714733719825747 0.61250001192092907 0.76253134012222301 0.85270008444786083 0.84523808956146251 0.18808962404727939 0.77459675073623668 0.83745279908180248 0.51087471842765819 0.54585504531860363 0.24316334724426272 0.19913793355226519 0.85014972090721141 0.71746492385864269 0.59781962633132946 0.19139194488525393 0.556623935699463 0.31732864677906042 0.90642601251602184
decision_type=2 2 2 2 2 2 2 2 2 2 2 2 2 2 2 2 2 2 2 2 2 2 2 2 2 2 2 2 2 2
left_child=9 2 3 7 6 -6 -5 -2 -9 10 -1 12 13 -12 -14 17 -17 -13 24 20 -20 -22 23 -21 25 26 -11 29 -29 -26
right_child=1 -3 -4 4 5 -7 -8 8 -10 18 11 15 14 -15 -16 16 -18 -19 19 22 21 -23 -24 -25 27 -27 -28 28 -30 -31
leaf_value=-0.05268066323937054 0.063296334872013971 0.053027983608153112 0.08004325686361867 -0.019521436930837872 -0.04101236645786531 -0.38455925264276419 0.052749945780313098 0.091041901829692573 -0.004751520480889759 0.02622349259524322 -0.0058500901390719211 -0.0050389907568999769 -0.12901475691869382 0.036979737841708799 -0.0057723090994563067 -0.037464215798619617 0.036224751582706091 -0.036843727123014432 0.14170872145786129 -0.25914105899467793 0.033466745127803253 -0.051208190558570892 0.065605520802361914 0.01860382970404793 -0.010752363229469455 0.047360855290860954 -0.00028682508683044284 -0.026675342899304014 0.041679926176271816 0.021713965971114794
leaf_weight=23.866531716546206 8.0709582251147349 22.338898604175483 3.5767322564788619 42.885876665517571 1.8596782372915179 0.49220076715573657 7.3724067588336757 2.2413316136226085 27.112668789050076 110.64636739721936 118.53181609473548 403.80601461694823 7.6253919528608085 119.61673134368699 95.34620661456043 23.801618468593688 66.641102583063912 119.59894933686383 1.4764172020077264 0.67419365921523322 7.3964964644983437 18.517479989503045 36.06956129160244 6.5526173281396041 646.78999915691384 43.098753690450394 2287.7755724102003 22.339417165145278 57.979266100999666 65.559280064844643
leaf_count=525592 641 5196 13079 5811 106 10 379 384 954 7833 54584 167548 796 18544 26751 3775 9052 7341 35 38 266 253 7202 1223 12942 2107 821290 185 729 10373
internal_value=-5.43156e-05 0.0115835 0.00169353 -0.00141899 -0.0135687 -0.11291 -0.00891992 0.0156604 0.00256281 -0.000369327 -0.00406645 -0.00285149 0.00643708 0.0156624 -0.0148988 -0.00801322 0.0168322 -0.0123064 0.000725684 0.0257766 -0.0179438 -0.0270398 0.0534353 -0.00730716 0.000178168 0.00175568 0.000936175 -0.00468079 0.022668 -0.00776441
internal_weight=4399.66 115.951 93.6119 90.0351 52.6102 2.35188 50.2583 37.425 29.354 4283.71 978.834 954.968 341.12 238.149 102.972 613.848 90.4427 523.405 3304.88 70.6868 27.3904 25.914 43.2964 7.22681 3234.19 2441.52 2398.42 792.668 80.3187 712.349
internal_count=1705019 26560 21364 8285 6306 116 6190 1979 1338 1678459 813983 288391 100675 73128 27547 187716 12827 174889 864476 9017 554 519 8463 1261 855459 831230 829123 24229 914 23315
is_linear=0
shrinkage=0.08


Tree=129
num_leaves=31
num_cat=0
split_feature=10 6 6 0 8 2 6 0 14 8 10 6 7 0 5 9 8 0 6 8 8 2 1 14 8 1 7 2 14 4
split_gain=2.4561 4.01006 11.8331 26.4303 61.8127 3.95826 5.36294 6.17558 2.55435 11.2157 5.42703 7.70049 5.75932 4.91664 4.83777 9.54711 17.2196 8.67696 5.38691 4.75524 4.70816 4.26197 2.3495 3.59277 2.47639 2.16668 12.2217 8.64686 1.97768 1.18183
threshold=0.84807693958282482 0.031754031777381904 0.032795699313282974 0.72046512365341198 0.99783548712730419 0.84273937344551098 0.38742592930793768 0.12732185423374179 0.022857889533042911 0.96884703636169445 0.82085561752319347 0.12158167362213136 0.97067421674728405 0.12732185423374179 0.83503401279449474 0.57587876915931713 0.93982484936714183 0.91331186890602123 0.12060606107115747 0.93982484936714183 0.82388591766357433 0.22401433438062671 1.0000000180025095e-35 0.11070261523127557 0.64031249284744274 0.95101958513259899 0.78964132070541393 0.9529346525669099 0.07907764241099359 0.38750000298023229
decision_type=2 2 2 2 2 2 2 2 2 2 2 2 2 2 2 2 2 2 2 2 2 2 2 2 2 2 2 2 2 2
left_child=8 -2 3 -3 -5 6 7 -4 10 22 14 -12 -13 -11 17 16 -16 21 -17 -14 -19 -1 23 -10 -25 27 -27 -24 -8 -15
right_child=1 2 5 4 -6 -7 28 -9 9 13 11 12 19 29 15 18 -18 20 -20 -21 -22 -23 25 24 -26 26 -28 -29 -30 -31
leaf_value=0.018938557893479847 0.069710015391756724 0.080772289463507493 0.066165525683487117 0.080474857848387982 -4.0571010560060454 0.080454682604971489 0.022832029597896011 -0.024016943970216413 0.084230016570489369 -0.34106469348200469 0.087510858839150246 0.084035131234808991 -0.43259053331044989 0.094352865720551599 -0.10084348010260978 -0.066791439614441769 -0.64501647201739953 0.061828545530313916 0.062640421076731748 -0.15358846117385758 0.0081278733548522889 -0.025273569866971393 -0.001053870054013109 -0.08220616730275887 -0.57306401018632802 0.0017885811527308193 0.058227108973872024 0.054152594090993419 0.086140147097197542 0.051543116267313387
leaf_weight=16.540197350421622 7.3301015625547725 0.1668855806638011 5.5494814476114689 0.05741660283820238 0.038672480310196988 4.76863454436534 30.23785227802 39.100567709741881 0.19196247146555734 0.18944429789553652 1.1243069815245679 0.55311242793686721 0.46328398873447474 6.8952058339345994 2.4794812436739444 5.140577044192467 0.43788296157435969 12.807391123477954 3.4318607980676461 2.5045492494245991 56.742121447547106 89.254970564036284 3649.8565311879402 0.11286269338233978 0.15767712332308292 402.5999029380946 26.151130674959859 18.248386175947417 3.526329136977437 10.280619426310293
leaf_count=1421 10015 41 1456 33 33 7263 4473 5922 25 36 230 51 50 604 721 1615 48 3802 198 78 1844 68170 1549643 54 2 16991 25528 1193 575 2904
internal_value=-4.44737e-05 0.0129781 0.00799464 -0.527799 -1.58475 0.0096885 0.00538497 -0.0128083 -0.000318996 0.000101322 -0.00935115 -0.094766 -0.152971 0.0642584 -0.00722749 -0.0575166 -0.182521 -0.00393219 -0.0149751 -0.197141 0.0180167 -0.0183614 -0.000170589 -0.180471 -0.36829 -0.000150235 0.00523098 -0.000779224 0.0294439 0.068729
internal_weight=4396.94 90.7759 83.4458 0.262975 0.0960891 83.1829 78.4142 44.65 4306.16 4114.68 191.48 4.64525 3.52095 17.3653 186.834 11.4898 2.91736 175.345 8.57244 2.96783 69.5495 105.795 4097.32 0.462502 0.27054 4096.86 428.751 3668.1 33.7642 17.1758
internal_count=1705019 29811 19796 107 66 19689 12426 7378 1675208 1596980 78228 409 179 3544 77819 2582 769 75237 1813 128 5646 69591 1593436 81 56 1593355 42519 1550836 5048 3508
is_linear=0
shrinkage=0.08


Tree=130
num_leaves=31
num_cat=0
split_feature=10 6 6 9 2 0 7 11 9 9 2 7 14 8 10 8 0 5 0 11 5 14 2 0 8 8 14 6 6 11
split_gain=2.65889 4.23394 4.58937 5.33188 4.61805 4.14845 3.63704 3.80404 2.43235 4.69397 2.20119 4.13833 2.12047 10.0739 4.28835 5.22945 10.8815 5.20851 3.38902 1.99192 7.40253 6.48353 1.98802 7.87515 4.27982 3.26022 22.4253 2.27565 1.89605 1.56158
threshold=0.84807693958282482 0.077935222536325469 0.38742592930793768 0.84764185547828685 0.84273937344551098 0.38507877290248876 0.97718599438667308 0.63333335518836986 0.53528240323066723 0.52952802181243908 1.0000000180025095e-35 0.88949939608573925 0.022857889533042911 0.96884703636169445 0.16064515709877017 0.91184088587760936 0.90070420503616344 0.83503401279449474 0.12732185423374179 0.29285715520381933 0.84495192766189586 0.52879089117050182 0.26975052058696752 0.26766170561313635 0.99783548712730419 0.93247386813163768 0.045663053169846542 0.7245689630508424 0.73401361703872692 0.29285715520381933
decision_type=2 2 2 2 2 2 2 2 2 2 2 2 2 2 2 2 2 2 2 2 2 2 2 2 2 2 2 2 2 2
left_child=10 8 3 6 5 -5 7 -3 9 -2 11 -1 14 19 -12 16 -16 -17 -15 21 -21 -14 23 27 -25 26 -24 -4 -27 -8
right_child=1 2 22 4 -6 -7 29 -9 -10 -11 12 -13 13 18 15 17 -18 -19 -20 20 -22 -23 25 24 -26 28 -28 -29 -30 -31
leaf_value=-0.030565171173773838 0.080570340636362467 -0.56543405948003278 0.062563140387914676 -0.0053469674586489289 0.080290754348173149 -0.062298480637762173 -0.060749084825972473 0.080497969370637343 0.054774420668193928 -0.55062294271142376 -0.092045282104691387 -0.57837854827687318 -0.007590011826033285 -0.22219686993329935 -0.01334228968021828 -0.014873134236756959 0.043798673152459229 -0.087912283389005946 0.067172536080604792 0.0018263740997581316 0.048634561485612342 0.00096697326838707221 -1.0105548789687808 0.08754695212997797 -0.14745098373867396 0.061346591495164485 0.03635697177522336 -0.017933816110365489 -0.038350418992155334 0.07891078779491266
leaf_weight=0.32982555411945114 0.19020371848455653 0.12146644294261832 7.418457846506497 17.265194378938759 2.5073903854063238 15.565556996822123 0.56331695991684672 0.11229898739838973 16.004938429796312 0.12493226019432768 3.8520044208498794 0.12049832055345178 760.4162475371495 0.26323549845256167 61.158796701354731 87.547686915087979 32.751337366375083 6.7288499498827141 16.210152124222077 1087.2678539752451 22.061779937481333 2224.4629740088167 0.14620439780992711 0.60944251483306233 2.6645075316191651 16.332916626794034 1.2548541985161135 3.2246307897148654 1.3194860609946761 5.6678015050856629
leaf_count=87 249 1 299 997 4767 3578 130 57 12474 36 68994 3 1298141 36 3637 2029 2630 929 3508 144281 20174 130759 14 18 99 3715 278 301 324 2474
internal_value=-2.07215e-06 0.0135232 0.00546564 -0.0121359 -0.0243563 -0.0323485 0.0546627 -0.255134 0.0504407 -0.169659 -0.000288389 -0.17715 -0.000269878 0.000113981 -0.00848657 -0.0067762 0.00658573 -0.0200862 0.0625486 -0.00013723 0.00275727 -0.00121297 0.0277825 0.00479719 -0.103706 0.0445715 -0.0728912 0.0381743 0.0538944 0.066285
internal_weight=4394.26 91.0936 74.7735 41.803 35.3381 32.8308 6.46488 0.233765 16.3201 0.315136 4303.17 0.450324 4302.72 4110.68 192.039 188.187 93.9101 94.2765 16.4734 4094.21 1109.33 2984.88 32.9705 13.917 3.27395 19.0535 1.40106 10.6431 17.6524 6.23112
internal_count=1705019 29811 17052 12004 9342 4575 2662 58 12759 285 1675208 90 1675118 1596899 78219 9225 6267 2958 3544 1593355 164455 1428900 5048 717 117 4331 292 600 4039 2604
is_linear=0
shrinkage=0.08


Tree=131
num_leaves=31
num_cat=0
split_feature=10 5 5 1 16 0 9 5 4 16 15 16 7 10 8 15 4 0 1 11 1 0 5 14 9 0 7 7 9 14
split_gain=2.35114 3.69627 3.88451 4.77921 5.61181 7.00107 3.2916 4.43522 4.76373 2.67152 2.54975 2.08261 9.15766 9.81958 14.4125 7.26994 5.66411 13.6907 11.6049 11.3944 10.5675 8.71117 8.70222 5.38409 6.33965 3.84616 4.09933 4.20442 4.37153 3.86458
threshold=0.84807693958282482 0.6900656819343568 0.66969698667526256 0.82426470518112194 1.0000000180025095e-35 0.92031747102737438 0.86034008860588085 0.55198147892951976 0.53571429848670971 1.0000000180025095e-35 0.37439940869808203 1.0000000180025095e-35 0.9832867980003358 0.77097901701927196 0.85014972090721141 0.99891540408134472 0.35416667163372045 0.80982521176338207 0.62243187427520763 0.88194444775581371 0.84764185547828685 0.83935481309890758 0.61167800426483165 0.17089217156171801 0.81848686933517467 0.097167581319808974 0.33772005140781408 0.97718599438667308 0.62942156195640575 0.050252525135874755
decision_type=2 2 2 2 2 2 2 2 2 2 2 2 2 2 2 2 2 2 2 2 2 2 2 2 2 2 2 2 2 2
left_child=11 2 6 4 -4 -6 7 -2 -9 -8 -11 12 16 23 -15 -16 20 18 -18 -19 21 -1 -22 -14 -25 26 -13 28 -28 -27
right_child=1 -3 3 -5 5 -7 9 8 -10 10 -12 25 13 14 15 -17 17 19 -20 -21 22 -23 -24 24 -26 29 27 -29 -30 -31
leaf_value=0.0073313464145154704 0.062641111208475653 0.080722356998209205 0.084944258757346167 0.080740505306755278 -0.82493042053731191 -0.18366392576113735 0.030843153414411541 -0.22079605810718167 0.080888416438868682 0.029881720783687737 -0.013847462268533462 0.35941988084256821 0.090318878445564521 -0.93434870883018462 -0.11524500258828631 -0.56789756674085734 0.010705155689775816 -0.00013792078193434058 -0.049241419280883776 0.068292491890171517 0.072269843062916492 -0.022141802814213008 -0.0031941627587989108 0.082879252955477101 -0.44809495721230369 -0.011082465671921638 -0.018995740333753459 0.026967631702266504 -0.074023100272372799 -0.00021313164380771344
leaf_weight=742.39333328150315 12.047727130469864 4.8510008754528817 0.19455433066468686 0.38044787003309466 0.17565521626965963 0.28696878178743646 17.71071296367154 0.77035138364590128 0.59272331345709972 10.685743453388566 42.372061066016613 0.18021637668471058 1.8899531540955643 0.15620530702290158 3.1148575130355316 0.24493768400134275 30.010001308079154 1156.949630874054 66.390793051357832 15.785576346213928 27.648559865630887 70.254046745116284 15.132417633300063 0.28098845767090086 0.29500208709214348 235.67922755385939 41.029315881223738 9.287670397810869 11.925172969349658 1874.0573659653708
leaf_count=165827 2515 14403 108 426 32 61 3560 332 647 1419 6308 21 365 23 310 238 8898 69872 13116 24999 2259 7380 1743 63 28 181067 2150 229 267 1196353
internal_value=4.48633e-06 0.0127967 0.00893002 -0.144913 -0.275546 -0.427148 0.0108263 0.0471662 -0.0896107 0.00393985 -0.00504049 -0.000263291 0.00151386 -0.0973302 -0.183169 -0.148245 0.00179216 -0.00159908 -0.0305798 0.000783185 0.0068235 0.00478337 0.0455768 0.0250604 -0.189067 -0.00200639 -0.0215769 -0.02268 -0.0313877 -0.00142735
internal_weight=4392.77 90.0679 85.2169 1.03763 0.657178 0.462624 84.1793 13.4108 1.36307 70.7685 53.0578 4302.71 2130.55 5.98194 3.516 3.3598 2124.56 1269.14 96.4008 1172.74 855.428 812.647 42.781 2.46594 0.575991 2172.16 62.4224 62.2422 52.9545 2109.74
internal_count=1705019 29811 15408 627 201 93 14781 3494 979 11287 7727 1675208 295121 1027 571 548 294094 116885 22014 94871 177209 173207 4002 456 91 1380087 2667 2646 2417 1377420
is_linear=0
shrinkage=0.08


Tree=132
num_leaves=31
num_cat=0
split_feature=10 1 8 14 8 16 9 7 7 8 7 10 7 8 8 0 9 4 0 11 9 14 10 9 9 11 14 9 10 8
split_gain=2.24356 16.1303 9.30696 8.46007 16.3031 9.95231 9.08623 14.3405 7.97083 7.24823 19.568 9.07233 9.13241 11.1931 9.78328 8.49927 17.1235 7.6253 8.62852 7.23458 7.0042 6.14829 5.69293 8.38997 8.23649 5.3839 5.21721 290.103 5.0461 4.25496
threshold=0.28869047760963445 0.97321215271949779 0.5278482735157014 0.28902275860309606 0.64031249284744274 1.0000000180025095e-35 0.52062898874282848 0.55891487002372753 0.88949939608573925 0.52393686771392833 0.62087112665176403 0.18834459781646731 0.65733855962753307 0.3869446069002152 0.44347231090068823 0.11189358308911325 0.54585504531860363 0.61250001192092907 0.84134247899055492 0.38750000298023229 0.611852526664734 0.37368187308311468 0.2788888961076737 0.611852526664734 0.49132832884788519 0.43650794029235845 0.2703810334205628 0.70608803629875194 0.29520697891712194 0.51628047227859508
decision_type=2 2 2 2 2 2 2 2 2 2 2 2 2 2 2 2 2 2 2 2 2 2 2 2 2 2 2 2 2 2
left_child=3 2 8 4 5 6 19 -8 25 11 15 12 13 -5 -14 16 -11 21 -19 -1 -17 -13 23 -12 -24 -2 -7 -28 -10 -30
right_child=1 -3 -4 9 -6 26 7 -9 28 10 22 17 14 -15 -16 20 -18 18 -20 -21 -22 -23 24 -25 -26 -27 27 -29 29 -31
leaf_value=-0.060422748433050226 0.094878642588537371 0.067689135816105292 5.9041171753527998e-05 -0.00010135442259902484 0.016984186513199634 -0.056759301359165043 0.10936784130314195 -0.0071712823021195179 0.11704436337019541 0.083531646950590233 -0.032962610320859224 0.087114415612098831 -0.0090347330428138511 0.03298720106940891 -0.058521311312564522 0.036509852093796813 0.87139748921568483 -0.11666815442593435 0.074368125998427945 0.0079944805190160992 0.2311703270368366 0.0088751061147073814 0.014180335122767547 0.022464458116474854 -0.12359476807703926 0.032415505179159969 0.012610928362986565 23.329695003773558 -0.028405025992228796 0.054145245623620497
leaf_weight=32.235191563558601 13.439612318354191 23.955326832263381 1356.8516022430413 2103.7608121268122 71.857593082615494 67.636306823712857 7.7212608197005457 54.152461544119433 2.0919249609578427 0.59533031524915614 89.768151262724132 6.6538785151278708 129.77749575889902 67.529821009467014 31.840500843856717 11.989367911946827 0.25098052038811147 1.6307657691650117 20.981720196083188 14.270439711854122 1.3125005747569947 189.46658166211273 4.1152770749176844 21.704040275857551 8.5397206650231947 25.756351420801366 4.8665406357122256 0.0034173473250119759 20.391832991415871 4.970093329291557
leaf_count=114901 308 35463 78452 381185 2407 884923 2635 2689 27 62 2659 1550 2045 122101 767 3734 12 28 1147 19914 74 3567 54 520 173 649 42395 1 487 90
internal_value=9.63065e-06 0.00258826 0.00149271 -0.00125876 -0.0152526 -0.0280588 -0.0127103 0.00737171 0.0306792 5.60913e-05 -0.0177831 0.00102281 -0.000437848 0.000927741 -0.0187841 0.0713572 0.31718 0.0166015 0.060591 -0.0394286 0.0557171 0.0115296 -0.0279434 -0.0221708 -0.0787917 0.053833 -0.051001 0.028973 -0.00237765 -0.0122279
internal_weight=4390.12 1447.46 1423.5 2942.66 252.743 180.886 108.379 61.8737 66.6498 2689.92 138.275 2551.64 2332.91 2171.29 161.618 14.1482 0.846311 218.733 22.6125 46.5056 13.3019 196.12 124.127 111.472 12.655 39.196 72.5063 4.86996 27.4539 25.3619
internal_count=1705019 115476 80013 1589543 1069865 1067458 140139 5324 1561 519678 7288 512390 506098 503286 2812 3882 74 6292 1175 134815 3808 5117 3406 3179 227 957 927319 42396 604 577
is_linear=0
shrinkage=0.08


Tree=133
num_leaves=31
num_cat=0
split_feature=10 6 6 9 2 1 7 9 9 4 4 11 2 0 1 14 10 6 6 10 5 6 2 0 14 0 4 5 2 5
split_gain=2.03522 3.85158 3.90356 4.34227 3.90015 8.78121 2.43232 2.02577 2.51427 1.95334 10.3532 42.1463 27.7571 22.0458 14.8386 20.4726 23.1104 13.7487 10.4723 9.07805 8.67068 25.9694 17.4224 20.6763 8.23514 8.06605 7.81779 7.80274 7.35872 7.69915
threshold=0.84807693958282482 0.077935222536325469 0.38742592930793768 0.84764185547828685 0.84273937344551098 0.87585616111755382 0.97718599438667308 0.53528240323066723 0.52952802181243908 0.31666667759418493 1.0000000180025095e-35 1.0000000180025095e-35 0.7243877947330476 0.66987180709838878 0.32392686605453497 0.58411461114883434 0.1490740776062012 0.12158167362213136 0.084219858050346388 0.050641026347875602 0.22767145186662677 0.35781671106815344 0.54085850715637218 0.69504830241203319 0.07907764241099359 0.99532711505889904 0.43650794029235845 0.64051282405853283 0.52851876616477977 0.43693181872367864
decision_type=2 2 2 2 2 2 2 2 2 2 2 2 2 2 2 2 2 2 2 2 2 2 2 2 2 2 2 2 2 2
left_child=9 7 3 6 5 -5 -3 8 -2 10 11 19 13 -13 17 27 -17 -12 -14 25 21 22 23 -11 -24 -1 -23 -16 29 -22
right_child=1 2 -4 4 -6 -7 -8 -9 -10 20 14 12 18 -15 15 16 -18 -19 -20 -21 28 26 24 -25 -26 -27 -28 -29 -30 -31
leaf_value=-0.022382595055242968 0.080486331840398814 -0.17365889805418641 0.025375312084694901 -0.025450844502890979 0.080256554047266143 -0.46517337768363676 0.062704889978744807 0.052546749470021956 -0.35156604563363497 0.065713012025712197 0.12138441896722783 -0.0035087516754683523 -0.023874107792135692 -0.062441404938324827 -0.054377345531917788 -0.014560906374435339 0.10336635935397304 -0.039740891333933472 0.092702828977229923 0.080785632935364476 -0.014059305270079018 -0.068178183522480756 0.10189868531567665 0.23276272009372856 -0.0041519238183673661 0.39038851880733044 0.016497755956076176 0.10349267190248472 0.00061973008365364963 -0.089350094624825016
leaf_weight=8.4752575085607269 0.16633377770631241 0.29296341673761972 31.859194384393049 33.004532772290986 2.2171554100859785 0.293236858851741 5.6980358647560934 15.169298596301813 0.17893582252145279 21.613693817041625 8.723485039474296 882.52413457783223 6.1184702711725576 42.585349058106658 95.048577410168022 72.698317413935001 12.4581015612639 5.5429331880063719 25.425925962785186 48.153812485581511 43.715149496530103 18.227940073532867 5.7365989789523182 6.0747767937409654 25.594183633249486 0.31421882659196931 11.306800880767694 2.0468251401527331 2942.4392612161155 10.849779057008162
leaf_count=22679 249 58 5048 4398 4767 177 2604 12474 36 55102 3409 119386 750 2419 729209 45457 216 22603 2373 6753 29800 66901 10875 933 46731 2 6280 779 500683 1868
internal_value=-1.15382e-05 0.011971 0.00431265 -0.0118547 -0.0224823 -0.0293233 0.0511466 0.0481855 -0.143425 -0.000259462 -0.00298352 0.000274705 -0.00370527 -0.00622158 -0.0197887 -0.0259392 0.00269146 0.0587824 0.0700911 0.0671388 0.000808879 0.02548 0.0561269 0.102363 0.0152657 -0.00762626 -0.0357616 -0.0510494 7.9908e-05 -0.0290302
internal_weight=4384.55 88.8797 73.3651 41.5059 35.5149 33.2978 5.991 15.5146 0.34527 4295.67 1210.12 1013.6 956.654 925.109 196.518 182.252 85.1564 14.2664 31.5444 56.9433 3085.56 88.554 59.0193 27.6885 31.3308 8.78948 29.5347 97.0954 2997 54.5649
internal_count=1705019 29811 17052 12004 9342 4575 2662 12759 285 1675208 956035 154362 124928 121805 801673 775661 45673 26012 3123 29434 719173 186822 113641 56035 57606 22681 73181 729988 532351 31668
is_linear=0
shrinkage=0.08


Tree=134
num_leaves=31
num_cat=0
split_feature=2 6 1 16 10 15 6 7 9 8 0 7 5 1 0 5 5 15 2 6 0 9 11 6 6 2 6 2 0 12
split_gain=2.01151 11.9409 18.5328 10.3721 8.28373 8.01736 11.3527 10.0155 8.0626 8.09728 7.96115 7.93317 7.66875 23.7526 19.5466 13.1679 11.4111 8.5181 7.40633 11.2432 10.3258 8.32733 10.3656 8.32827 8.09641 7.29066 6.46861 5.18528 4.80762 4.37187
threshold=0.22401433438062671 0.33589744567871099 0.19139194488525393 1.0000000180025095e-35 0.60357144474983226 0.44714953005313879 0.75204917788505565 0.71746492385864269 0.73350083827972423 0.54246303439140331 0.31311275064945226 0.75532880425453197 0.065395578742027297 0.49770642817020422 0.46225070953369146 0.10425724461674692 1.0000000180025095e-35 0.49966327846050268 0.11189358308911325 0.20185185223817828 0.097167581319808974 0.7577352523803712 0.95454546809196483 0.29061582684516912 0.042109929025173194 0.31851120293140417 0.79361054301261913 0.29679679870605474 0.28778468072414404 1.0000000180025095e-35
decision_type=2 2 2 2 2 2 2 2 2 2 2 2 2 2 2 2 2 2 2 2 2 2 2 2 2 2 2 2 2 2
left_child=1 4 3 -3 18 6 7 -2 9 -9 25 29 13 16 15 -14 -12 -16 19 24 -21 23 -23 -20 -1 -7 -13 -10 -6 -4
right_child=5 2 11 -5 28 10 -8 8 27 -11 12 26 14 -15 17 -17 -18 -19 21 20 -22 22 -24 -25 -26 -27 -28 -29 -30 -31
leaf_value=-0.022351894036209598 -0.046618088235030018 -0.01098555701185209 0.10311373062054528 -0.06963115132934633 0.048440501888668414 0.069503393978195854 0.070400749100352253 -0.029125284977725388 -0.0092951516195174961 0.042199938778345783 -0.012676410353048836 0.028037510647392266 -0.01260481579855818 0.097753855415007029 -0.054402696556903517 0.080669610134548791 -0.06773760648130786 0.00015669764373016793 0.019662281097668727 8.679756964682376e-05 -0.093237334438991723 0.010737880091805435 -0.18334855811220663 0.08570602011554021 0.014002951053536867 -0.043077930817803381 0.1604401612906155 -0.05545505991217306 -0.15974015485681906 -0.060524552683369752
leaf_weight=51.645264592400054 63.608822110509664 36.934114061801665 1.1781478250832123 40.426855919299669 40.852118195267394 18.451664328458723 9.1277888439467443 15.154696827870792 48.778310221794527 31.074013260076754 72.233148964649445 38.509986875811592 13.893417672036774 10.011111590935796 18.412582122718959 31.990694966971205 36.141564752500926 3421.3874098444139 121.87154888932491 15.110537196345833 15.241273586983878 4.8541800384409717 2.7638253676705062 13.581852883517966 162.76814820869185 4.598984043695963 2.515830897842533 22.88044296274893 0.722508504986762 9.2393270908014529
leaf_count=1008 606452 2689 528 4378 5010 151 1554 234 461 384 4086 480 6353 3128 417529 6313 9118 620100 4722 572 591 96 73 813 3361 71 58 172 3 4531
internal_value=-8.37297e-06 0.00447719 -0.0168866 -0.0416322 0.0108854 -0.000664234 -0.0166559 -0.0210342 -0.00722979 0.0188181 0.000176213 0.0203261 -0.000123525 -0.0201475 0.000556557 0.0524267 -0.0310386 -0.000135348 0.00724743 -0.00120474 -0.0467763 0.0217073 -0.059677 0.0262845 0.00524624 0.0470416 0.0361569 -0.0240339 0.0448226 -0.0420181
internal_weight=4375.96 558.216 128.804 77.361 429.411 3817.74 190.624 181.496 117.887 46.2287 3627.12 51.4433 3604.07 118.386 3485.68 45.8841 108.375 3439.8 387.837 244.765 30.3518 143.071 7.61801 135.453 214.413 23.0506 41.0258 71.6588 41.5746 10.4175
internal_count=1705019 28913 12664 7067 16249 1676106 609257 607703 1251 618 1066849 5597 1066627 16332 1050295 12666 13204 1037629 11236 5532 1163 5704 169 5535 4369 222 538 633 5013 5059
is_linear=0
shrinkage=0.08


Tree=135
num_leaves=31
num_cat=0
split_feature=8 14 10 0 2 2 10 10 2 10 2 5 4 10 8 14 6 2 6 7 12 1 7 7 8 14 8 1 14 5
split_gain=1.82806 6.42462 6.27216 7.344 5.17138 5.01718 3.76908 3.67104 5.31355 4.3205 4.31713 3.98479 3.70984 3.58951 3.54513 19.7411 11.5203 9.94505 8.70577 8.63496 8.53276 26.3522 8.20072 7.84037 6.3485 6.00834 15.9083 10.7097 10.2741 8.26387
threshold=0.95931279659271251 0.027907580137252811 0.72318005561828624 0.12732185423374179 0.25844402611255651 0.47856706380844122 0.62828946113586437 0.8603896200656892 0.65599384903907787 0.82085561752319347 0.63028588891029369 0.84495192766189586 0.31666667759418493 0.72902098298072826 0.90461024641990673 0.096930783241987242 0.13840996474027636 0.80229884386062633 0.81934732198715221 0.95090001821517955 1.0000000180025095e-35 0.77836257219314586 0.90152388811111461 0.94764256477355968 0.91905540227890026 0.088117647916078581 0.74311000108718883 0.64899963140487682 0.18780940771102908 0.34654632210731512
decision_type=2 2 2 2 2 2 2 2 2 2 2 2 2 2 2 2 2 2 2 2 2 2 2 2 2 2 2 2 2 2
left_child=14 6 3 -3 -4 -6 -2 9 10 11 -9 -8 -11 -7 25 16 17 -16 22 -19 23 -22 -17 -18 -24 26 27 -1 -27 -29
right_child=1 2 4 -5 5 13 7 8 -10 12 -12 -13 -14 -15 15 18 20 19 -20 -21 21 -23 24 -25 -26 28 -28 29 -30 -31
leaf_value=-0.031166204813502595 0.095437556337173254 -0.53058654510790881 0.086488195962268546 0.072003288199202084 -0.10159870581924263 -0.32978150013618285 -0.0049516888150232799 0.0048527505800745521 0.06521734829705135 0.023525976259561487 -0.13686644313675125 -0.093879437111917541 -0.14545041337374426 0.021987086029580882 0.047669552684614452 -0.36381627843834308 -0.045363463583896417 -0.071427303336909193 -0.38767345650574714 0.045014153252814895 -0.042492635812340022 -0.20787078219862068 -0.0012096498665146319 0.035905265564721296 0.043817273217004696 -0.013675647206350934 0.024401185161709301 0.088782507261267851 0.0006056371113890768 0.0024172181700517288
leaf_weight=74.895681957446911 2.5856110630702451 0.13029077782994392 3.2650408635236081 19.82844639589166 3.8537641498842259 0.19091702706646163 48.243957825019606 51.377067437788355 9.7939129139704146 1.1687820485676628 1.4135297263346718 3.4558625542995278 2.8818614645497291 6.732561081807944 17.637861844239524 0.35299829718132869 29.778671791777015 13.249035159693451 0.33509852696442877 5.8869782990877857 28.608345815067878 7.8609651635051696 37.86330940501648 10.199761098541783 42.574242048816814 357.38548601209777 209.26909101266938 7.8350235652260372 3292.8059834644564 74.632128865332064
leaf_count=280617 94 9 485 3606 77 9 1355 3892 16139 63 513 690 141 3107 1642 18 307 1309 19 2474 1224 1331 5909 248 10233 412867 12724 16009 872443 55465
internal_value=-8.63739e-06 0.00852599 0.0392489 0.0680696 -0.00171492 -0.0284367 -0.000112818 -0.00220059 0.0110984 -0.0171298 0.00105805 -0.010896 -0.0966936 0.012287 -0.000322611 -0.0108751 -0.0324576 0.00433578 0.0192461 -0.0356054 -0.0501565 -0.0781399 0.0209339 -0.0246292 0.0226223 0.000187955 0.00995062 -0.00926648 -0.000792625 0.0106226
internal_weight=4366.09 154.922 34.001 19.9587 14.0423 10.7772 120.921 118.335 62.5845 55.7505 52.7906 51.6998 4.05064 6.92348 4211.17 194.347 113.222 36.7739 81.1256 19.136 76.4477 36.4693 80.7905 39.9784 80.4376 4016.82 366.632 157.363 3650.19 82.4672
internal_count=1705019 30180 7293 3615 3678 3193 22887 22793 20544 2249 4405 2045 204 3116 1674839 24714 8535 5425 16179 3783 3110 2555 16160 555 16142 1650125 364815 352091 1285310 71474
is_linear=0
shrinkage=0.08


Tree=136
num_leaves=31
num_cat=0
split_feature=10 14 7 1 10 14 8 16 8 4 5 14 11 15 10 7 15 1 5 5 14 10 8 10 6 10 6 5 1 10
split_gain=1.87718 15.0157 9.29696 8.97473 8.8674 11.3814 11.0285 8.77569 7.553 7.52079 13.1395 7.45759 7.62163 8.7171 7.38524 7.28853 7.49268 7.47221 12.3609 11.1518 6.61738 6.44177 9.24032 8.81659 7.91535 6.01584 5.87123 15.2853 14.0435 5.44475
threshold=0.24568965286016467 0.28513357043266302 0.65733855962753307 0.99532711505889904 0.26794873178005224 0.096632707864046111 0.64031249284744274 1.0000000180025095e-35 0.50112107396125805 0.31666667759418493 0.14379699528217318 0.27801932394504553 0.43650794029235845 0.70271718502044689 0.23205128312110904 0.75532880425453197 0.90642601251602184 0.90054944157600414 0.71563342213630687 0.84495192766189586 0.018265220336616043 0.11651583760976793 0.36009480059146887 0.18834459781646731 0.20638945698738101 0.26491229236125952 0.17712418735027316 0.72821971774101268 0.90521115064620983 0.0745370388031006
decision_type=2 2 2 2 2 2 2 2 2 2 2 2 2 2 2 2 2 2 2 2 2 2 2 2 2 2 2 2 2 2
left_child=1 7 9 8 5 6 -5 11 -4 25 -11 14 -13 -14 29 16 17 19 -19 -3 -12 -17 24 -24 -23 -2 28 -28 -18 -1
right_child=2 15 3 4 -6 -7 -8 -9 -10 10 20 12 13 -15 -16 21 26 18 -20 -21 -22 22 23 -25 -26 -27 27 -29 -30 -31
leaf_value=-0.080700493035237242 -0.036308368574912438 0.0045268541120877578 0.021627847771815176 -0.73065055279178326 0.066394915077934921 0.0020214797577742683 -0.093168006498718356 -0.054681514995927334 -0.001373906915043096 0.51178278652835996 -0.080317164142749919 -0.066206819611732984 -0.079258608317252954 -0.71286020970375963 -0.12539783197758445 -0.078325248010112536 -0.035771519765696307 0.087515865895513939 0.0081767729481828071 0.25843405170608663 0.058397076260028186 0.049070533479220801 -0.048535463489433932 -0.0052753828579353117 -0.017588139608853026 0.029995127246921813 -0.0043569529127871452 0.023442895581511008 -0.0031180204174056977 9.2069747412900412e-05
leaf_weight=5.6989695984224502 14.471952333697116 955.79140014853419 97.378526389104081 0.29365950817009734 22.275955289645935 2.8978107328002807 0.4251172233489342 47.417784686913819 1479.358837371663 0.3980931090482035 2.3472704470041199 1.3462743819527521 0.2601404432862181 0.29835164541145787 3.3842245349951545 9.8425466949120146 98.492482685483992 18.911819434386416 37.46436876910866 1.1083530420492014 35.325400116416859 25.165245573996799 51.251664301176788 73.235840472392738 20.843953521631192 22.181542984180851 496.67863841936924 169.87433947995305 584.73680925928056 84.388986630398989
leaf_count=93490 4250 509949 1757 8 34820 315 41 912334 81812 64 117 2140 372 5 108 134 679 1419 6878 147 1455 467 718 1172 271 1545 3121 772 3707 40952
internal_value=9.44445e-08 -0.0013111 0.0020999 0.00081384 0.047531 -0.0686592 -0.353614 -0.0265544 4.66702e-05 0.0296824 0.0545855 -0.0125706 -0.169277 -0.417734 -0.00937728 0.00010614 0.00128921 0.00648845 0.0347917 0.00482095 0.0497542 -0.0153961 -0.0117633 -0.0230856 0.0188716 0.00381642 -0.00261383 0.00272798 -0.00782526 -0.00501887
internal_weight=4363.55 2686.19 1677.35 1602.63 25.8925 3.61659 0.718777 142.795 1576.74 74.7243 38.0708 95.3769 1.90477 0.558492 93.4722 2543.4 2363.06 1013.28 56.3762 956.9 37.6727 180.339 170.497 124.488 46.0092 36.6535 1349.78 666.553 683.229 90.088
internal_count=1705019 1578835 126184 118753 35184 364 49 1049401 83569 7431 1636 137067 2517 377 134550 529434 526672 518393 8297 510096 1572 2762 2628 1890 738 5795 8279 3893 4386 134442
is_linear=0
shrinkage=0.08


Tree=137
num_leaves=31
num_cat=0
split_feature=6 2 0 6 2 6 7 7 2 7 6 2 2 5 6 10 1 0 7 2 6 15 1 2 0 7 9 10 14 15
split_gain=1.78037 17.055 25.39 9.5024 9.55939 9.39935 7.77797 7.53612 9.60208 6.7246 7.41026 29.7655 5.76116 5.65136 6.66959 5.14024 4.85384 4.68967 4.50962 4.47136 14.1827 11.3738 14.9187 11.6943 11.5002 10.9346 12.2521 10.1749 9.64193 8.75378
threshold=0.48610039055347448 0.59299960732460033 0.75147059559822094 0.54870337247848522 0.096006143838167204 0.48304596543312078 0.99783548712730419 0.68599441647529613 0.34178434312343603 0.65733855962753307 0.51887464523315441 0.61143791675567638 0.32466214895248419 0.35111427307128912 0.5604878067970277 0.40454545617103582 0.29459981620311743 0.19433516263961795 0.81872946023941051 0.19433516263961795 0.36451049149036413 0.52885574102401745 0.36461389064788824 0.4403389841318131 0.57712131738662731 0.71746492385864269 0.73350083827972423 0.51190477609634411 0.44559836387634283 0.28849306702613836
decision_type=2 2 2 2 2 2 2 2 2 2 2 2 2 2 2 2 2 2 2 2 2 2 2 2 2 2 2 2 2 2
left_child=5 3 9 6 18 19 12 -6 -9 10 11 -3 15 14 -4 -2 -14 -8 -5 20 27 25 23 -23 -24 28 -27 -1 -21 -22
right_child=1 2 13 4 7 -7 17 8 -10 -11 -12 -13 16 -15 -16 -17 -18 -19 -20 21 29 22 24 -25 -26 26 -28 -29 -30 -31
leaf_value=0.0059292809600828989 -0.053954490695808918 1.1307367473666716 -0.071436311975062589 -0.00083033487390790715 -0.015342031742128687 -0.069224780009817993 -0.064296946171306088 0.0043534454739154191 0.048420870476586109 0.10172568264681908 0.11567818654399807 0.21018906295177198 -0.18295189394513034 0.024402275039576735 0.13457277020088224 0.018769179839819666 -0.058452958021248051 0.066526651028549669 -0.10855695262999483 -0.071984802191702543 -0.084614745656223983 0.11654840356992507 -0.025322555908849124 -0.0021262299389473651 0.00039936645106328558 0.02999453663505244 -0.021368299234103653 0.044423600740749462 -0.018064269250590494 0.040413431157051816
leaf_weight=365.38824727334895 11.719096183456715 0.26337743126123259 7.455048269075176 3.8353914482340752 74.897160791494116 12.707145132235835 2.3162300260737521 130.2465225798951 41.80169185451814 9.5074957510805671 1.8086122602762769 1.5348829294362074 2.1639761960068453 83.508526651540251 1.1626445050465006 13.256810428458264 27.138641183069467 7.2205249763210304 7.0739772277884185 36.845358648237379 16.256636351574347 12.473575035410706 115.35014067239399 9.2587775745578238 3125.1276727553404 44.208528950752225 90.711697696184274 49.95350159163354 50.062367244267989 4.5974930825968832
leaf_count=9099 6460 497 2778 808 114054 7657 29 2087 2225 754 615 508 2018 8941 380 114 66324 105 86 959444 1634 473 22501 2071 366155 861 685 5628 119680 348
internal_value=8.11035e-07 0.00490763 0.0328628 -0.00423844 0.00260188 -0.000531811 -0.0318777 0.00583943 0.0150603 0.13701 0.230017 0.345015 -0.0435847 0.0180372 -0.0436429 -0.0153539 -0.0676471 0.034753 -0.0706837 -0.000309148 0.00732665 -0.00126514 -7.3202e-05 0.0659887 -0.000516248 -0.0187938 -0.00453854 0.010559 -0.0409244 -0.0570511
internal_weight=4359.85 426.911 105.241 321.67 257.855 3932.94 63.8153 246.945 172.048 13.1144 3.60687 1.79826 54.2785 92.1262 8.61769 24.9759 29.3026 9.53676 10.9094 3920.23 436.196 3484.04 3262.21 21.7324 3240.48 221.828 134.92 415.342 86.9077 20.8541
internal_count=1705019 208783 14473 194310 119260 1496236 75050 118366 4312 2374 1620 1005 74916 12099 3158 6574 68342 134 894 1488579 16709 1471870 391200 2544 388656 1080670 1546 14727 1079124 1982
is_linear=0
shrinkage=0.08


Tree=138
num_leaves=31
num_cat=0
split_feature=0 5 6 2 2 5 6 2 0 6 15 0 11 5 1 4 5 6 4 6 1 5 5 4 1 10 2 5 15 4
split_gain=1.63999 12.2515 23.6198 20.2366 15.3112 14.4892 33.3463 17.8632 14.5623 12.0253 10.3179 8.96187 8.87658 8.17886 7.07577 6.27791 15.8677 6.53965 6.26522 5.84562 5.62805 50.8361 10.7485 5.37393 5.0571 4.81204 4.56702 4.35206 4.13664 4.0087
threshold=0.95713412761688244 0.75204917788505565 0.033908046782016761 0.91458967328071605 0.94609123468399059 0.6900656819343568 0.18257576227188113 0.88067796826362621 0.86526826024055492 0.084219858050346388 0.9200141727924348 0.97100839018821727 0.88194444775581371 0.52223318815231334 0.8521554470062257 0.61250001192092907 0.64760348200798046 0.064866758882999434 0.13392857462167743 0.18257576227188113 0.82793453335762035 0.680425524711609 0.64051282405853283 0.77500000596046459 0.87226107716560375 0.43303571641445165 0.77836257219314586 0.77459675073623668 0.96005961298942577 0.84523808956146251
decision_type=2 2 2 2 2 2 2 2 2 2 2 2 2 2 2 2 2 2 2 2 2 2 2 2 2 2 2 2 2 2
left_child=1 3 14 5 9 7 25 8 -1 -4 23 24 18 -9 -3 17 -17 -12 -13 -11 22 -22 -20 -5 -2 -7 -8 -16 -29 -26
right_child=11 2 4 10 -6 6 26 13 -10 19 15 12 -14 -15 27 16 -18 -19 20 -21 21 -23 -24 -25 29 -27 -28 28 -30 -31
leaf_value=0.00069427899004443911 0.10176149126075971 0.051206100165197103 -0.078930992949753781 0.087414794730560547 0.07580747539588488 -0.079452530969603072 -0.087822769124903596 0.08283274484511606 -0.016033453755369222 -0.0096944764890730516 0.058377846193184826 0.14132567322185288 0.05631446284585688 0.022283670949613844 -0.03621081257753854 -0.11717757231215656 0.017450236288214335 -0.020088328285028819 0.0013631258095787115 0.089009355920999789 -0.075124442219334911 0.0013269965486692559 0.029002001074960149 0.029264391898598547 0.031934136336342775 -0.016498452657685049 0.11137879106112296 -0.11558059863465316 -0.33597506629599982 -0.18576783423397175
leaf_weight=1993.7890581024571 8.0047574723012094 1.9954696622577071 15.936651674332003 25.416538757188391 12.612135009755304 40.094915763301287 0.80306890897099847 18.104521775090689 399.8701058620768 17.499373417003678 25.89748135136324 2.0225214193633283 18.525051745451492 67.546651671528707 4.7015131610514826 7.0637601217749753 27.095128705899697 9.2172450349025876 461.93963052839263 4.9196891311057689 59.155059151386013 943.44898052605595 111.85570717216797 16.956735969376496 16.869928660218651 9.6387906936579366 8.8983745236992018 19.327255774597237 0.56085405038902436 0.55927213916856899
leaf_count=1455293 397 265 1530 3013 1096 4692 52 1307 75212 1521 2387 52 45008 4647 310 139 1402 705 39108 271 3735 52100 4188 1560 2319 484 554 1486 119 67
internal_value=-4.66209e-06 -0.00120253 -0.0325443 -0.000285441 -0.000658269 -0.00175139 -0.0407857 -0.000815637 -0.00210015 -0.0258018 0.0330488 0.00200949 0.00125912 0.0350822 -0.0936748 0.0140282 -0.0103896 0.0377813 0.000612965 0.0119653 0.000432431 -0.00318375 0.00675105 0.0641444 0.0491236 -0.0672515 0.0948892 -0.105432 -0.121796 0.0249485
internal_weight=4350.33 2727.95 77.5529 2650.39 50.9678 2538.75 59.4351 2479.31 2393.66 38.3557 111.647 1622.38 1596.95 85.6512 26.5851 69.2736 34.1589 35.1147 1578.42 22.4191 1576.4 1002.6 573.795 42.3733 25.434 49.7337 9.70144 24.5896 19.8881 17.4292
internal_count=1705019 1558045 6598 1551447 4418 1542241 5782 1536459 1530505 3322 9206 146974 144191 5954 2180 4633 1541 3092 99183 1792 99131 55835 43296 4573 2783 5176 606 1915 1605 2386
is_linear=0
shrinkage=0.08


Tree=139
num_leaves=31
num_cat=0
split_feature=16 4 2 0 6 5 4 1 8 2 10 0 6 6 5 6 1 5 7 10 5 1 1 8 0 7 5 2 1 4
split_gain=1.75362 5.18413 12.1502 9.04326 12.5526 15.758 9.50681 11.8675 8.88472 14.2535 8.48192 7.93383 7.59533 9.15812 9.21704 8.95535 8.04119 6.78901 6.76473 6.73147 6.63636 6.47143 12.2164 4.97811 4.56322 3.58847 3.52258 3.29172 2.98997 2.89479
threshold=1.0000000180025095e-35 0.61250001192092907 0.89022758603096019 0.93908473849296581 0.040408162400126464 0.70412456989288341 0.6904762089252473 0.91458967328071605 0.74311000108718883 0.70647653937339794 0.18019481003284457 0.84660634398460399 0.037386443465948112 0.059411764144897468 0.57947367429733287 1.0000000180025095e-35 0.4654348641633988 0.46720430254936224 0.93039408326148998 0.51190477609634411 0.47413024306297308 0.82426470518112194 0.85880398750305187 0.82388591766357433 0.93405798077583324 1.0000000180025095e-35 0.62622550129890453 0.94609123468399059 0.81872946023941051 0.43650794029235845
decision_type=2 2 2 2 2 2 2 2 2 2 2 2 2 2 2 2 2 2 2 2 2 2 2 2 2 2 2 2 2 2
left_child=1 2 12 4 5 11 7 19 20 -10 -9 -3 15 14 -14 17 -17 -1 23 -5 -6 28 27 -8 -7 -15 -24 -23 -4 -2
right_child=29 3 21 6 8 24 18 10 9 -11 -12 -13 13 25 -16 16 -18 -19 -20 -21 -22 22 26 -25 -26 -27 -28 -29 -30 -31
leaf_value=0.020495104274955593 -0.0048862707165298579 -0.013232458879738623 0.10241118013100638 -0.0016986517520563786 -0.051085230004654376 -0.051430724243986509 0.0079145203879311954 -0.082936680789830949 0.072727234410905631 -0.093678928935116271 0.058308197225011106 0.059505505982889215 0.044635940184651356 0.013248341367612368 -0.049831142798594089 0.012141632619342525 -0.049713893271958381 -0.034053159092770312 0.058182526037509667 -0.060943185600793141 -0.010032683081097584 -0.12073384650278153 0.067652213339803632 -0.02363264074179932 -0.20034818951931246 0.0011145827369715591 0.022106798740756793 -0.39505413545003132 0.42893275933454483 0.00095158797079926806
leaf_weight=54.023830163187085 958.95139928040658 13.985861167824622 7.3621920747919054 174.30880828314912 32.979682680385849 8.2999299962057176 465.97606259958866 21.441725170687281 3.8431967922369976 23.0653909555258 3.1164916295165304 30.58360701417223 60.302964084823543 200.03260626882548 7.4239162270641819 18.026200572947346 52.991292142642124 20.011405132425352 16.258112404233543 13.203980404869069 106.85838382069142 1.4629920505030884 17.047666034904978 34.374354015977588 1.5652779933971022 708.48720736426185 29.981534120313867 0.3462024911714251 0.18396787983510865 1255.1158206071962
leaf_count=8007 1224361 1365 869 8590 6110 476 25656 1025 243 1830 562 1736 10013 5772 419 1562 5502 1578 16494 1991 6231 87 1719 5734 98 184242 3432 27 19 179269
internal_value=-8.20009e-07 0.00163935 0.00518588 -0.00275782 -0.0169261 0.0164299 0.00154277 -0.0127192 -0.0278152 -0.0699121 -0.0650124 0.0366804 0.00336372 0.00590169 0.0342809 -0.0137175 -0.0340133 0.00575094 0.0073974 -0.00587044 -0.0197146 0.0414225 0.030769 0.00574721 -0.0750589 0.00378612 0.0386166 -0.173227 0.110371 -0.00157689
internal_weight=4341.61 2127.54 1177.68 949.861 221.181 54.4347 728.68 212.071 166.747 26.9086 24.5582 44.5695 1121.3 976.247 67.7269 145.053 71.0175 74.0352 516.609 187.513 139.838 56.3846 48.8384 500.35 9.86521 908.52 47.0292 1.80919 7.54616 2214.07
internal_count=1705019 301389 223248 78141 18089 3675 60052 12168 14414 2073 1587 3101 217095 200446 10432 16649 7064 9585 47884 10581 12341 6153 5265 31390 574 190014 5151 114 888 1403630
is_linear=0
shrinkage=0.08


Tree=140
num_leaves=31
num_cat=0
split_feature=10 1 7 8 8 10 14 11 1 9 4 14 14 9 10 10 14 9 6 7 9 4 10 4 9 14 1 6 9 6
split_gain=1.71717 13.262 10.7676 9.24048 14.8093 8.22331 11.4731 9.92857 8.78801 8.26405 7.36284 7.1773 6.91624 6.72657 8.33678 7.60278 7.47465 7.95408 7.16124 6.26593 11.175 11.6446 5.48155 6.53866 5.42338 5.37315 5.05001 11.8523 4.63989 4.14857
threshold=0.32666666805744177 0.99532711505889904 0.63670033216476452 0.71040332317352306 0.52393686771392833 0.18834459781646731 0.3140015453100205 0.43650794029235845 0.84028983116149913 0.5855005979537965 0.61250001192092907 0.093603972345590605 0.060737812891602523 0.59781962633132946 0.18350168317556384 0.18019481003284457 0.61437177658081066 0.49668815732002264 0.39504285156726843 0.81872946023941051 0.611852526664734 0.31666667759418493 0.42261904478073126 0.53571429848670971 0.81848686933517467 0.20851448923349383 0.95101958513259899 0.10582306981086732 0.49132832884788519 0.64549729228019725
decision_type=2 2 2 2 2 2 2 2 2 2 2 2 2 2 2 2 2 2 2 2 2 2 2 2 2 2 2 2 2 2
left_child=3 2 -2 4 5 6 7 -1 11 -8 29 -7 -12 16 15 -15 28 -18 -16 20 25 -22 24 -24 -21 -4 27 -14 -6 -5
right_child=1 -3 19 10 13 8 9 -9 -10 -11 12 -13 26 14 18 -17 17 -19 -20 22 21 -23 23 -25 -26 -27 -28 -29 -30 -31
leaf_value=-0.060154650788296085 0.10407564848466537 0.071348110501837064 0.016765652338372544 0.054305295598983692 -0.012862260208598795 -0.074304363535088819 -0.00037101736574690966 0.027876055476662033 0.056604664786362648 0.35566713559891427 0.08933956627414151 0.011059889191920002 -0.20931615460401046 0.01583038328198506 -0.019447775664811495 0.14628929613783481 -0.033716862550681868 0.12385280266920186 0.034478584288393926 -0.020854420014918357 -0.022042240567328807 0.021339586999051013 0.0055723249255459854 -0.0088757569704287515 0.023456444010922641 0.058941752934421804 0.081663457238638271 -0.011229191961105249 -0.037580092862775256 0.19980647510964158
leaf_weight=36.30761593867328 6.5135789040650698 17.618808072937099 38.970583718881244 25.656378908272021 76.167560177640667 6.4760298803012111 2315.0686560769277 10.591747491826025 27.365130037229392 0.41730911898775858 4.0975248203903929 236.75839995428032 2.3551717958180225 8.7557333911990991 85.392029683897704 4.2450371096201698 3.9003912029438634 4.3226299863308668 19.327547909306304 140.3895138076914 75.870474426366854 82.832202529272763 602.50572148911306 300.43097295669577 20.224525538360467 38.362048845941899 2.3046401501633218 10.789254689298103 134.30552117312254 1.3185931630432595
leaf_count=1036224 349 34217 874 489 13240 3725 443546 51066 1543 31 120 11700 28 1297 3823 172 57 72 1093 2695 1439 2517 34709 34499 591 774 317 235 23566 11
internal_value=1.91929e-06 0.00240397 0.00147394 -0.00105236 -0.00160663 0.000412838 -0.0011003 -0.0402738 0.0136228 -0.00030685 0.0343257 0.0087871 -0.00306213 -0.0174121 -0.00199361 0.0584281 -0.0257117 0.0491134 -0.00949487 0.000959692 0.0127512 0.000600177 -0.00165722 0.000765065 -0.0152748 0.0376878 -0.0275696 -0.0467217 -0.028635 0.0614177
internal_weight=4339.64 1323.72 1306.1 3015.92 2969.4 2632.98 2362.39 46.8994 270.6 2315.49 46.5216 243.234 19.5466 336.416 117.72 13.0008 218.696 8.22302 104.72 1299.59 236.035 158.703 1063.55 902.937 160.614 77.3326 15.4491 13.1444 210.473 26.975
internal_count=1705019 112664 78447 1592355 1591155 1547835 1530867 1087290 16968 443577 1200 15425 700 43320 6385 1469 36935 129 4916 78098 5604 3956 72494 69208 3286 1648 580 263 36806 500
is_linear=0
shrinkage=0.08


Tree=141
num_leaves=31
num_cat=0
split_feature=2 11 6 15 16 10 8 14 6 7 11 4 10 15 7 6 4 5 0 5 0 0 5 5 15 2 14 14 0 2
split_gain=1.51225 10.1392 9.63467 13.6398 9.95937 9.02863 15.062 14.1963 12.4476 8.36226 8.11006 7.46497 6.60138 6.19788 9.45255 8.89264 6.8552 6.87843 6.66906 6.43942 20.7318 16.3174 11.337 10.8921 6.75375 5.97288 5.69209 5.52718 10.6729 4.81945
threshold=0.22401433438062671 1.0000000180025095e-35 0.32305502891540533 0.31732864677906042 1.0000000180025095e-35 0.33974359929561621 0.53171876072883617 0.59331348538398754 0.072299651801586165 0.75532880425453197 0.38750000298023229 0.15476191043853763 0.29520697891712194 0.44714953005313879 0.57207792997360241 0.75204917788505565 0.11805555596947671 0.13182721287012103 0.31311275064945226 0.065395578742027297 0.52027395367622387 0.46225070953369146 0.10425724461674692 1.0000000180025095e-35 0.49966327846050268 0.31851120293140417 0.71021264791488659 0.129171296954155 0.26766170561313635 0.29679679870605474
decision_type=2 2 2 2 2 2 2 2 2 2 2 2 2 2 2 2 2 2 2 2 2 2 2 2 2 2 2 2 2 2
left_child=1 11 5 4 10 6 7 -3 -8 -5 -4 -1 -11 14 26 16 17 -16 25 20 23 22 -21 -20 -23 -15 -2 28 -17 -28
right_child=13 2 3 9 -6 -7 8 -9 -10 12 -12 -13 -14 18 15 27 -18 -19 19 21 -22 24 -24 -25 -26 -27 29 -29 -30 -31
leaf_value=0.11451517901925533 -0.071451437982968255 0.044020562422790593 -0.061377105382493274 -0.070513999843731232 -0.063498886358241871 0.026174617378436724 -0.080273535618369307 -0.0019001527383764303 -0.0083945489430328219 0.10209649795340293 0.015735889696297405 -0.083689602948321618 0.016360984612937782 0.063643311320186552 -0.014514713610532205 0.068087587176917388 0.13754180605233257 0.15774579237084715 -0.010870866672701705 -0.01202057880717558 0.10043719127137095 -0.05120209565507202 0.075723225425856369 -0.065668063021406792 0.00013451643473817493 -0.038560968399675141 0.15228705354599897 0.11323102572365187 -0.33161966947848526 -0.021321409916090141
leaf_weight=8.2233988709608621 26.000226841619678 60.316082810917578 12.611969720004707 5.9677822290541362 41.847164396691369 127.32827512588119 22.684015455099143 150.82947291369783 48.145877236125671 6.9172190753743044 28.348672895306663 1.4271926561409589 33.99485157156596 18.310547689441595 134.66559245766985 1.6932449724408782 1.9740101127426886 1.500060680322348 72.95209401712782 13.603715707859008 8.6520192530233526 16.480477657216397 30.674338010435349 34.051358689945118 3401.0395143973942 4.5736144663533187 1.1260014537911036 6.1843721900950186 0.57196102943271387 11.228592393810684
leaf_count=1497 594517 5882 1098 2046 5819 6086 291 1362 788 51 2739 802 452 151 5258 76 54 37 4202 6353 3020 417529 6313 9110 620100 71 191 65 13 9046
internal_value=2.36897e-06 0.00392761 0.00247237 -0.0165293 -0.0360503 0.00849303 0.000508767 0.0112176 -0.0314145 0.0179523 -0.00800756 0.0852034 0.0308567 -0.000566558 -0.0148494 -0.00559807 -0.0104713 -0.012617 0.000167129 -0.00010825 -0.0186775 0.000512132 0.0487654 -0.0283088 -0.000113047 0.0432168 -0.0502072 0.0740721 -0.0328379 -0.00549868
internal_weight=4333.92 548.642 538.991 129.688 82.8078 409.304 281.975 211.146 70.8299 46.8799 40.9606 9.65059 40.9121 3785.28 184.944 146.589 138.14 136.166 3600.34 3577.45 115.655 3461.8 44.2781 107.003 3417.52 22.8842 38.3548 8.44958 2.26521 12.3546
internal_count=1705019 28913 26614 12205 9656 14409 8323 7244 1079 2549 3837 2299 503 1676106 609257 5503 5349 5295 1066849 1066627 16332 1050295 12666 13312 1037629 222 603754 154 89 9237
is_linear=0
shrinkage=0.08


Tree=142
num_leaves=31
num_cat=0
split_feature=6 2 0 5 0 4 5 4 6 1 2 2 10 10 2 5 4 6 10 5 5 14 6 2 4 5 1 2 4 6
split_gain=1.57767 12.9672 34.6357 12.7143 12.0494 9.34883 16.4935 12.7627 11.9892 10.8429 9.48985 15.6913 9.06066 9.16624 8.41177 7.78216 6.98509 5.89414 5.71289 27.9998 58.1875 5.60387 7.92216 5.3157 18.2353 21.4285 28.7436 19.8081 21.0777 12.3272
threshold=0.41967740654945379 0.59299960732460033 0.71010184288024913 0.36032786965370184 0.80229884386062633 1.0000000180025095e-35 0.13182721287012103 0.73214286565780651 0.556623935699463 0.54446640610694896 0.47559523582458502 0.45115855336189276 0.72902098298072826 0.79057019948959362 0.096006143838167204 1.0000000180025095e-35 0.73214286565780651 0.41742423176765447 0.072299651801586165 0.27823315560817724 0.30079366266727453 0.52879089117050182 0.45867486298084265 0.19433516263961795 0.31666667759418493 0.29658564925193792 0.75513628125190746 0.7897985875606538 0.23611111193895343 0.3303030282258988
decision_type=2 2 2 2 2 2 2 2 2 2 2 2 2 2 2 2 2 2 2 2 2 2 2 2 2 2 2 2 2 2
left_child=17 5 18 12 -5 6 14 21 9 -8 11 -9 -4 -14 -2 -16 -6 23 19 -3 -21 -7 -23 -1 27 26 -26 29 -29 -25
right_child=1 2 3 4 16 7 8 10 -10 -11 -12 -13 13 -15 15 -17 -18 -19 -20 20 -22 22 -24 24 25 -27 -28 28 -30 -31
leaf_value=0.0079465944543119695 -0.064343553225525069 -0.021930629492094643 -0.047625804762851207 0.17042281337894086 0.021349309491997325 -0.065238548863900583 -0.061793131565819684 0.15016981849649261 0.10146875849567462 0.092774356836627464 0.031361006760300993 1.0467780388534935 -0.88987978481454999 0.08040076160428862 0.0048085514922585259 -0.033730664404357708 -0.010601275172903699 -0.085720702085069669 0.098620260875411217 2.3971250096096322 0.34513709173209123 0.061565173185688986 -0.033922786370422495 -0.028093009858175498 0.020164088153273103 -0.00082346479391499331 0.15258433132444402 0.079417155925387353 -0.028751983391544514 0.0061607663855788031
leaf_weight=420.86767353288406 14.386241393915041 1.3104979924887659 18.732577566438071 3.1106728132813251 146.59121673068012 31.018898122047176 7.5248462855624911 0.71260379708291921 17.15929037443766 4.7306727763871095 10.330163136651207 0.15147452163546404 0.16326341978856262 0.10077573299349751 207.55092945986689 39.994966828350698 62.447158121686698 5.2032260982587095 19.983090161760629 0.096872254768641031 1.0163273781463429 6.3356536024148218 45.459052429817348 346.68898266282986 141.83925544647582 2629.8846827016391 11.328807094759211 26.978450909607108 20.132761596780238 83.419301813781203
leaf_count=15651 1483 4556 12625 502 17268 229677 865 76 1084 228 807 44 12 75 27814 14252 4217 4447 2283 283 347 4129 16051 564083 218739 414036 1171 4830 5913 137471
internal_value=1.18956e-06 0.00367124 0.0177217 0.00851582 0.0141303 -0.00557357 0.00150451 -0.0275098 0.0583051 -0.00212955 0.0526642 0.307347 -0.0541853 -0.519553 -0.00487416 -0.00141807 0.0118045 -0.000634893 0.112688 0.228678 0.523704 -0.0383472 -0.0222425 -0.000514626 -0.00160688 0.000870641 0.0299583 -0.0160553 0.0331916 -0.0214495
internal_weight=4325.25 638.907 253.552 231.146 212.149 385.355 291.347 94.0078 29.4148 12.2555 11.1942 0.864078 18.9966 0.264039 261.932 247.546 209.038 3686.34 22.4068 2.4237 1.1132 82.8136 51.7947 3681.14 3260.27 2783.05 153.168 477.219 47.1112 430.108
internal_count=1705019 338678 42168 34699 21987 296510 45726 250784 2177 1093 927 120 12712 87 43549 42066 21485 1366341 7469 5186 630 249857 20180 1361894 1346243 633946 219910 712297 10743 701554
is_linear=0
shrinkage=0.08


Tree=143
num_leaves=31
num_cat=0
split_feature=8 14 10 1 2 1 10 10 14 8 11 1 8 14 6 2 8 6 7 7 11 14 8 1 14 4 8 5 1 8
split_gain=1.57546 5.60566 5.06906 4.71049 4.39124 4.39156 6.25182 3.39705 3.32648 4.25487 5.74112 3.16745 3.06496 16.4412 8.78951 8.43174 7.52539 9.80138 7.29908 7.15186 7.14898 5.47097 12.6619 8.54823 8.07272 7.78185 20.0516 7.595 7.42953 5.68054
threshold=0.95931279659271251 0.026432231068611148 0.72318005561828624 0.21778655797243121 0.25844402611255651 0.43929241597652441 0.91987180709838878 0.62828946113586437 0.015268065501004459 0.98192706704139721 0.63333335518836986 0.74210175871849071 0.90461024641990673 0.096930783241987242 0.13840996474027636 0.80229884386062633 0.91905540227890026 0.81934732198715221 0.91166466474533092 0.95531892776489269 0.17424242943525317 0.088117647916078581 0.74311000108718883 0.65733855962753307 0.18780940771102908 0.61250001192092907 0.82388591766357433 0.35111427307128912 0.81530213356018078 0.83745279908180248
decision_type=2 2 2 2 2 2 2 2 2 2 2 2 2 2 2 2 2 2 2 2 2 2 2 2 2 2 2 2 2 2
left_child=12 7 3 -3 -4 6 -6 -2 -9 -10 -11 -7 21 14 15 -14 17 -15 -16 -17 -20 22 23 -1 25 28 -27 -25 -23 -26
right_child=1 2 4 -5 5 11 -8 8 9 10 -12 -13 13 16 18 19 -18 -19 20 -21 -22 24 -24 27 29 26 -28 -29 -30 -31
leaf_value=-0.027665378298360913 0.094240875633948756 -0.14190888112384059 0.086263991133961215 0.070500904207825787 -0.14504230697525491 0.085654498784278929 0.097135996521308957 0.0013327366685138456 -0.12709006022965202 0.058787852165956132 -0.14620599965746162 -0.025614064122932111 0.044821663943326567 -0.0041821565678809907 -0.17271963293217751 -0.058533984592437513 0.041754989156014014 -0.48447010986958411 -0.016454009650564289 0.061166193425929105 -0.065753308820337988 -0.0087589560248730394 0.022661755156565017 0.085888342876905124 -6.5905381246760344e-06 0.00032792215909793781 -0.065617035168416521 0.0022082982067398332 0.03696077224257574 0.023131029233565796
leaf_weight=72.657523282768551 2.3879499708491485 0.69260064707487146 2.9787247331259996 18.955012330276077 3.0569427279115176 2.5540647675952641 0.87818831164622668 108.70231628393594 3.0238103298106571 2.9261502181325341 1.2469838438009899 4.5619071589280793 16.67362376566598 37.987688415996672 2.746693904628045 15.012786365725335 40.845108695684758 0.27389497868716617 39.490752100304235 4.0580523927128516 35.974406570094288 206.96142775504768 204.0076397122466 7.6851473851693148 3195.3810372155986 66.708895140025959 52.919503125252959 71.753953963971568 25.556462251492178 69.38433037847426
leaf_count=286001 94 35 503 3773 77 448 30 21825 84 278 316 2717 1642 5924 39 1746 10251 4 544 2037 2527 375143 12724 13489 863131 24293 6554 52601 6877 9312
internal_value=-1.11143e-05 0.00798985 0.0367858 0.0630132 5.64875e-05 -0.02318 -0.0909963 -0.000208616 -0.00215462 -0.0548275 -0.00246683 0.0143225 -0.000302963 -0.0101465 -0.0295976 0.00326755 0.0178736 -0.00762029 -0.0446176 -0.0330632 -0.0399551 0.000175368 0.00963648 -0.00783436 -0.000756129 -0.012264 -0.0288439 0.0103037 -0.00373382 0.000485141
internal_weight=4318.04 151.965 33.6774 19.6476 14.0298 11.0511 3.93513 118.287 115.899 7.19694 4.17313 7.11597 4166.08 193.063 113.956 35.7445 79.1067 38.2616 78.2119 19.0708 75.4652 3973.02 356.104 152.097 3616.91 352.146 119.628 79.4391 232.518 3264.77
internal_count=1705019 30180 7583 3808 3775 3272 107 22597 22503 678 594 3165 1674839 24714 8535 5425 16179 5928 3110 3783 3071 1650125 364815 352091 1285310 412867 30847 66090 382020 872443
is_linear=0
shrinkage=0.08


Tree=144
num_leaves=31
num_cat=0
split_feature=6 1 7 1 4 10 7 7 5 1 5 1 4 7 4 7 4 5 5 11 5 6 5 1 1 11 4 5 15 15
split_gain=1.57581 5.58704 5.82287 4.37286 5.83976 3.7353 8.74597 4.49696 2.96914 3.05828 2.90177 2.4754 2.98829 2.5119 2.253 2.20093 2.11771 11.13 7.14692 26.4162 20.251 19.7957 35.3314 18.7882 11.5242 6.82366 7.91163 13.0264 7.41365 9.68225
threshold=0.6776927411556245 0.46841755509376531 0.5966327190399171 0.3483316451311112 0.15476191043853763 0.5419580638408662 0.84262126684188854 0.88949939608573925 0.18245838582515719 0.47673159837722784 0.31072796881198889 0.4817046076059342 0.38750000298023229 0.75532880425453197 0.84523808956146251 0.65733855962753307 0.31666667759418493 0.12588027864694598 1.0000000180025095e-35 1.0000000180025095e-35 0.0372685194015503 0.3303030282258988 0.21778655797243121 0.32392686605453497 0.52565789222717296 0.88194444775581371 0.35416667163372045 0.680425524711609 0.52885574102401745 0.70271718502044689
decision_type=2 2 2 2 2 2 2 2 2 2 2 2 2 2 2 2 2 2 2 2 2 2 2 2 2 2 2 2 2 2
left_child=16 2 10 5 15 7 -7 -4 9 -3 14 13 -13 -10 -2 -5 18 -18 19 -1 -20 23 -23 -22 -21 28 27 -27 -19 -30
right_child=1 8 3 4 -6 6 -8 -9 11 -11 -12 12 -14 -15 -16 -17 17 25 20 24 21 22 -24 -25 -26 26 -28 -29 29 -31
leaf_value=0.12086585164689506 -0.056852866129750573 0.26820544111886557 0.0072558551777766366 0.24342853062671821 -0.042022410320992763 -0.23906531203200743 -0.0091402507949908431 0.066676466863644757 -0.089864667844917465 0.06606162326811052 0.22243902922866876 0.29239373193733686 -0.078989557736714636 0.10514675512973838 0.1840321439100403 0.08997950812995209 0.069936330707464939 -0.042122958049390258 -0.078050755369842267 -0.0011018862372826018 0.067051000763894003 -0.028440512204127699 0.053369127678844705 -0.024246391308220597 0.11745955525614588 0.0062583943551220572 0.053459763501054275 -0.26175229079678425 0.020866536723114795 -0.00062759778411477878
leaf_weight=11.730011802836314 11.588075553635912 1.0173034112463017 43.366033075049927 0.66682732233311792 2.3249827290819667 1.1176215633749986 20.118764728918904 10.038054647855459 1.0302518908802087 0.9052320784535367 0.25240643521283423 0.43556970199324485 0.20342073781193903 0.71687345838290628 0.25394276288443585 5.8139994084485807 14.854585121971011 26.486676880109371 27.191362789924369 688.54590661034308 15.274868064264409 59.527262697985407 78.128851205756291 259.61525714255163 5.2872251957487597 19.872486334650606 32.635189139662543 1.2326379756923405 140.78950927318374 2834.3108922003985
leaf_count=1351 23552 161 646 7 383 7 985 99 553 115 29 128 101 44 50 185 51347 379200 15462 81253 10876 236971 75971 520613 131 5589 55431 978 182078 60723
internal_value=-3.72418e-06 0.00992939 0.0059107 0.0134296 0.0667473 0.00713935 -0.0212407 0.0184248 0.0990405 0.173025 -0.0459664 0.0394295 0.174165 -0.00984836 -0.0516873 0.105768 -0.000239003 0.000856156 -0.00317477 0.00181429 -0.0111798 -0.00677222 0.0179918 -0.0191733 -0.000198411 0.000520297 0.0287753 -0.00939468 1.44207e-05 0.000389561
internal_weight=4315.33 99.8494 95.5407 83.4463 8.80581 74.6405 21.2364 53.4041 4.30865 1.92254 12.0944 2.38612 0.63899 1.74713 11.842 6.48083 4215.48 3070.18 1145.3 705.563 439.738 412.546 137.656 274.89 693.833 3055.33 53.7403 21.1051 3001.59 2975.1
internal_count=1705019 27045 25943 2312 575 1737 992 745 1102 276 23631 826 229 597 23602 192 1677974 735346 942628 82735 859893 844431 312942 531489 81384 683999 61998 6567 622001 242801
is_linear=0
shrinkage=0.08


Tree=145
num_leaves=31
num_cat=0
split_feature=16 14 6 15 2 6 7 4 11 4 4 6 11 15 11 9 7 7 11 5 10 7 2 5 2 10 2 6 7 14
split_gain=1.49767 4.51051 6.23699 7.20041 16.3851 19.9862 6.73245 4.91539 10.545 12.9276 10.2466 8.72087 7.73755 8.7357 7.02253 8.81783 6.24494 6.19931 5.53591 5.68978 5.02028 4.47258 2.82262 6.09518 4.46885 3.09038 2.70827 17.9314 10.0226 3.7852
threshold=1.0000000180025095e-35 1.0000000180025095e-35 0.71547618508338939 0.28849306702613836 0.19433516263961795 0.76533168554306041 0.84262126684188854 0.35416667163372045 1.0000000180025095e-35 0.077380955219268813 0.43650794029235845 0.46470099687576299 0.88194444775581371 0.72745248675346386 0.23611111193895343 0.33404864370822912 0.48792158067226415 0.32361441850662237 0.63333335518836986 0.66969698667526256 0.10762548446655275 0.54847925901412975 0.74646764993667614 0.30471627414226538 0.74443343281745922 0.2788888961076737 0.096006143838167204 0.26975052058696752 0.97718599438667308 0.13811445236206057
decision_type=2 2 2 2 2 2 2 2 2 2 2 2 2 2 2 2 2 2 2 2 2 2 2 2 2 2 2 2 2 2
left_child=1 2 22 -4 5 -5 -6 8 9 16 18 -11 13 -12 15 -10 -3 -16 19 -9 -20 -14 24 -24 25 -1 27 28 29 -2
right_child=26 7 3 4 6 -7 -8 10 14 11 12 -13 21 -15 17 -17 -18 -19 20 -21 -22 -23 23 -25 -26 -27 -28 -29 -30 -31
leaf_value=-0.068477241071235539 0.042199082222167554 -0.010757648095550394 0.081769935455357851 0.0044090234860135824 -0.37814152917861465 -1.2328467603000757 -0.0047148400283739183 -0.061136018319741976 0.034167703572208302 0.016615333039217618 0.023536191255164179 -0.04407389480200026 -0.042746711948207443 -0.0035918336177677853 0.14820784126262493 -0.070380618207819656 0.090123597182335702 0.00075113004062001725 0.69399269122650153 0.11757473490881706 0.08567635865636028 0.07475097886546124 0.59304167814851283 0.065751509837023492 -0.25350380142638057 0.036193790572472892 -0.00089788808684794573 -0.093661739711767014 0.071745376734039398 -0.018888036364084506
leaf_weight=1.959897704325164 7.4136269047476153 4.8051870358406203 1.3381281398724234 0.15391185441694721 0.37200580638955227 0.18280073411006015 1.8240405978867784 27.884583514706726 7.1352920589242812 242.1446491519855 81.501186283897596 16.165269848497246 2.476080798165639 1119.3684297024229 1.83121905538428 18.679383187114581 21.494648207808495 513.39582369282834 0.10217120539164071 1.1887904268951377 0.57809688468114473 12.748580642546584 0.14216855903032311 10.692015025406816 0.3664104828312692 22.879251736718288 2113.0050023316962 15.378771308589419 11.022247180895645 52.213247968760697
leaf_count=4730 501 6276 189 14 80 36 423 8869 633 89424 60520 18277 83 20232 310 3145 1389 54569 5 29 139 26689 14 2908 51 2355 1399659 1599 786 1085
internal_value=-3.18202e-06 0.00151865 0.0281574 -0.0683407 -0.147648 -0.667295 -0.0679726 0.00100541 0.00579238 0.0182577 -0.00216702 0.0128173 -0.00103218 -0.0017507 -0.000764898 -0.041483 0.0716918 0.00127522 -0.0485502 -0.0538287 0.177041 0.0556416 0.0385219 0.0726707 0.0238436 0.0279349 -0.00146437 -0.0153783 0.00166227 -0.0112929
internal_weight=4310.44 2111.41 39.9106 3.87089 2.53276 0.336713 2.19605 2071.5 825.651 284.61 1245.85 258.31 1216.09 1200.87 541.042 25.8147 26.2998 515.227 29.7536 29.0734 0.680268 15.2247 36.0397 10.8342 25.2056 24.8391 2199.03 86.0279 70.6491 59.6269
internal_count=1705019 301389 10800 742 553 50 503 290589 174023 115366 116566 107701 107524 80752 58657 3778 7665 54879 9042 8898 144 26772 10058 2922 7136 7085 1403630 3971 2372 1586
is_linear=0
shrinkage=0.08


Tree=146
num_leaves=31
num_cat=0
split_feature=6 2 0 7 5 6 2 6 2 0 6 0 7 15 8 6 0 2 10 8 15 6 2 15 5 5 5 9 5 5
split_gain=1.50567 11.9698 19.2197 8.25628 11.5224 7.94537 6.94934 5.8685 5.45113 7.77025 6.35602 5.2088 4.58701 3.87089 4.18536 3.75991 18.0417 7.82735 7.60035 6.31043 4.27877 4.00782 4.25258 20.7599 9.04958 3.81552 4.00968 3.54222 3.05507 2.83288
threshold=0.48610039055347448 0.56773442029953014 0.75147059559822094 0.68599441647529613 0.45972973108291632 0.48304596543312078 0.096006143838167204 0.61326980590820324 0.4712491780519486 0.56691542267799389 0.7245689630508424 0.88493064045906078 0.81872946023941051 0.9739694893360139 0.61655250191688549 0.47114317119121557 0.15535445511341098 0.68870675563812267 0.51190477609634411 0.61655250191688549 0.4080177396535874 0.46720430254936224 0.29679679870605474 0.4546744972467423 0.041960094124078758 0.59137290716171276 0.45972973108291632 0.40586884319782263 0.49561403691768652 0.23779761791229251
decision_type=2 2 2 2 2 2 2 2 2 2 2 2 2 2 2 2 2 2 2 2 2 2 2 2 2 2 2 2 2 2
left_child=5 3 29 4 7 15 12 -2 10 -10 -8 -4 -5 14 -13 21 18 20 -17 -19 -18 22 24 -24 -1 26 -23 -9 -15 -3
right_child=1 2 11 6 -6 -7 8 27 9 -11 -12 13 -14 28 -16 16 17 19 -20 -21 -22 25 23 -25 -26 -27 -28 -29 -30 -31
leaf_value=0.0053388575004599519 -0.05887284331727205 0.032391205226082763 -0.083249315429869894 0.027012128339141035 0.49215675674780818 -0.064328710235104267 -0.0045424082174799606 0.0047412464349383026 0.098192515820558379 -0.0089322275331558121 0.031451408207782625 0.0023451308109720495 -0.090844799574549523 0.010471554710191218 0.065076584252428904 -0.14992034573777599 -0.076197254647729085 0.18762790207769142 -0.6084449478953271 -0.0049641250661684394 0.030548796326809763 -0.083363950679809895 -0.049770956921682499 -0.00056356763398539983 0.10615435044660804 -0.29402975230915113 0.00024850629699222179 -0.039352378639492737 -0.067632976551921922 0.12310578527973083
leaf_weight=499.26441648708851 26.755525739142286 2.6463788583787382 3.4545815467963612 2.8950890598352981 0.27277681423129152 12.436652639783459 148.57829627217143 30.145931514110544 9.5826990092464275 7.9109193261683677 39.811804888100596 10.928888135984382 7.8284089230000973 70.964261862653075 18.046784721373115 0.7101028730503447 2.6653365508423148 3.5225275116154071 0.34316834947094321 1.5759826394787522 24.438117350192897 6.3384453658773028 55.807582949933931 3270.7287326827213 5.7642027819583737 0.37278771699129798 8.7213769942768504 19.01490344017293 3.3567617316148235 13.155974191490712
leaf_count=35403 123522 3098 4608 47 39 7657 2184 41603 440 676 1213 9598 102 1864 661 96 4350 296 6 149 15621 6699 555240 866275 3833 11 600 17074 81 1973
internal_value=9.43984e-07 0.00457954 0.0255711 -0.00420676 -0.0268579 -0.000487592 0.00376051 -0.0287227 0.00703077 0.0497488 0.00306404 0.0133819 -0.0590262 0.0166136 0.0414159 -0.000282974 0.0265013 0.0371581 -0.299313 0.128096 0.0200515 -0.00051451 -0.000350634 -0.00138909 0.00648953 -0.0412011 -0.0349427 -0.0123137 0.00694391 0.107914
internal_weight=4308.04 415.35 122.554 292.796 76.1891 3892.69 216.607 75.9164 205.884 17.4936 188.39 106.751 10.7235 103.297 28.9757 3880.25 33.2552 32.202 1.05327 5.09851 27.1035 3847 3831.56 3326.54 505.029 15.4326 15.0598 49.1608 74.321 15.8024
internal_count=1705019 208783 21883 186900 182238 1496236 4662 182199 4513 1116 3397 16812 149 12204 10259 1488579 20518 20416 102 445 19971 1468061 1460751 1421515 39236 7310 7299 58677 1945 5071
is_linear=0
shrinkage=0.08


Tree=147
num_leaves=31
num_cat=0
split_feature=8 14 15 7 5 2 15 6 10 7 7 15 14 2 5 11 9 7 10 10 14 8 5 16 8 14 15 8 2 14
split_gain=1.38824 4.37465 2.42699 4.25018 3.35702 2.15416 2.8774 1.75144 4.64752 8.00268 7.86422 5.02978 4.37339 4.13921 8.72517 2.9549 2.55973 2.16044 11.0492 10.9096 10.8084 14.864 9.4038 8.34037 8.17165 6.27924 5.13968 4.4675 4.36195 3.72064
threshold=0.98192706704139721 0.027907580137252811 0.97845596075057995 0.9832867980003358 0.85239651799201976 0.82891985774040233 0.88905301690101635 0.7245689630508424 0.56385868787765514 0.68599441647529613 0.92180705070495617 0.21062359958887103 0.21889881044626239 0.37952858209609991 0.15331196784973147 0.73214286565780651 0.67811349034309398 0.65733855962753307 0.26491229236125952 0.12973351776599887 0.29695235192775732 0.3661343008279801 0.9871794879436494 1.0000000180025095e-35 0.25068305432796484 0.29280610382556921 0.81823650002479564 0.38479596376419073 0.19433516263961795 0.43913836777210241
decision_type=2 2 2 2 2 2 2 2 2 2 2 2 2 2 2 2 2 2 2 2 2 2 2 2 2 2 2 2 2 2
left_child=7 2 4 -4 5 6 -2 17 9 13 -10 -11 -12 16 -15 -13 -9 18 20 24 23 -22 27 -1 28 -26 -24 -21 -19 -20
right_child=1 -3 3 -5 -6 -7 -8 8 10 11 12 15 -14 14 -16 -17 -18 19 29 22 21 -23 26 -25 25 -27 -28 -29 -30 -31
leaf_value=-0.0067509960275074134 0.0038109187200188904 0.083962139508749187 -0.13857206762788191 0.081387441453115453 -0.33638558292888993 0.06129581255285485 -0.060335997249260705 -0.04416753660966613 -0.16371213930624315 -0.039775620016885366 0.044152494607757657 0.047623228101719262 -0.098600101819871 0.20194474276681193 -0.085720525773168355 0.11179211362957067 0.20943495469251297 0.11351486667054023 0.051044415081618139 0.015016879085338903 0.00015099529949052376 0.028088315907173075 -0.041640626728198876 -0.049840869988555296 0.076515985045861906 -0.062957256074756482 0.062679798412407964 -0.0031056507550447357 -0.01388441201179272 -0.029967065227733611
leaf_weight=78.762336127886101 55.089887213107431 4.8915017399449416 0.63448826066451047 4.9356699547461176 0.1878902018070211 3.7252392458467503 4.8710774135834063 12.761313591662198 2.3459142114734259 3.4260404836386469 5.0892456196597777 18.29635621083435 1.8812120141228659 1.4652683560607322 1.2508770292320148 6.1320342727121888 0.25991056300699789 2.9012797931206924 36.009398656882695 91.927733644726686 2075.3143216198287 129.48870909793231 3.5295851371047346 45.273353268225037 2.188251287858292 36.941962635333766 21.041873781625327 1643.2878112298533 4.224369651870802 4.0348690838436587
leaf_count=140577 3321 1661 14 14146 53 2628 1200 10156 42 28 210 169 32 681 1328 65 3 21 2113 1395 309273 177505 247 936851 87 695 24004 76339 101 74
internal_value=3.72289e-07 0.0108381 0.00568743 0.0563322 0.00127093 0.00226711 -0.00140021 -0.000190182 0.0142739 0.0252352 -0.0370143 0.0509998 0.00562591 -0.0203671 0.0694651 0.063731 -0.0391055 -0.000373484 0.00121554 -0.00245771 0.000499088 0.00179176 -0.00144966 -0.0224789 -0.0408087 -0.0551576 0.0476946 -0.00214556 0.0379875 0.0428817
internal_weight=4302.17 74.3358 69.4443 5.57016 63.8741 63.6862 59.961 4227.83 52.9082 43.5918 9.31637 27.8544 6.97046 15.7374 2.71615 24.4284 13.0212 4174.93 2368.88 1806.04 2328.84 2204.8 1759.79 124.036 46.2559 39.1302 24.5715 1735.22 7.12565 40.0443
internal_count=1705019 23023 21362 14160 7202 7149 4521 1681996 12714 12430 284 262 242 12168 2009 234 10159 1669282 1566393 102889 1564206 486778 101985 1077428 904 782 24251 77734 122 2187
is_linear=0
shrinkage=0.08


Tree=148
num_leaves=31
num_cat=0
split_feature=0 5 6 2 2 5 6 2 0 6 0 6 4 5 0 6 11 1 4 11 2 6 1 2 1 14 14 1 0 5
split_gain=1.37351 9.4822 19.2152 17.134 13.3426 11.4702 28.4122 14.6269 11.9106 10.133 9.26837 9.86997 17.3106 9.93785 7.85767 7.71207 6.50783 5.79984 5.45591 5.39858 26.1473 5.08843 5.01935 4.82002 4.54798 4.37187 10.8995 4.25876 3.89646 3.81418
threshold=0.95713412761688244 0.75204917788505565 0.033908046782016761 0.91458967328071605 0.94609123468399059 0.6900656819343568 0.18257576227188113 0.88067796826362621 0.88303694128990184 0.15184453129768374 0.91476997733116161 0.064866758882999434 0.77500000596046459 0.6900656819343568 0.97100839018821727 0.033908046782016761 0.88194444775581371 0.8521554470062257 0.13392857462167743 0.73214286565780651 0.65142410993576061 0.084219858050346388 0.77459675073623668 0.86391696333885204 0.87226107716560375 0.60386699438095104 0.61437177658081066 0.80735492706298839 0.90070420503616344 0.77913278341293346
decision_type=2 2 2 2 2 2 2 2 2 2 2 2 2 2 2 2 2 2 2 2 2 2 2 2 2 2 2 2 2 2
left_child=1 3 17 5 9 7 23 8 -1 21 -5 12 -12 -13 24 -9 18 -3 -16 22 -21 -4 -20 -7 -2 -18 -27 -8 -19 -30
right_child=14 2 4 10 -6 6 27 15 -10 -11 11 13 -14 -15 16 -17 25 28 19 20 -22 -23 -24 -25 -26 26 -28 -29 29 -31
leaf_value=-7.9234722840601964e-06 0.098063356098908441 0.048601097120655926 -0.071865605576788921 0.10049291063396561 0.073345037294597612 -0.028079098588678977 -0.032240793205872233 -0.0071035790383080222 -0.018391439640292689 0.083809330918400912 0.059806825089007677 -0.051609156238020752 -0.19397161994609577 0.023246751889679257 0.14043156988597397 0.046958381507645516 0.062754434049671348 -0.27561528115978584 0.0087982998550636717 -1.3346771559864994 -0.027622166373820308 -0.0091351175013706584 -0.0019023145910931414 -0.080234424482279895 0.023750876337606527 -0.98846871909007061 -0.030329055947653595 0.11376855075084003 -0.033548470533984603 -0.10745000666525791
leaf_weight=2103.8211296306745 7.6010180018029159 1.9561889219907183 15.76059000860789 10.974055521737681 12.122833228239243 17.851052902344236 1.52406248052557 23.376326063417764 252.64437182787378 4.9467467237369496 44.218637807754021 16.777275549229671 1.7898481129532218 35.092178827989301 1.7846429852070276 60.839213407146872 14.916664368556663 0.73765581800671753 365.45816243988247 0.11291824997169797 0.73911222613241989 17.425930562071983 1207.5253854277298 31.093943736902929 17.192842504986857 0.083206646588224298 0.87546565277443733 7.9349994120102565 5.9651687621039882 17.828103795544166
leaf_count=1481340 397 265 1530 1332 1096 2160 149 1621 49165 357 4132 1183 333 2226 52 4333 44418 59 32944 26 647 1435 65514 3016 2386 44 546 457 413 1443
internal_value=4.9539e-07 -0.00110877 -0.0288245 -0.000293185 0.000236805 -0.0016465 -0.0366829 -0.000808097 -0.00197888 -0.0230048 0.0307769 0.0229604 0.0499342 -0.000965537 0.001843 0.031952 0.00114678 -0.0839649 0.000633282 0.000474759 -0.200844 -0.0389264 0.000583806 -0.0612125 0.0465327 0.0521115 -0.113489 0.0902432 -0.0945362 -0.0889223
internal_weight=4300.97 2684.68 76.7432 2607.94 50.2561 2499.09 58.4041 2440.68 2356.47 38.1333 108.852 97.8779 46.0085 51.8695 1616.29 84.2155 1591.5 26.4871 1575.62 1573.84 0.85203 33.1865 1572.98 48.945 24.7939 15.8753 0.958672 9.45906 24.5309 23.7933
internal_count=1705019 1558045 6598 1551447 4418 1542241 5782 1536459 1530505 3322 9206 7874 4465 3409 146974 5954 144191 2180 99183 99131 673 2965 98458 5176 2783 45008 590 606 1915 1856
is_linear=0
shrinkage=0.08


Tree=149
num_leaves=31
num_cat=0
split_feature=6 5 5 1 2 0 1 2 5 1 0 15 9 1 2 8 0 4 6 2 5 1 4 5 1 0 2 2 5 5
split_gain=1.43847 8.35237 8.35108 31.3737 12.0623 22.9783 21.1482 16.7698 14.6527 13.2882 10.5714 9.62915 9.45723 9.71076 33.9706 11.393 8.62931 14.37 19.7108 16.9294 12.2116 7.9819 13.849 12.302 12.1224 47.3161 15.7516 11.9607 17.1525 14.7843
threshold=0.096006143838167204 0.84495192766189586 0.54631218314170849 0.83424907922744762 0.73097601532936107 0.72613638639450084 0.65345367789268505 0.58380147814750682 0.28679654002189642 0.74873736500740062 0.8589511811733247 0.68563532829284679 0.50714430212974559 0.74873736500740062 0.74646764993667614 0.52011558413505565 0.95713412761688244 0.77500000596046459 0.056079665198922164 0.72255688905715953 0.80217391252517711 0.90054944157600414 0.84523808956146251 0.72821971774101268 0.85880398750305187 0.99532711505889904 0.8841681480407716 0.92403846979141246 0.79008570313453685 0.77913278341293346
decision_type=2 2 2 2 2 2 2 2 2 2 2 2 2 2 2 2 2 2 2 2 2 2 2 2 2 2 2 2 2 2
left_child=2 21 3 4 5 7 -7 -1 9 -6 -10 12 13 14 -4 -15 17 19 -19 -13 -18 23 27 24 26 -26 -2 28 -23 -29
right_child=1 -3 11 -5 8 6 -8 -9 10 -11 -12 16 -14 15 -16 -17 20 18 -20 -21 -22 22 -24 -25 25 -27 -28 29 -30 -31
leaf_value=0.0046918528458823397 -0.0019021855237739949 0.020671046076049592 1.2787147193650568 0.056428970034147902 -0.10187725775938437 0.096060155707530778 0.019263869390508899 -0.046772202651355212 -0.035357527723565686 0.16041920552690292 0.030646794605578093 -0.093458328673735491 0.16111959741108428 0.011141357725417951 0.022069541135263545 1.0094232369524103 0.033127411469230185 -0.079104647061669878 0.025552573549948374 -0.0020621274626192476 -0.0038408751023438713 -0.08094898941650959 -0.0029765305241223005 0.016530244140259484 0.0067635249715658468 -0.13274846329430479 0.087113230178005208 -0.040278589066061764 0.0095163761947165276 -0.2485953841777582
leaf_weight=254.91822620307369 2258.9849899121928 109.40148827218673 0.17628502967996595 77.863121681331904 1.637360374594208 29.612524123140702 101.99331295844331 48.182212734209315 104.15664595717089 5.0443554904441044 18.251038273320319 13.727163922536418 3.7623248771350388 22.161690824072174 0.6286093844091738 0.073408658550760175 68.160803859365842 43.016268532242975 15.7282703538076 235.39647836473159 355.1833752234561 26.032634162822269 135.52411067125087 241.08384801569991 53.17753049425437 21.993067384855749 12.79461913037221 4.7960225413206583 27.671530226351024 3.9979262420838495
leaf_count=142134 1276672 7859 421 6691 974 9425 21592 77117 34617 385 2329 300 606 30869 2879 104 7314 527 884 9290 35529 1750 9185 15495 4565 2008 1114 465 1722 197
internal_value=5.93821e-06 -0.00101197 0.00211164 0.00882801 0.00225407 0.0086307 0.0365437 -0.00348911 -0.0192191 0.0961432 -0.0255163 -0.00357376 0.0435219 0.0243187 0.297295 0.0144372 -0.00530003 -0.0154911 -0.0510837 -0.00709822 0.00211123 -0.0018634 -0.0173436 -0.000678944 -0.00244671 -0.0340543 -0.00140085 -0.0484979 -0.0343359 -0.134984
internal_weight=4295.13 2895.46 1399.67 641.659 563.796 434.706 131.606 303.1 129.089 6.68172 122.408 758.015 26.8023 23.04 0.804894 22.2351 731.212 307.868 58.7445 249.124 423.344 2786.06 198.022 2588.03 2346.95 75.1706 2271.78 62.4981 53.7042 8.79395
internal_count=1705019 1321032 383987 295264 288573 250268 31017 219251 38305 1359 36946 88723 34879 34273 3300 30973 53844 11001 1411 9590 42843 1313173 13319 1299854 1284359 6573 1277786 4134 3472 662
is_linear=0
shrinkage=0.08


end of trees

feature_importances:
name_ratio=441
name_len_diff=424
name_token_sort=395
name_jaccard=388
name_ngram_jaccard=386
num_overlap=378
addr_token_set=344
addr_jaccard=338
composite_score=307
name_token_set=283
addr_len_diff=276
addr_ratio=179
is_s2=178
addr_token_sort=164
has_matching_digits=17
addr_missing=2

parameters:
[boosting: gbdt]
[objective: binary]
[metric: binary_logloss]
[tree_learner: serial]
[device_type: cpu]
[data_sample_strategy: bagging]
[data: ]
[valid: ]
[num_iterations: 150]
[learning_rate: 0.08]
[num_leaves: 31]
[num_threads: 4]
[seed: 0]
[deterministic: 0]
[force_col_wise: 0]
[force_row_wise: 0]
[histogram_pool_size: -1]
[max_depth: 6]
[min_data_in_leaf: 20]
[min_sum_hessian_in_leaf: 0.001]
[bagging_fraction: 1]
[pos_bagging_fraction: 1]
[neg_bagging_fraction: 1]
[bagging_freq: 0]
[bagging_seed: 3]
[bagging_by_query: 0]
[feature_fraction: 0.9]
[feature_fraction_bynode: 1]
[feature_fraction_seed: 2]
[extra_trees: 0]
[extra_seed: 6]
[early_stopping_round: 0]
[early_stopping_min_delta: 0]
[first_metric_only: 0]
[max_delta_step: 0]
[lambda_l1: 0]
[lambda_l2: 0]
[linear_lambda: 0]
[min_gain_to_split: 0]
[drop_rate: 0.1]
[max_drop: 50]
[skip_drop: 0.5]
[xgboost_dart_mode: 0]
[uniform_drop: 0]
[drop_seed: 4]
[top_rate: 0.2]
[other_rate: 0.1]
[min_data_per_group: 100]
[max_cat_threshold: 32]
[cat_l2: 10]
[cat_smooth: 10]
[max_cat_to_onehot: 4]
[top_k: 20]
[monotone_constraints: ]
[monotone_constraints_method: basic]
[monotone_penalty: 0]
[feature_contri: ]
[forcedsplits_filename: ]
[refit_decay_rate: 0.9]
[cegb_tradeoff: 1]
[cegb_penalty_split: 0]
[cegb_penalty_feature_lazy: ]
[cegb_penalty_feature_coupled: ]
[path_smooth: 0]
[interaction_constraints: ]
[verbosity: -1]
[saved_feature_importance_type: 0]
[use_quantized_grad: 0]
[num_grad_quant_bins: 4]
[quant_train_renew_leaf: 0]
[stochastic_rounding: 1]
[linear_tree: 0]
[max_bin: 255]
[max_bin_by_feature: ]
[min_data_in_bin: 3]
[bin_construct_sample_cnt: 200000]
[data_random_seed: 1]
[is_enable_sparse: 1]
[enable_bundle: 1]
[use_missing: 1]
[zero_as_missing: 0]
[feature_pre_filter: 1]
[pre_partition: 0]
[two_round: 0]
[header: 0]
[label_column: ]
[weight_column: ]
[group_column: ]
[ignore_column: ]
[categorical_feature: ]
[forcedbins_filename: ]
[precise_float_parser: 0]
[parser_config_file: ]
[objective_seed: 5]
[num_class: 1]
[is_unbalance: 0]
[scale_pos_weight: 1]
[sigmoid: 1]
[boost_from_average: 1]
[reg_sqrt: 0]
[alpha: 0.9]
[fair_c: 1]
[poisson_max_delta_step: 0.7]
[tweedie_variance_power: 1.5]
[lambdarank_truncation_level: 30]
[lambdarank_norm: 1]
[label_gain: ]
[lambdarank_position_bias_regularization: 0]
[eval_at: ]
[multi_error_top_k: 1]
[auc_mu_weights: ]
[num_machines: 1]
[local_listen_port: 12400]
[time_out: 120]
[machine_list_filename: ]
[machines: ]
[gpu_platform_id: -1]
[gpu_device_id: -1]
[gpu_device_id_list: ]
[gpu_use_dp: 0]
[num_gpu: 1]

end of parameters

pandas_categorical:null
